origin,destination,date,ridership
A0: All Stations,BRT01: Sunway-Setia Jaya,2026-01-01,620
A0: All Stations,BRT01: Sunway-Setia Jaya,2026-01-02,928
A0: All Stations,BRT01: Sunway-Setia Jaya,2026-01-03,696
A0: All Stations,BRT01: Sunway-Setia Jaya,2026-01-04,562
A0: All Stations,BRT01: Sunway-Setia Jaya,2026-01-05,1218
A0: All Stations,BRT01: Sunway-Setia Jaya,2026-01-06,1250
A0: All Stations,BRT01: Sunway-Setia Jaya,2026-01-07,1295
A0: All Stations,BRT01: Sunway-Setia Jaya,2026-01-08,1172
A0: All Stations,BRT01: Sunway-Setia Jaya,2026-01-09,1185
A0: All Stations,BRT01: Sunway-Setia Jaya,2026-01-10,833
A0: All Stations,BRT01: Sunway-Setia Jaya,2026-01-11,600
A0: All Stations,BRT01: Sunway-Setia Jaya,2026-01-12,1493
A0: All Stations,BRT01: Sunway-Setia Jaya,2026-01-13,1570
A0: All Stations,BRT01: Sunway-Setia Jaya,2026-01-14,1582
A0: All Stations,BRT01: Sunway-Setia Jaya,2026-01-15,1580
A0: All Stations,BRT01: Sunway-Setia Jaya,2026-01-16,1496
A0: All Stations,BRT01: Sunway-Setia Jaya,2026-01-17,892
A0: All Stations,BRT01: Sunway-Setia Jaya,2026-01-18,595
A0: All Stations,BRT01: Sunway-Setia Jaya,2026-01-19,1509
A0: All Stations,BRT01: Sunway-Setia Jaya,2026-01-20,1546
A0: All Stations,BRT01: Sunway-Setia Jaya,2026-01-21,1615
A0: All Stations,BRT01: Sunway-Setia Jaya,2026-01-22,1527
A0: All Stations,BRT01: Sunway-Setia Jaya,2026-01-23,1504
A0: All Stations,BRT01: Sunway-Setia Jaya,2026-01-24,879
A0: All Stations,BRT01: Sunway-Setia Jaya,2026-01-25,610
A0: All Stations,BRT01: Sunway-Setia Jaya,2026-01-26,1477
A0: All Stations,BRT01: Sunway-Setia Jaya,2026-01-27,1506
A0: All Stations,BRT01: Sunway-Setia Jaya,2026-01-28,1511
A0: All Stations,BRT01: Sunway-Setia Jaya,2026-01-29,1501
A0: All Stations,BRT01: Sunway-Setia Jaya,2026-01-30,1521
A0: All Stations,BRT01: Sunway-Setia Jaya,2026-01-31,918
A0: All Stations,BRT01: Sunway-Setia Jaya,2026-02-01,720
A0: All Stations,BRT01: Sunway-Setia Jaya,2026-02-02,754
A0: All Stations,BRT01: Sunway-Setia Jaya,2026-02-03,1577
A0: All Stations,BRT01: Sunway-Setia Jaya,2026-02-04,1656
A0: All Stations,BRT01: Sunway-Setia Jaya,2026-02-05,1670
A0: All Stations,BRT01: Sunway-Setia Jaya,2026-02-06,1660
A0: All Stations,BRT01: Sunway-Setia Jaya,2026-02-07,1052
A0: All Stations,BRT01: Sunway-Setia Jaya,2026-02-08,794
A0: All Stations,BRT01: Sunway-Setia Jaya,2026-02-09,1683
A0: All Stations,BRT01: Sunway-Setia Jaya,2026-02-10,1769
A0: All Stations,BRT01: Sunway-Setia Jaya,2026-02-11,1820
A0: All Stations,BRT01: Sunway-Setia Jaya,2026-02-12,1800
A0: All Stations,BRT01: Sunway-Setia Jaya,2026-02-13,1637
A0: All Stations,BRT01: Sunway-Setia Jaya,2026-02-14,851
A0: All Stations,BRT01: Sunway-Setia Jaya,2026-02-15,669
A0: All Stations,BRT01: Sunway-Setia Jaya,2026-02-16,928
A0: All Stations,BRT01: Sunway-Setia Jaya,2026-02-17,561
A0: All Stations,BRT01: Sunway-Setia Jaya,2026-02-18,646
A0: All Stations,BRT01: Sunway-Setia Jaya,2026-02-19,821
A0: All Stations,BRT01: Sunway-Setia Jaya,2026-02-20,876
A0: All Stations,BRT01: Sunway-Setia Jaya,2026-02-21,659
A0: All Stations,BRT01: Sunway-Setia Jaya,2026-02-22,571
A0: All Stations,BRT01: Sunway-Setia Jaya,2026-02-23,1592
A0: All Stations,BRT01: Sunway-Setia Jaya,2026-02-24,1596
A0: All Stations,BRT01: Sunway-Setia Jaya,2026-02-25,1704
A0: All Stations,BRT01: Sunway-Setia Jaya,2026-02-26,1675
A0: All Stations,BRT01: Sunway-Setia Jaya,2026-02-27,1627
A0: All Stations,BRT01: Sunway-Setia Jaya,2026-02-28,969
A0: All Stations,BRT01: Sunway-Setia Jaya,2026-03-01,693
A0: All Stations,BRT01: Sunway-Setia Jaya,2026-03-02,1802
A0: All Stations,BRT01: Sunway-Setia Jaya,2026-03-03,1825
A0: All Stations,BRT01: Sunway-Setia Jaya,2026-03-04,1781
A0: All Stations,BRT01: Sunway-Setia Jaya,2026-03-05,1792
A0: All Stations,BRT01: Sunway-Setia Jaya,2026-03-06,1658
A0: All Stations,BRT01: Sunway-Setia Jaya,2026-03-07,808
A0: All Stations,BRT01: Sunway-Setia Jaya,2026-03-08,717
A0: All Stations,BRT01: Sunway-Setia Jaya,2026-03-09,1628
A0: All Stations,BRT01: Sunway-Setia Jaya,2026-03-10,1628
A0: All Stations,BRT01: Sunway-Setia Jaya,2026-03-11,1670
A0: All Stations,BRT01: Sunway-Setia Jaya,2026-03-12,1593
A0: All Stations,BRT01: Sunway-Setia Jaya,2026-03-13,1446
A0: All Stations,BRT01: Sunway-Setia Jaya,2026-03-14,906
A0: All Stations,BRT01: Sunway-Setia Jaya,2026-03-15,734
A0: All Stations,BRT01: Sunway-Setia Jaya,2026-03-16,1701
A0: All Stations,BRT01: Sunway-Setia Jaya,2026-03-17,1670
A0: All Stations,BRT01: Sunway-Setia Jaya,2026-03-18,1659
A0: All Stations,BRT01: Sunway-Setia Jaya,2026-03-19,1419
A0: All Stations,BRT01: Sunway-Setia Jaya,2026-03-20,681
A0: All Stations,BRT01: Sunway-Setia Jaya,2026-03-21,671
A0: All Stations,BRT01: Sunway-Setia Jaya,2026-03-22,641
A0: All Stations,BRT01: Sunway-Setia Jaya,2026-03-23,599
A0: All Stations,BRT01: Sunway-Setia Jaya,2026-03-24,1216
A0: All Stations,BRT01: Sunway-Setia Jaya,2026-03-25,1289
A0: All Stations,BRT01: Sunway-Setia Jaya,2026-03-26,1383
A0: All Stations,BRT01: Sunway-Setia Jaya,2026-03-27,1330
A0: All Stations,BRT01: Sunway-Setia Jaya,2026-03-28,839
A0: All Stations,BRT01: Sunway-Setia Jaya,2026-03-29,618
A0: All Stations,BRT01: Sunway-Setia Jaya,2026-03-30,1528
A0: All Stations,BRT01: Sunway-Setia Jaya,2026-03-31,1561
A0: All Stations,BRT01: Sunway-Setia Jaya,2026-04-01,1613
A0: All Stations,BRT01: Sunway-Setia Jaya,2026-04-02,1612
A0: All Stations,BRT01: Sunway-Setia Jaya,2026-04-03,1439
A0: All Stations,BRT01: Sunway-Setia Jaya,2026-04-04,899
A0: All Stations,BRT01: Sunway-Setia Jaya,2026-04-05,678
A0: All Stations,BRT01: Sunway-Setia Jaya,2026-04-06,1471
A0: All Stations,BRT01: Sunway-Setia Jaya,2026-04-07,1542
A0: All Stations,BRT01: Sunway-Setia Jaya,2026-04-08,1532
A0: All Stations,BRT01: Sunway-Setia Jaya,2026-04-09,1485
A0: All Stations,BRT01: Sunway-Setia Jaya,2026-04-10,1368
A0: All Stations,BRT01: Sunway-Setia Jaya,2026-04-11,927
A0: All Stations,BRT01: Sunway-Setia Jaya,2026-04-12,689
A0: All Stations,BRT01: Sunway-Setia Jaya,2026-04-13,1514
A0: All Stations,BRT01: Sunway-Setia Jaya,2026-04-14,1641
A0: All Stations,BRT01: Sunway-Setia Jaya,2026-04-15,1692
A0: All Stations,BRT01: Sunway-Setia Jaya,2026-04-16,1652
A0: All Stations,BRT01: Sunway-Setia Jaya,2026-04-17,1508
A0: All Stations,BRT01: Sunway-Setia Jaya,2026-04-18,1090
A0: All Stations,BRT01: Sunway-Setia Jaya,2026-04-19,798
A0: All Stations,BRT01: Sunway-Setia Jaya,2026-04-20,1564
A0: All Stations,BRT01: Sunway-Setia Jaya,2026-04-21,1551
A0: All Stations,BRT01: Sunway-Setia Jaya,2026-04-22,1575
A0: All Stations,BRT01: Sunway-Setia Jaya,2026-04-23,1579
A0: All Stations,BRT01: Sunway-Setia Jaya,2026-04-24,1476
A0: All Stations,BRT01: Sunway-Setia Jaya,2026-04-25,892
A0: All Stations,BRT01: Sunway-Setia Jaya,2026-04-26,699
A0: All Stations,BRT01: Sunway-Setia Jaya,2026-04-27,1491
A0: All Stations,BRT01: Sunway-Setia Jaya,2026-04-28,1518
A0: All Stations,BRT01: Sunway-Setia Jaya,2026-04-29,1524
A0: All Stations,BRT01: Sunway-Setia Jaya,2026-04-30,1561
A0: All Stations,BRT01: Sunway-Setia Jaya,2026-05-01,770
A0: All Stations,BRT01: Sunway-Setia Jaya,2026-05-02,814
A0: All Stations,BRT01: Sunway-Setia Jaya,2026-05-03,657
A0: All Stations,BRT01: Sunway-Setia Jaya,2026-05-04,1484
A0: All Stations,BRT01: Sunway-Setia Jaya,2026-05-05,1533
A0: All Stations,BRT01: Sunway-Setia Jaya,2026-05-06,1601
A0: All Stations,BRT01: Sunway-Setia Jaya,2026-05-07,1540
A0: All Stations,BRT01: Sunway-Setia Jaya,2026-05-08,1452
A0: All Stations,BRT01: Sunway-Setia Jaya,2026-05-09,940
A0: All Stations,BRT01: Sunway-Setia Jaya,2026-05-10,726
A0: All Stations,BRT01: Sunway-Setia Jaya,2026-05-11,1596
A0: All Stations,BRT01: Sunway-Setia Jaya,2026-05-12,1587
A0: All Stations,BRT01: Sunway-Setia Jaya,2026-05-13,1634
A0: All Stations,BRT01: Sunway-Setia Jaya,2026-05-14,1626
A0: All Stations,BRT01: Sunway-Setia Jaya,2026-05-15,1471
A0: All Stations,BRT02: Mentari,2026-01-01,731
A0: All Stations,BRT02: Mentari,2026-01-02,1043
A0: All Stations,BRT02: Mentari,2026-01-03,869
A0: All Stations,BRT02: Mentari,2026-01-04,833
A0: All Stations,BRT02: Mentari,2026-01-05,1194
A0: All Stations,BRT02: Mentari,2026-01-06,1230
A0: All Stations,BRT02: Mentari,2026-01-07,1477
A0: All Stations,BRT02: Mentari,2026-01-08,1161
A0: All Stations,BRT02: Mentari,2026-01-09,1263
A0: All Stations,BRT02: Mentari,2026-01-10,990
A0: All Stations,BRT02: Mentari,2026-01-11,879
A0: All Stations,BRT02: Mentari,2026-01-12,1279
A0: All Stations,BRT02: Mentari,2026-01-13,1243
A0: All Stations,BRT02: Mentari,2026-01-14,1569
A0: All Stations,BRT02: Mentari,2026-01-15,1334
A0: All Stations,BRT02: Mentari,2026-01-16,1359
A0: All Stations,BRT02: Mentari,2026-01-17,941
A0: All Stations,BRT02: Mentari,2026-01-18,883
A0: All Stations,BRT02: Mentari,2026-01-19,1240
A0: All Stations,BRT02: Mentari,2026-01-20,1332
A0: All Stations,BRT02: Mentari,2026-01-21,1582
A0: All Stations,BRT02: Mentari,2026-01-22,1329
A0: All Stations,BRT02: Mentari,2026-01-23,1350
A0: All Stations,BRT02: Mentari,2026-01-24,965
A0: All Stations,BRT02: Mentari,2026-01-25,849
A0: All Stations,BRT02: Mentari,2026-01-26,1226
A0: All Stations,BRT02: Mentari,2026-01-27,1319
A0: All Stations,BRT02: Mentari,2026-01-28,1543
A0: All Stations,BRT02: Mentari,2026-01-29,1274
A0: All Stations,BRT02: Mentari,2026-01-30,1378
A0: All Stations,BRT02: Mentari,2026-01-31,1016
A0: All Stations,BRT02: Mentari,2026-02-01,982
A0: All Stations,BRT02: Mentari,2026-02-02,872
A0: All Stations,BRT02: Mentari,2026-02-03,1387
A0: All Stations,BRT02: Mentari,2026-02-04,1648
A0: All Stations,BRT02: Mentari,2026-02-05,1433
A0: All Stations,BRT02: Mentari,2026-02-06,1516
A0: All Stations,BRT02: Mentari,2026-02-07,1213
A0: All Stations,BRT02: Mentari,2026-02-08,1215
A0: All Stations,BRT02: Mentari,2026-02-09,1483
A0: All Stations,BRT02: Mentari,2026-02-10,1491
A0: All Stations,BRT02: Mentari,2026-02-11,1715
A0: All Stations,BRT02: Mentari,2026-02-12,1508
A0: All Stations,BRT02: Mentari,2026-02-13,1512
A0: All Stations,BRT02: Mentari,2026-02-14,1039
A0: All Stations,BRT02: Mentari,2026-02-15,952
A0: All Stations,BRT02: Mentari,2026-02-16,1056
A0: All Stations,BRT02: Mentari,2026-02-17,712
A0: All Stations,BRT02: Mentari,2026-02-18,901
A0: All Stations,BRT02: Mentari,2026-02-19,933
A0: All Stations,BRT02: Mentari,2026-02-20,1063
A0: All Stations,BRT02: Mentari,2026-02-21,776
A0: All Stations,BRT02: Mentari,2026-02-22,725
A0: All Stations,BRT02: Mentari,2026-02-23,1278
A0: All Stations,BRT02: Mentari,2026-02-24,1377
A0: All Stations,BRT02: Mentari,2026-02-25,1546
A0: All Stations,BRT02: Mentari,2026-02-26,1434
A0: All Stations,BRT02: Mentari,2026-02-27,1486
A0: All Stations,BRT02: Mentari,2026-02-28,1023
A0: All Stations,BRT02: Mentari,2026-03-01,949
A0: All Stations,BRT02: Mentari,2026-03-02,1500
A0: All Stations,BRT02: Mentari,2026-03-03,1547
A0: All Stations,BRT02: Mentari,2026-03-04,1739
A0: All Stations,BRT02: Mentari,2026-03-05,1556
A0: All Stations,BRT02: Mentari,2026-03-06,1599
A0: All Stations,BRT02: Mentari,2026-03-07,930
A0: All Stations,BRT02: Mentari,2026-03-08,938
A0: All Stations,BRT02: Mentari,2026-03-09,1450
A0: All Stations,BRT02: Mentari,2026-03-10,1574
A0: All Stations,BRT02: Mentari,2026-03-11,1711
A0: All Stations,BRT02: Mentari,2026-03-12,1477
A0: All Stations,BRT02: Mentari,2026-03-13,1584
A0: All Stations,BRT02: Mentari,2026-03-14,1025
A0: All Stations,BRT02: Mentari,2026-03-15,942
A0: All Stations,BRT02: Mentari,2026-03-16,1512
A0: All Stations,BRT02: Mentari,2026-03-17,1430
A0: All Stations,BRT02: Mentari,2026-03-18,1623
A0: All Stations,BRT02: Mentari,2026-03-19,1336
A0: All Stations,BRT02: Mentari,2026-03-20,885
A0: All Stations,BRT02: Mentari,2026-03-21,833
A0: All Stations,BRT02: Mentari,2026-03-22,782
A0: All Stations,BRT02: Mentari,2026-03-23,731
A0: All Stations,BRT02: Mentari,2026-03-24,1158
A0: All Stations,BRT02: Mentari,2026-03-25,1383
A0: All Stations,BRT02: Mentari,2026-03-26,1232
A0: All Stations,BRT02: Mentari,2026-03-27,1333
A0: All Stations,BRT02: Mentari,2026-03-28,886
A0: All Stations,BRT02: Mentari,2026-03-29,848
A0: All Stations,BRT02: Mentari,2026-03-30,1352
A0: All Stations,BRT02: Mentari,2026-03-31,1364
A0: All Stations,BRT02: Mentari,2026-04-01,1612
A0: All Stations,BRT02: Mentari,2026-04-02,1384
A0: All Stations,BRT02: Mentari,2026-04-03,1521
A0: All Stations,BRT02: Mentari,2026-04-04,1003
A0: All Stations,BRT02: Mentari,2026-04-05,995
A0: All Stations,BRT02: Mentari,2026-04-06,1319
A0: All Stations,BRT02: Mentari,2026-04-07,1361
A0: All Stations,BRT02: Mentari,2026-04-08,1501
A0: All Stations,BRT02: Mentari,2026-04-09,1403
A0: All Stations,BRT02: Mentari,2026-04-10,1397
A0: All Stations,BRT02: Mentari,2026-04-11,1002
A0: All Stations,BRT02: Mentari,2026-04-12,902
A0: All Stations,BRT02: Mentari,2026-04-13,1363
A0: All Stations,BRT02: Mentari,2026-04-14,1459
A0: All Stations,BRT02: Mentari,2026-04-15,1708
A0: All Stations,BRT02: Mentari,2026-04-16,1405
A0: All Stations,BRT02: Mentari,2026-04-17,1551
A0: All Stations,BRT02: Mentari,2026-04-18,1163
A0: All Stations,BRT02: Mentari,2026-04-19,991
A0: All Stations,BRT02: Mentari,2026-04-20,1435
A0: All Stations,BRT02: Mentari,2026-04-21,1464
A0: All Stations,BRT02: Mentari,2026-04-22,1704
A0: All Stations,BRT02: Mentari,2026-04-23,1422
A0: All Stations,BRT02: Mentari,2026-04-24,1457
A0: All Stations,BRT02: Mentari,2026-04-25,1011
A0: All Stations,BRT02: Mentari,2026-04-26,984
A0: All Stations,BRT02: Mentari,2026-04-27,1402
A0: All Stations,BRT02: Mentari,2026-04-28,1471
A0: All Stations,BRT02: Mentari,2026-04-29,1653
A0: All Stations,BRT02: Mentari,2026-04-30,1520
A0: All Stations,BRT02: Mentari,2026-05-01,963
A0: All Stations,BRT02: Mentari,2026-05-02,990
A0: All Stations,BRT02: Mentari,2026-05-03,906
A0: All Stations,BRT02: Mentari,2026-05-04,1494
A0: All Stations,BRT02: Mentari,2026-05-05,1544
A0: All Stations,BRT02: Mentari,2026-05-06,1709
A0: All Stations,BRT02: Mentari,2026-05-07,1512
A0: All Stations,BRT02: Mentari,2026-05-08,1575
A0: All Stations,BRT02: Mentari,2026-05-09,1146
A0: All Stations,BRT02: Mentari,2026-05-10,1063
A0: All Stations,BRT02: Mentari,2026-05-11,1502
A0: All Stations,BRT02: Mentari,2026-05-12,1485
A0: All Stations,BRT02: Mentari,2026-05-13,1764
A0: All Stations,BRT02: Mentari,2026-05-14,1457
A0: All Stations,BRT02: Mentari,2026-05-15,1526
A0: All Stations,BRT03: Sunway Lagoon,2026-01-01,2948
A0: All Stations,BRT03: Sunway Lagoon,2026-01-02,2823
A0: All Stations,BRT03: Sunway Lagoon,2026-01-03,2514
A0: All Stations,BRT03: Sunway Lagoon,2026-01-04,2291
A0: All Stations,BRT03: Sunway Lagoon,2026-01-05,2840
A0: All Stations,BRT03: Sunway Lagoon,2026-01-06,2989
A0: All Stations,BRT03: Sunway Lagoon,2026-01-07,3019
A0: All Stations,BRT03: Sunway Lagoon,2026-01-08,2840
A0: All Stations,BRT03: Sunway Lagoon,2026-01-09,3264
A0: All Stations,BRT03: Sunway Lagoon,2026-01-10,2727
A0: All Stations,BRT03: Sunway Lagoon,2026-01-11,2220
A0: All Stations,BRT03: Sunway Lagoon,2026-01-12,2833
A0: All Stations,BRT03: Sunway Lagoon,2026-01-13,3115
A0: All Stations,BRT03: Sunway Lagoon,2026-01-14,3074
A0: All Stations,BRT03: Sunway Lagoon,2026-01-15,3092
A0: All Stations,BRT03: Sunway Lagoon,2026-01-16,3488
A0: All Stations,BRT03: Sunway Lagoon,2026-01-17,3087
A0: All Stations,BRT03: Sunway Lagoon,2026-01-18,2452
A0: All Stations,BRT03: Sunway Lagoon,2026-01-19,2988
A0: All Stations,BRT03: Sunway Lagoon,2026-01-20,3157
A0: All Stations,BRT03: Sunway Lagoon,2026-01-21,3606
A0: All Stations,BRT03: Sunway Lagoon,2026-01-22,3174
A0: All Stations,BRT03: Sunway Lagoon,2026-01-23,3360
A0: All Stations,BRT03: Sunway Lagoon,2026-01-24,2861
A0: All Stations,BRT03: Sunway Lagoon,2026-01-25,2360
A0: All Stations,BRT03: Sunway Lagoon,2026-01-26,2824
A0: All Stations,BRT03: Sunway Lagoon,2026-01-27,2873
A0: All Stations,BRT03: Sunway Lagoon,2026-01-28,3083
A0: All Stations,BRT03: Sunway Lagoon,2026-01-29,3006
A0: All Stations,BRT03: Sunway Lagoon,2026-01-30,3524
A0: All Stations,BRT03: Sunway Lagoon,2026-01-31,3019
A0: All Stations,BRT03: Sunway Lagoon,2026-02-01,3091
A0: All Stations,BRT03: Sunway Lagoon,2026-02-02,2787
A0: All Stations,BRT03: Sunway Lagoon,2026-02-03,3166
A0: All Stations,BRT03: Sunway Lagoon,2026-02-04,3312
A0: All Stations,BRT03: Sunway Lagoon,2026-02-05,3300
A0: All Stations,BRT03: Sunway Lagoon,2026-02-06,3753
A0: All Stations,BRT03: Sunway Lagoon,2026-02-07,4906
A0: All Stations,BRT03: Sunway Lagoon,2026-02-08,3900
A0: All Stations,BRT03: Sunway Lagoon,2026-02-09,3353
A0: All Stations,BRT03: Sunway Lagoon,2026-02-10,3643
A0: All Stations,BRT03: Sunway Lagoon,2026-02-11,3864
A0: All Stations,BRT03: Sunway Lagoon,2026-02-12,3754
A0: All Stations,BRT03: Sunway Lagoon,2026-02-13,3966
A0: All Stations,BRT03: Sunway Lagoon,2026-02-14,2893
A0: All Stations,BRT03: Sunway Lagoon,2026-02-15,2181
A0: All Stations,BRT03: Sunway Lagoon,2026-02-16,2542
A0: All Stations,BRT03: Sunway Lagoon,2026-02-17,1938
A0: All Stations,BRT03: Sunway Lagoon,2026-02-18,1928
A0: All Stations,BRT03: Sunway Lagoon,2026-02-19,2094
A0: All Stations,BRT03: Sunway Lagoon,2026-02-20,2337
A0: All Stations,BRT03: Sunway Lagoon,2026-02-21,1876
A0: All Stations,BRT03: Sunway Lagoon,2026-02-22,1680
A0: All Stations,BRT03: Sunway Lagoon,2026-02-23,2872
A0: All Stations,BRT03: Sunway Lagoon,2026-02-24,2816
A0: All Stations,BRT03: Sunway Lagoon,2026-02-25,3161
A0: All Stations,BRT03: Sunway Lagoon,2026-02-26,3253
A0: All Stations,BRT03: Sunway Lagoon,2026-02-27,3887
A0: All Stations,BRT03: Sunway Lagoon,2026-02-28,3100
A0: All Stations,BRT03: Sunway Lagoon,2026-03-01,2624
A0: All Stations,BRT03: Sunway Lagoon,2026-03-02,3697
A0: All Stations,BRT03: Sunway Lagoon,2026-03-03,3655
A0: All Stations,BRT03: Sunway Lagoon,2026-03-04,3695
A0: All Stations,BRT03: Sunway Lagoon,2026-03-05,3729
A0: All Stations,BRT03: Sunway Lagoon,2026-03-06,4063
A0: All Stations,BRT03: Sunway Lagoon,2026-03-07,3014
A0: All Stations,BRT03: Sunway Lagoon,2026-03-08,2700
A0: All Stations,BRT03: Sunway Lagoon,2026-03-09,3363
A0: All Stations,BRT03: Sunway Lagoon,2026-03-10,3436
A0: All Stations,BRT03: Sunway Lagoon,2026-03-11,3489
A0: All Stations,BRT03: Sunway Lagoon,2026-03-12,3397
A0: All Stations,BRT03: Sunway Lagoon,2026-03-13,3916
A0: All Stations,BRT03: Sunway Lagoon,2026-03-14,3209
A0: All Stations,BRT03: Sunway Lagoon,2026-03-15,2484
A0: All Stations,BRT03: Sunway Lagoon,2026-03-16,3369
A0: All Stations,BRT03: Sunway Lagoon,2026-03-17,3574
A0: All Stations,BRT03: Sunway Lagoon,2026-03-18,3824
A0: All Stations,BRT03: Sunway Lagoon,2026-03-19,3535
A0: All Stations,BRT03: Sunway Lagoon,2026-03-20,2722
A0: All Stations,BRT03: Sunway Lagoon,2026-03-21,2700
A0: All Stations,BRT03: Sunway Lagoon,2026-03-22,2689
A0: All Stations,BRT03: Sunway Lagoon,2026-03-23,2362
A0: All Stations,BRT03: Sunway Lagoon,2026-03-24,2963
A0: All Stations,BRT03: Sunway Lagoon,2026-03-25,3188
A0: All Stations,BRT03: Sunway Lagoon,2026-03-26,3162
A0: All Stations,BRT03: Sunway Lagoon,2026-03-27,3428
A0: All Stations,BRT03: Sunway Lagoon,2026-03-28,2540
A0: All Stations,BRT03: Sunway Lagoon,2026-03-29,2050
A0: All Stations,BRT03: Sunway Lagoon,2026-03-30,2985
A0: All Stations,BRT03: Sunway Lagoon,2026-03-31,3226
A0: All Stations,BRT03: Sunway Lagoon,2026-04-01,3323
A0: All Stations,BRT03: Sunway Lagoon,2026-04-02,3377
A0: All Stations,BRT03: Sunway Lagoon,2026-04-03,3689
A0: All Stations,BRT03: Sunway Lagoon,2026-04-04,2935
A0: All Stations,BRT03: Sunway Lagoon,2026-04-05,2241
A0: All Stations,BRT03: Sunway Lagoon,2026-04-06,3030
A0: All Stations,BRT03: Sunway Lagoon,2026-04-07,3174
A0: All Stations,BRT03: Sunway Lagoon,2026-04-08,3236
A0: All Stations,BRT03: Sunway Lagoon,2026-04-09,3105
A0: All Stations,BRT03: Sunway Lagoon,2026-04-10,3434
A0: All Stations,BRT03: Sunway Lagoon,2026-04-11,3330
A0: All Stations,BRT03: Sunway Lagoon,2026-04-12,2543
A0: All Stations,BRT03: Sunway Lagoon,2026-04-13,3105
A0: All Stations,BRT03: Sunway Lagoon,2026-04-14,3184
A0: All Stations,BRT03: Sunway Lagoon,2026-04-15,3506
A0: All Stations,BRT03: Sunway Lagoon,2026-04-16,3292
A0: All Stations,BRT03: Sunway Lagoon,2026-04-17,3786
A0: All Stations,BRT03: Sunway Lagoon,2026-04-18,5050
A0: All Stations,BRT03: Sunway Lagoon,2026-04-19,3995
A0: All Stations,BRT03: Sunway Lagoon,2026-04-20,3096
A0: All Stations,BRT03: Sunway Lagoon,2026-04-21,3284
A0: All Stations,BRT03: Sunway Lagoon,2026-04-22,3376
A0: All Stations,BRT03: Sunway Lagoon,2026-04-23,3313
A0: All Stations,BRT03: Sunway Lagoon,2026-04-24,3654
A0: All Stations,BRT03: Sunway Lagoon,2026-04-25,2919
A0: All Stations,BRT03: Sunway Lagoon,2026-04-26,2430
A0: All Stations,BRT03: Sunway Lagoon,2026-04-27,2991
A0: All Stations,BRT03: Sunway Lagoon,2026-04-28,3102
A0: All Stations,BRT03: Sunway Lagoon,2026-04-29,3465
A0: All Stations,BRT03: Sunway Lagoon,2026-04-30,3699
A0: All Stations,BRT03: Sunway Lagoon,2026-05-01,3200
A0: All Stations,BRT03: Sunway Lagoon,2026-05-02,3302
A0: All Stations,BRT03: Sunway Lagoon,2026-05-03,2424
A0: All Stations,BRT03: Sunway Lagoon,2026-05-04,3247
A0: All Stations,BRT03: Sunway Lagoon,2026-05-05,3254
A0: All Stations,BRT03: Sunway Lagoon,2026-05-06,3511
A0: All Stations,BRT03: Sunway Lagoon,2026-05-07,3485
A0: All Stations,BRT03: Sunway Lagoon,2026-05-08,3705
A0: All Stations,BRT03: Sunway Lagoon,2026-05-09,3291
A0: All Stations,BRT03: Sunway Lagoon,2026-05-10,2586
A0: All Stations,BRT03: Sunway Lagoon,2026-05-11,3110
A0: All Stations,BRT03: Sunway Lagoon,2026-05-12,3244
A0: All Stations,BRT03: Sunway Lagoon,2026-05-13,3474
A0: All Stations,BRT03: Sunway Lagoon,2026-05-14,3355
A0: All Stations,BRT03: Sunway Lagoon,2026-05-15,3702
A0: All Stations,BRT04: SunMed,2026-01-01,2090
A0: All Stations,BRT04: SunMed,2026-01-02,2729
A0: All Stations,BRT04: SunMed,2026-01-03,2189
A0: All Stations,BRT04: SunMed,2026-01-04,2062
A0: All Stations,BRT04: SunMed,2026-01-05,3344
A0: All Stations,BRT04: SunMed,2026-01-06,3447
A0: All Stations,BRT04: SunMed,2026-01-07,3531
A0: All Stations,BRT04: SunMed,2026-01-08,3219
A0: All Stations,BRT04: SunMed,2026-01-09,3439
A0: All Stations,BRT04: SunMed,2026-01-10,2545
A0: All Stations,BRT04: SunMed,2026-01-11,2122
A0: All Stations,BRT04: SunMed,2026-01-12,3381
A0: All Stations,BRT04: SunMed,2026-01-13,3576
A0: All Stations,BRT04: SunMed,2026-01-14,3824
A0: All Stations,BRT04: SunMed,2026-01-15,3627
A0: All Stations,BRT04: SunMed,2026-01-16,3695
A0: All Stations,BRT04: SunMed,2026-01-17,2707
A0: All Stations,BRT04: SunMed,2026-01-18,2140
A0: All Stations,BRT04: SunMed,2026-01-19,3730
A0: All Stations,BRT04: SunMed,2026-01-20,3691
A0: All Stations,BRT04: SunMed,2026-01-21,3774
A0: All Stations,BRT04: SunMed,2026-01-22,3763
A0: All Stations,BRT04: SunMed,2026-01-23,3714
A0: All Stations,BRT04: SunMed,2026-01-24,2642
A0: All Stations,BRT04: SunMed,2026-01-25,2005
A0: All Stations,BRT04: SunMed,2026-01-26,3259
A0: All Stations,BRT04: SunMed,2026-01-27,3509
A0: All Stations,BRT04: SunMed,2026-01-28,3645
A0: All Stations,BRT04: SunMed,2026-01-29,3640
A0: All Stations,BRT04: SunMed,2026-01-30,3653
A0: All Stations,BRT04: SunMed,2026-01-31,2613
A0: All Stations,BRT04: SunMed,2026-02-01,2393
A0: All Stations,BRT04: SunMed,2026-02-02,2401
A0: All Stations,BRT04: SunMed,2026-02-03,3829
A0: All Stations,BRT04: SunMed,2026-02-04,4190
A0: All Stations,BRT04: SunMed,2026-02-05,4128
A0: All Stations,BRT04: SunMed,2026-02-06,4187
A0: All Stations,BRT04: SunMed,2026-02-07,3481
A0: All Stations,BRT04: SunMed,2026-02-08,2784
A0: All Stations,BRT04: SunMed,2026-02-09,3984
A0: All Stations,BRT04: SunMed,2026-02-10,4386
A0: All Stations,BRT04: SunMed,2026-02-11,4335
A0: All Stations,BRT04: SunMed,2026-02-12,4294
A0: All Stations,BRT04: SunMed,2026-02-13,3936
A0: All Stations,BRT04: SunMed,2026-02-14,2483
A0: All Stations,BRT04: SunMed,2026-02-15,1799
A0: All Stations,BRT04: SunMed,2026-02-16,2239
A0: All Stations,BRT04: SunMed,2026-02-17,1517
A0: All Stations,BRT04: SunMed,2026-02-18,1664
A0: All Stations,BRT04: SunMed,2026-02-19,2098
A0: All Stations,BRT04: SunMed,2026-02-20,2262
A0: All Stations,BRT04: SunMed,2026-02-21,1839
A0: All Stations,BRT04: SunMed,2026-02-22,1656
A0: All Stations,BRT04: SunMed,2026-02-23,3563
A0: All Stations,BRT04: SunMed,2026-02-24,3634
A0: All Stations,BRT04: SunMed,2026-02-25,3833
A0: All Stations,BRT04: SunMed,2026-02-26,3960
A0: All Stations,BRT04: SunMed,2026-02-27,3934
A0: All Stations,BRT04: SunMed,2026-02-28,2757
A0: All Stations,BRT04: SunMed,2026-03-01,2471
A0: All Stations,BRT04: SunMed,2026-03-02,4525
A0: All Stations,BRT04: SunMed,2026-03-03,5033
A0: All Stations,BRT04: SunMed,2026-03-04,4534
A0: All Stations,BRT04: SunMed,2026-03-05,4523
A0: All Stations,BRT04: SunMed,2026-03-06,4275
A0: All Stations,BRT04: SunMed,2026-03-07,2561
A0: All Stations,BRT04: SunMed,2026-03-08,2434
A0: All Stations,BRT04: SunMed,2026-03-09,4292
A0: All Stations,BRT04: SunMed,2026-03-10,4406
A0: All Stations,BRT04: SunMed,2026-03-11,4266
A0: All Stations,BRT04: SunMed,2026-03-12,4324
A0: All Stations,BRT04: SunMed,2026-03-13,4209
A0: All Stations,BRT04: SunMed,2026-03-14,2728
A0: All Stations,BRT04: SunMed,2026-03-15,2345
A0: All Stations,BRT04: SunMed,2026-03-16,4136
A0: All Stations,BRT04: SunMed,2026-03-17,4443
A0: All Stations,BRT04: SunMed,2026-03-18,4346
A0: All Stations,BRT04: SunMed,2026-03-19,3756
A0: All Stations,BRT04: SunMed,2026-03-20,2307
A0: All Stations,BRT04: SunMed,2026-03-21,2336
A0: All Stations,BRT04: SunMed,2026-03-22,2202
A0: All Stations,BRT04: SunMed,2026-03-23,2010
A0: All Stations,BRT04: SunMed,2026-03-24,3294
A0: All Stations,BRT04: SunMed,2026-03-25,3409
A0: All Stations,BRT04: SunMed,2026-03-26,3426
A0: All Stations,BRT04: SunMed,2026-03-27,3282
A0: All Stations,BRT04: SunMed,2026-03-28,2317
A0: All Stations,BRT04: SunMed,2026-03-29,1977
A0: All Stations,BRT04: SunMed,2026-03-30,3669
A0: All Stations,BRT04: SunMed,2026-03-31,3814
A0: All Stations,BRT04: SunMed,2026-04-01,4004
A0: All Stations,BRT04: SunMed,2026-04-02,3718
A0: All Stations,BRT04: SunMed,2026-04-03,3722
A0: All Stations,BRT04: SunMed,2026-04-04,2676
A0: All Stations,BRT04: SunMed,2026-04-05,2139
A0: All Stations,BRT04: SunMed,2026-04-06,3419
A0: All Stations,BRT04: SunMed,2026-04-07,3697
A0: All Stations,BRT04: SunMed,2026-04-08,3609
A0: All Stations,BRT04: SunMed,2026-04-09,3620
A0: All Stations,BRT04: SunMed,2026-04-10,3666
A0: All Stations,BRT04: SunMed,2026-04-11,2709
A0: All Stations,BRT04: SunMed,2026-04-12,2390
A0: All Stations,BRT04: SunMed,2026-04-13,4032
A0: All Stations,BRT04: SunMed,2026-04-14,4251
A0: All Stations,BRT04: SunMed,2026-04-15,4276
A0: All Stations,BRT04: SunMed,2026-04-16,4195
A0: All Stations,BRT04: SunMed,2026-04-17,4124
A0: All Stations,BRT04: SunMed,2026-04-18,3080
A0: All Stations,BRT04: SunMed,2026-04-19,2399
A0: All Stations,BRT04: SunMed,2026-04-20,4280
A0: All Stations,BRT04: SunMed,2026-04-21,4479
A0: All Stations,BRT04: SunMed,2026-04-22,4532
A0: All Stations,BRT04: SunMed,2026-04-23,4432
A0: All Stations,BRT04: SunMed,2026-04-24,4178
A0: All Stations,BRT04: SunMed,2026-04-25,2776
A0: All Stations,BRT04: SunMed,2026-04-26,2603
A0: All Stations,BRT04: SunMed,2026-04-27,4298
A0: All Stations,BRT04: SunMed,2026-04-28,4459
A0: All Stations,BRT04: SunMed,2026-04-29,4523
A0: All Stations,BRT04: SunMed,2026-04-30,4663
A0: All Stations,BRT04: SunMed,2026-05-01,2602
A0: All Stations,BRT04: SunMed,2026-05-02,2859
A0: All Stations,BRT04: SunMed,2026-05-03,2288
A0: All Stations,BRT04: SunMed,2026-05-04,4348
A0: All Stations,BRT04: SunMed,2026-05-05,4542
A0: All Stations,BRT04: SunMed,2026-05-06,4693
A0: All Stations,BRT04: SunMed,2026-05-07,4629
A0: All Stations,BRT04: SunMed,2026-05-08,4530
A0: All Stations,BRT04: SunMed,2026-05-09,2953
A0: All Stations,BRT04: SunMed,2026-05-10,2431
A0: All Stations,BRT04: SunMed,2026-05-11,4506
A0: All Stations,BRT04: SunMed,2026-05-12,4496
A0: All Stations,BRT04: SunMed,2026-05-13,4602
A0: All Stations,BRT04: SunMed,2026-05-14,4647
A0: All Stations,BRT04: SunMed,2026-05-15,4297
A0: All Stations,BRT05: SunU-Monash,2026-01-01,858
A0: All Stations,BRT05: SunU-Monash,2026-01-02,1618
A0: All Stations,BRT05: SunU-Monash,2026-01-03,1094
A0: All Stations,BRT05: SunU-Monash,2026-01-04,969
A0: All Stations,BRT05: SunU-Monash,2026-01-05,2415
A0: All Stations,BRT05: SunU-Monash,2026-01-06,2550
A0: All Stations,BRT05: SunU-Monash,2026-01-07,2667
A0: All Stations,BRT05: SunU-Monash,2026-01-08,2678
A0: All Stations,BRT05: SunU-Monash,2026-01-09,2482
A0: All Stations,BRT05: SunU-Monash,2026-01-10,1567
A0: All Stations,BRT05: SunU-Monash,2026-01-11,1025
A0: All Stations,BRT05: SunU-Monash,2026-01-12,2577
A0: All Stations,BRT05: SunU-Monash,2026-01-13,2764
A0: All Stations,BRT05: SunU-Monash,2026-01-14,2854
A0: All Stations,BRT05: SunU-Monash,2026-01-15,2883
A0: All Stations,BRT05: SunU-Monash,2026-01-16,2648
A0: All Stations,BRT05: SunU-Monash,2026-01-17,1764
A0: All Stations,BRT05: SunU-Monash,2026-01-18,1340
A0: All Stations,BRT05: SunU-Monash,2026-01-19,2991
A0: All Stations,BRT05: SunU-Monash,2026-01-20,3230
A0: All Stations,BRT05: SunU-Monash,2026-01-21,3100
A0: All Stations,BRT05: SunU-Monash,2026-01-22,3297
A0: All Stations,BRT05: SunU-Monash,2026-01-23,3048
A0: All Stations,BRT05: SunU-Monash,2026-01-24,1533
A0: All Stations,BRT05: SunU-Monash,2026-01-25,1140
A0: All Stations,BRT05: SunU-Monash,2026-01-26,3063
A0: All Stations,BRT05: SunU-Monash,2026-01-27,3202
A0: All Stations,BRT05: SunU-Monash,2026-01-28,3170
A0: All Stations,BRT05: SunU-Monash,2026-01-29,3146
A0: All Stations,BRT05: SunU-Monash,2026-01-30,3154
A0: All Stations,BRT05: SunU-Monash,2026-01-31,1534
A0: All Stations,BRT05: SunU-Monash,2026-02-01,1233
A0: All Stations,BRT05: SunU-Monash,2026-02-02,1273
A0: All Stations,BRT05: SunU-Monash,2026-02-03,3358
A0: All Stations,BRT05: SunU-Monash,2026-02-04,3446
A0: All Stations,BRT05: SunU-Monash,2026-02-05,3602
A0: All Stations,BRT05: SunU-Monash,2026-02-06,3501
A0: All Stations,BRT05: SunU-Monash,2026-02-07,1756
A0: All Stations,BRT05: SunU-Monash,2026-02-08,1354
A0: All Stations,BRT05: SunU-Monash,2026-02-09,3551
A0: All Stations,BRT05: SunU-Monash,2026-02-10,3841
A0: All Stations,BRT05: SunU-Monash,2026-02-11,3846
A0: All Stations,BRT05: SunU-Monash,2026-02-12,3740
A0: All Stations,BRT05: SunU-Monash,2026-02-13,3287
A0: All Stations,BRT05: SunU-Monash,2026-02-14,1267
A0: All Stations,BRT05: SunU-Monash,2026-02-15,830
A0: All Stations,BRT05: SunU-Monash,2026-02-16,1187
A0: All Stations,BRT05: SunU-Monash,2026-02-17,742
A0: All Stations,BRT05: SunU-Monash,2026-02-18,805
A0: All Stations,BRT05: SunU-Monash,2026-02-19,1233
A0: All Stations,BRT05: SunU-Monash,2026-02-20,1293
A0: All Stations,BRT05: SunU-Monash,2026-02-21,1058
A0: All Stations,BRT05: SunU-Monash,2026-02-22,994
A0: All Stations,BRT05: SunU-Monash,2026-02-23,3694
A0: All Stations,BRT05: SunU-Monash,2026-02-24,3811
A0: All Stations,BRT05: SunU-Monash,2026-02-25,3901
A0: All Stations,BRT05: SunU-Monash,2026-02-26,4084
A0: All Stations,BRT05: SunU-Monash,2026-02-27,3773
A0: All Stations,BRT05: SunU-Monash,2026-02-28,1746
A0: All Stations,BRT05: SunU-Monash,2026-03-01,1616
A0: All Stations,BRT05: SunU-Monash,2026-03-02,5743
A0: All Stations,BRT05: SunU-Monash,2026-03-03,5925
A0: All Stations,BRT05: SunU-Monash,2026-03-04,5797
A0: All Stations,BRT05: SunU-Monash,2026-03-05,5620
A0: All Stations,BRT05: SunU-Monash,2026-03-06,4934
A0: All Stations,BRT05: SunU-Monash,2026-03-07,1805
A0: All Stations,BRT05: SunU-Monash,2026-03-08,1626
A0: All Stations,BRT05: SunU-Monash,2026-03-09,5205
A0: All Stations,BRT05: SunU-Monash,2026-03-10,5652
A0: All Stations,BRT05: SunU-Monash,2026-03-11,5451
A0: All Stations,BRT05: SunU-Monash,2026-03-12,5241
A0: All Stations,BRT05: SunU-Monash,2026-03-13,4832
A0: All Stations,BRT05: SunU-Monash,2026-03-14,1993
A0: All Stations,BRT05: SunU-Monash,2026-03-15,1496
A0: All Stations,BRT05: SunU-Monash,2026-03-16,5309
A0: All Stations,BRT05: SunU-Monash,2026-03-17,5541
A0: All Stations,BRT05: SunU-Monash,2026-03-18,5370
A0: All Stations,BRT05: SunU-Monash,2026-03-19,4512
A0: All Stations,BRT05: SunU-Monash,2026-03-20,1474
A0: All Stations,BRT05: SunU-Monash,2026-03-21,1262
A0: All Stations,BRT05: SunU-Monash,2026-03-22,1147
A0: All Stations,BRT05: SunU-Monash,2026-03-23,1314
A0: All Stations,BRT05: SunU-Monash,2026-03-24,3726
A0: All Stations,BRT05: SunU-Monash,2026-03-25,4006
A0: All Stations,BRT05: SunU-Monash,2026-03-26,3955
A0: All Stations,BRT05: SunU-Monash,2026-03-27,3580
A0: All Stations,BRT05: SunU-Monash,2026-03-28,1626
A0: All Stations,BRT05: SunU-Monash,2026-03-29,1356
A0: All Stations,BRT05: SunU-Monash,2026-03-30,4365
A0: All Stations,BRT05: SunU-Monash,2026-03-31,4740
A0: All Stations,BRT05: SunU-Monash,2026-04-01,4801
A0: All Stations,BRT05: SunU-Monash,2026-04-02,4555
A0: All Stations,BRT05: SunU-Monash,2026-04-03,4000
A0: All Stations,BRT05: SunU-Monash,2026-04-04,1672
A0: All Stations,BRT05: SunU-Monash,2026-04-05,1300
A0: All Stations,BRT05: SunU-Monash,2026-04-06,2917
A0: All Stations,BRT05: SunU-Monash,2026-04-07,3133
A0: All Stations,BRT05: SunU-Monash,2026-04-08,2814
A0: All Stations,BRT05: SunU-Monash,2026-04-09,2979
A0: All Stations,BRT05: SunU-Monash,2026-04-10,3042
A0: All Stations,BRT05: SunU-Monash,2026-04-11,2049
A0: All Stations,BRT05: SunU-Monash,2026-04-12,1640
A0: All Stations,BRT05: SunU-Monash,2026-04-13,4366
A0: All Stations,BRT05: SunU-Monash,2026-04-14,4618
A0: All Stations,BRT05: SunU-Monash,2026-04-15,4891
A0: All Stations,BRT05: SunU-Monash,2026-04-16,4818
A0: All Stations,BRT05: SunU-Monash,2026-04-17,4433
A0: All Stations,BRT05: SunU-Monash,2026-04-18,2141
A0: All Stations,BRT05: SunU-Monash,2026-04-19,1557
A0: All Stations,BRT05: SunU-Monash,2026-04-20,4470
A0: All Stations,BRT05: SunU-Monash,2026-04-21,4788
A0: All Stations,BRT05: SunU-Monash,2026-04-22,4825
A0: All Stations,BRT05: SunU-Monash,2026-04-23,4600
A0: All Stations,BRT05: SunU-Monash,2026-04-24,4025
A0: All Stations,BRT05: SunU-Monash,2026-04-25,1801
A0: All Stations,BRT05: SunU-Monash,2026-04-26,1440
A0: All Stations,BRT05: SunU-Monash,2026-04-27,4531
A0: All Stations,BRT05: SunU-Monash,2026-04-28,4768
A0: All Stations,BRT05: SunU-Monash,2026-04-29,5109
A0: All Stations,BRT05: SunU-Monash,2026-04-30,5101
A0: All Stations,BRT05: SunU-Monash,2026-05-01,1676
A0: All Stations,BRT05: SunU-Monash,2026-05-02,1955
A0: All Stations,BRT05: SunU-Monash,2026-05-03,1560
A0: All Stations,BRT05: SunU-Monash,2026-05-04,5335
A0: All Stations,BRT05: SunU-Monash,2026-05-05,5522
A0: All Stations,BRT05: SunU-Monash,2026-05-06,5479
A0: All Stations,BRT05: SunU-Monash,2026-05-07,5524
A0: All Stations,BRT05: SunU-Monash,2026-05-08,4679
A0: All Stations,BRT05: SunU-Monash,2026-05-09,1891
A0: All Stations,BRT05: SunU-Monash,2026-05-10,1620
A0: All Stations,BRT05: SunU-Monash,2026-05-11,5699
A0: All Stations,BRT05: SunU-Monash,2026-05-12,5861
A0: All Stations,BRT05: SunU-Monash,2026-05-13,5897
A0: All Stations,BRT05: SunU-Monash,2026-05-14,5675
A0: All Stations,BRT05: SunU-Monash,2026-05-15,4915
A0: All Stations,BRT06: South Quay-USJ 1,2026-01-01,1424
A0: All Stations,BRT06: South Quay-USJ 1,2026-01-02,1854
A0: All Stations,BRT06: South Quay-USJ 1,2026-01-03,1379
A0: All Stations,BRT06: South Quay-USJ 1,2026-01-04,1410
A0: All Stations,BRT06: South Quay-USJ 1,2026-01-05,2349
A0: All Stations,BRT06: South Quay-USJ 1,2026-01-06,2348
A0: All Stations,BRT06: South Quay-USJ 1,2026-01-07,2365
A0: All Stations,BRT06: South Quay-USJ 1,2026-01-08,2256
A0: All Stations,BRT06: South Quay-USJ 1,2026-01-09,2169
A0: All Stations,BRT06: South Quay-USJ 1,2026-01-10,1752
A0: All Stations,BRT06: South Quay-USJ 1,2026-01-11,1612
A0: All Stations,BRT06: South Quay-USJ 1,2026-01-12,2423
A0: All Stations,BRT06: South Quay-USJ 1,2026-01-13,2520
A0: All Stations,BRT06: South Quay-USJ 1,2026-01-14,2724
A0: All Stations,BRT06: South Quay-USJ 1,2026-01-15,2611
A0: All Stations,BRT06: South Quay-USJ 1,2026-01-16,2720
A0: All Stations,BRT06: South Quay-USJ 1,2026-01-17,1555
A0: All Stations,BRT06: South Quay-USJ 1,2026-01-18,1557
A0: All Stations,BRT06: South Quay-USJ 1,2026-01-19,2720
A0: All Stations,BRT06: South Quay-USJ 1,2026-01-20,2792
A0: All Stations,BRT06: South Quay-USJ 1,2026-01-21,2735
A0: All Stations,BRT06: South Quay-USJ 1,2026-01-22,2676
A0: All Stations,BRT06: South Quay-USJ 1,2026-01-23,2560
A0: All Stations,BRT06: South Quay-USJ 1,2026-01-24,1650
A0: All Stations,BRT06: South Quay-USJ 1,2026-01-25,1544
A0: All Stations,BRT06: South Quay-USJ 1,2026-01-26,2699
A0: All Stations,BRT06: South Quay-USJ 1,2026-01-27,2745
A0: All Stations,BRT06: South Quay-USJ 1,2026-01-28,2676
A0: All Stations,BRT06: South Quay-USJ 1,2026-01-29,2686
A0: All Stations,BRT06: South Quay-USJ 1,2026-01-30,2641
A0: All Stations,BRT06: South Quay-USJ 1,2026-01-31,1544
A0: All Stations,BRT06: South Quay-USJ 1,2026-02-01,1596
A0: All Stations,BRT06: South Quay-USJ 1,2026-02-02,1676
A0: All Stations,BRT06: South Quay-USJ 1,2026-02-03,2931
A0: All Stations,BRT06: South Quay-USJ 1,2026-02-04,2878
A0: All Stations,BRT06: South Quay-USJ 1,2026-02-05,3033
A0: All Stations,BRT06: South Quay-USJ 1,2026-02-06,3006
A0: All Stations,BRT06: South Quay-USJ 1,2026-02-07,1939
A0: All Stations,BRT06: South Quay-USJ 1,2026-02-08,1851
A0: All Stations,BRT06: South Quay-USJ 1,2026-02-09,3141
A0: All Stations,BRT06: South Quay-USJ 1,2026-02-10,3171
A0: All Stations,BRT06: South Quay-USJ 1,2026-02-11,3180
A0: All Stations,BRT06: South Quay-USJ 1,2026-02-12,3168
A0: All Stations,BRT06: South Quay-USJ 1,2026-02-13,2981
A0: All Stations,BRT06: South Quay-USJ 1,2026-02-14,1603
A0: All Stations,BRT06: South Quay-USJ 1,2026-02-15,1417
A0: All Stations,BRT06: South Quay-USJ 1,2026-02-16,1655
A0: All Stations,BRT06: South Quay-USJ 1,2026-02-17,1375
A0: All Stations,BRT06: South Quay-USJ 1,2026-02-18,1397
A0: All Stations,BRT06: South Quay-USJ 1,2026-02-19,1540
A0: All Stations,BRT06: South Quay-USJ 1,2026-02-20,1602
A0: All Stations,BRT06: South Quay-USJ 1,2026-02-21,1255
A0: All Stations,BRT06: South Quay-USJ 1,2026-02-22,1341
A0: All Stations,BRT06: South Quay-USJ 1,2026-02-23,2834
A0: All Stations,BRT06: South Quay-USJ 1,2026-02-24,2916
A0: All Stations,BRT06: South Quay-USJ 1,2026-02-25,2937
A0: All Stations,BRT06: South Quay-USJ 1,2026-02-26,3016
A0: All Stations,BRT06: South Quay-USJ 1,2026-02-27,3000
A0: All Stations,BRT06: South Quay-USJ 1,2026-02-28,1864
A0: All Stations,BRT06: South Quay-USJ 1,2026-03-01,1980
A0: All Stations,BRT06: South Quay-USJ 1,2026-03-02,3555
A0: All Stations,BRT06: South Quay-USJ 1,2026-03-03,3808
A0: All Stations,BRT06: South Quay-USJ 1,2026-03-04,3630
A0: All Stations,BRT06: South Quay-USJ 1,2026-03-05,3579
A0: All Stations,BRT06: South Quay-USJ 1,2026-03-06,3427
A0: All Stations,BRT06: South Quay-USJ 1,2026-03-07,1871
A0: All Stations,BRT06: South Quay-USJ 1,2026-03-08,1896
A0: All Stations,BRT06: South Quay-USJ 1,2026-03-09,3504
A0: All Stations,BRT06: South Quay-USJ 1,2026-03-10,3591
A0: All Stations,BRT06: South Quay-USJ 1,2026-03-11,3645
A0: All Stations,BRT06: South Quay-USJ 1,2026-03-12,3561
A0: All Stations,BRT06: South Quay-USJ 1,2026-03-13,3390
A0: All Stations,BRT06: South Quay-USJ 1,2026-03-14,2051
A0: All Stations,BRT06: South Quay-USJ 1,2026-03-15,1845
A0: All Stations,BRT06: South Quay-USJ 1,2026-03-16,3488
A0: All Stations,BRT06: South Quay-USJ 1,2026-03-17,3589
A0: All Stations,BRT06: South Quay-USJ 1,2026-03-18,3475
A0: All Stations,BRT06: South Quay-USJ 1,2026-03-19,3155
A0: All Stations,BRT06: South Quay-USJ 1,2026-03-20,1816
A0: All Stations,BRT06: South Quay-USJ 1,2026-03-21,1558
A0: All Stations,BRT06: South Quay-USJ 1,2026-03-22,1551
A0: All Stations,BRT06: South Quay-USJ 1,2026-03-23,1488
A0: All Stations,BRT06: South Quay-USJ 1,2026-03-24,2412
A0: All Stations,BRT06: South Quay-USJ 1,2026-03-25,2535
A0: All Stations,BRT06: South Quay-USJ 1,2026-03-26,2479
A0: All Stations,BRT06: South Quay-USJ 1,2026-03-27,2450
A0: All Stations,BRT06: South Quay-USJ 1,2026-03-28,1600
A0: All Stations,BRT06: South Quay-USJ 1,2026-03-29,1603
A0: All Stations,BRT06: South Quay-USJ 1,2026-03-30,3016
A0: All Stations,BRT06: South Quay-USJ 1,2026-03-31,3127
A0: All Stations,BRT06: South Quay-USJ 1,2026-04-01,3327
A0: All Stations,BRT06: South Quay-USJ 1,2026-04-02,3181
A0: All Stations,BRT06: South Quay-USJ 1,2026-04-03,3017
A0: All Stations,BRT06: South Quay-USJ 1,2026-04-04,1939
A0: All Stations,BRT06: South Quay-USJ 1,2026-04-05,1780
A0: All Stations,BRT06: South Quay-USJ 1,2026-04-06,2689
A0: All Stations,BRT06: South Quay-USJ 1,2026-04-07,2759
A0: All Stations,BRT06: South Quay-USJ 1,2026-04-08,2661
A0: All Stations,BRT06: South Quay-USJ 1,2026-04-09,2764
A0: All Stations,BRT06: South Quay-USJ 1,2026-04-10,2708
A0: All Stations,BRT06: South Quay-USJ 1,2026-04-11,1891
A0: All Stations,BRT06: South Quay-USJ 1,2026-04-12,1815
A0: All Stations,BRT06: South Quay-USJ 1,2026-04-13,3112
A0: All Stations,BRT06: South Quay-USJ 1,2026-04-14,3192
A0: All Stations,BRT06: South Quay-USJ 1,2026-04-15,3279
A0: All Stations,BRT06: South Quay-USJ 1,2026-04-16,3141
A0: All Stations,BRT06: South Quay-USJ 1,2026-04-17,3019
A0: All Stations,BRT06: South Quay-USJ 1,2026-04-18,1899
A0: All Stations,BRT06: South Quay-USJ 1,2026-04-19,1754
A0: All Stations,BRT06: South Quay-USJ 1,2026-04-20,3202
A0: All Stations,BRT06: South Quay-USJ 1,2026-04-21,3325
A0: All Stations,BRT06: South Quay-USJ 1,2026-04-22,3214
A0: All Stations,BRT06: South Quay-USJ 1,2026-04-23,3170
A0: All Stations,BRT06: South Quay-USJ 1,2026-04-24,2937
A0: All Stations,BRT06: South Quay-USJ 1,2026-04-25,1940
A0: All Stations,BRT06: South Quay-USJ 1,2026-04-26,1726
A0: All Stations,BRT06: South Quay-USJ 1,2026-04-27,3250
A0: All Stations,BRT06: South Quay-USJ 1,2026-04-28,3242
A0: All Stations,BRT06: South Quay-USJ 1,2026-04-29,3260
A0: All Stations,BRT06: South Quay-USJ 1,2026-04-30,3312
A0: All Stations,BRT06: South Quay-USJ 1,2026-05-01,1862
A0: All Stations,BRT06: South Quay-USJ 1,2026-05-02,1935
A0: All Stations,BRT06: South Quay-USJ 1,2026-05-03,1798
A0: All Stations,BRT06: South Quay-USJ 1,2026-05-04,3432
A0: All Stations,BRT06: South Quay-USJ 1,2026-05-05,3564
A0: All Stations,BRT06: South Quay-USJ 1,2026-05-06,3581
A0: All Stations,BRT06: South Quay-USJ 1,2026-05-07,3514
A0: All Stations,BRT06: South Quay-USJ 1,2026-05-08,3268
A0: All Stations,BRT06: South Quay-USJ 1,2026-05-09,2031
A0: All Stations,BRT06: South Quay-USJ 1,2026-05-10,1917
A0: All Stations,BRT06: South Quay-USJ 1,2026-05-11,3601
A0: All Stations,BRT06: South Quay-USJ 1,2026-05-12,3538
A0: All Stations,BRT06: South Quay-USJ 1,2026-05-13,3552
A0: All Stations,BRT06: South Quay-USJ 1,2026-05-14,3569
A0: All Stations,BRT06: South Quay-USJ 1,2026-05-15,3206
A0: All Stations,BRT07: USJ 7,2026-01-01,3150
A0: All Stations,BRT07: USJ 7,2026-01-02,4252
A0: All Stations,BRT07: USJ 7,2026-01-03,3128
A0: All Stations,BRT07: USJ 7,2026-01-04,2561
A0: All Stations,BRT07: USJ 7,2026-01-05,5584
A0: All Stations,BRT07: USJ 7,2026-01-06,6069
A0: All Stations,BRT07: USJ 7,2026-01-07,6258
A0: All Stations,BRT07: USJ 7,2026-01-08,5911
A0: All Stations,BRT07: USJ 7,2026-01-09,5928
A0: All Stations,BRT07: USJ 7,2026-01-10,3748
A0: All Stations,BRT07: USJ 7,2026-01-11,2842
A0: All Stations,BRT07: USJ 7,2026-01-12,5920
A0: All Stations,BRT07: USJ 7,2026-01-13,6270
A0: All Stations,BRT07: USJ 7,2026-01-14,6474
A0: All Stations,BRT07: USJ 7,2026-01-15,6401
A0: All Stations,BRT07: USJ 7,2026-01-16,6485
A0: All Stations,BRT07: USJ 7,2026-01-17,4072
A0: All Stations,BRT07: USJ 7,2026-01-18,3149
A0: All Stations,BRT07: USJ 7,2026-01-19,6665
A0: All Stations,BRT07: USJ 7,2026-01-20,6970
A0: All Stations,BRT07: USJ 7,2026-01-21,7305
A0: All Stations,BRT07: USJ 7,2026-01-22,7046
A0: All Stations,BRT07: USJ 7,2026-01-23,6944
A0: All Stations,BRT07: USJ 7,2026-01-24,4058
A0: All Stations,BRT07: USJ 7,2026-01-25,3054
A0: All Stations,BRT07: USJ 7,2026-01-26,6677
A0: All Stations,BRT07: USJ 7,2026-01-27,7054
A0: All Stations,BRT07: USJ 7,2026-01-28,7179
A0: All Stations,BRT07: USJ 7,2026-01-29,7077
A0: All Stations,BRT07: USJ 7,2026-01-30,7419
A0: All Stations,BRT07: USJ 7,2026-01-31,4159
A0: All Stations,BRT07: USJ 7,2026-02-01,3589
A0: All Stations,BRT07: USJ 7,2026-02-02,3369
A0: All Stations,BRT07: USJ 7,2026-02-03,7180
A0: All Stations,BRT07: USJ 7,2026-02-04,8013
A0: All Stations,BRT07: USJ 7,2026-02-05,8029
A0: All Stations,BRT07: USJ 7,2026-02-06,8013
A0: All Stations,BRT07: USJ 7,2026-02-07,5655
A0: All Stations,BRT07: USJ 7,2026-02-08,4289
A0: All Stations,BRT07: USJ 7,2026-02-09,7828
A0: All Stations,BRT07: USJ 7,2026-02-10,8490
A0: All Stations,BRT07: USJ 7,2026-02-11,8710
A0: All Stations,BRT07: USJ 7,2026-02-12,8596
A0: All Stations,BRT07: USJ 7,2026-02-13,8213
A0: All Stations,BRT07: USJ 7,2026-02-14,4265
A0: All Stations,BRT07: USJ 7,2026-02-15,2904
A0: All Stations,BRT07: USJ 7,2026-02-16,3860
A0: All Stations,BRT07: USJ 7,2026-02-17,2531
A0: All Stations,BRT07: USJ 7,2026-02-18,2560
A0: All Stations,BRT07: USJ 7,2026-02-19,3282
A0: All Stations,BRT07: USJ 7,2026-02-20,3481
A0: All Stations,BRT07: USJ 7,2026-02-21,2667
A0: All Stations,BRT07: USJ 7,2026-02-22,2118
A0: All Stations,BRT07: USJ 7,2026-02-23,6975
A0: All Stations,BRT07: USJ 7,2026-02-24,7282
A0: All Stations,BRT07: USJ 7,2026-02-25,7448
A0: All Stations,BRT07: USJ 7,2026-02-26,7725
A0: All Stations,BRT07: USJ 7,2026-02-27,7430
A0: All Stations,BRT07: USJ 7,2026-02-28,4138
A0: All Stations,BRT07: USJ 7,2026-03-01,3085
A0: All Stations,BRT07: USJ 7,2026-03-02,7918
A0: All Stations,BRT07: USJ 7,2026-03-03,8344
A0: All Stations,BRT07: USJ 7,2026-03-04,8164
A0: All Stations,BRT07: USJ 7,2026-03-05,8135
A0: All Stations,BRT07: USJ 7,2026-03-06,8053
A0: All Stations,BRT07: USJ 7,2026-03-07,3832
A0: All Stations,BRT07: USJ 7,2026-03-08,3310
A0: All Stations,BRT07: USJ 7,2026-03-09,7661
A0: All Stations,BRT07: USJ 7,2026-03-10,7916
A0: All Stations,BRT07: USJ 7,2026-03-11,7863
A0: All Stations,BRT07: USJ 7,2026-03-12,7835
A0: All Stations,BRT07: USJ 7,2026-03-13,7767
A0: All Stations,BRT07: USJ 7,2026-03-14,4284
A0: All Stations,BRT07: USJ 7,2026-03-15,3198
A0: All Stations,BRT07: USJ 7,2026-03-16,7734
A0: All Stations,BRT07: USJ 7,2026-03-17,8178
A0: All Stations,BRT07: USJ 7,2026-03-18,8081
A0: All Stations,BRT07: USJ 7,2026-03-19,6731
A0: All Stations,BRT07: USJ 7,2026-03-20,3421
A0: All Stations,BRT07: USJ 7,2026-03-21,3440
A0: All Stations,BRT07: USJ 7,2026-03-22,3385
A0: All Stations,BRT07: USJ 7,2026-03-23,2665
A0: All Stations,BRT07: USJ 7,2026-03-24,4982
A0: All Stations,BRT07: USJ 7,2026-03-25,5564
A0: All Stations,BRT07: USJ 7,2026-03-26,5795
A0: All Stations,BRT07: USJ 7,2026-03-27,5495
A0: All Stations,BRT07: USJ 7,2026-03-28,3293
A0: All Stations,BRT07: USJ 7,2026-03-29,2616
A0: All Stations,BRT07: USJ 7,2026-03-30,6659
A0: All Stations,BRT07: USJ 7,2026-03-31,7202
A0: All Stations,BRT07: USJ 7,2026-04-01,7183
A0: All Stations,BRT07: USJ 7,2026-04-02,7221
A0: All Stations,BRT07: USJ 7,2026-04-03,6963
A0: All Stations,BRT07: USJ 7,2026-04-04,4184
A0: All Stations,BRT07: USJ 7,2026-04-05,3206
A0: All Stations,BRT07: USJ 7,2026-04-06,6422
A0: All Stations,BRT07: USJ 7,2026-04-07,6663
A0: All Stations,BRT07: USJ 7,2026-04-08,6594
A0: All Stations,BRT07: USJ 7,2026-04-09,6606
A0: All Stations,BRT07: USJ 7,2026-04-10,6541
A0: All Stations,BRT07: USJ 7,2026-04-11,4368
A0: All Stations,BRT07: USJ 7,2026-04-12,3279
A0: All Stations,BRT07: USJ 7,2026-04-13,7039
A0: All Stations,BRT07: USJ 7,2026-04-14,7092
A0: All Stations,BRT07: USJ 7,2026-04-15,7611
A0: All Stations,BRT07: USJ 7,2026-04-16,7293
A0: All Stations,BRT07: USJ 7,2026-04-17,7438
A0: All Stations,BRT07: USJ 7,2026-04-18,5971
A0: All Stations,BRT07: USJ 7,2026-04-19,4432
A0: All Stations,BRT07: USJ 7,2026-04-20,7237
A0: All Stations,BRT07: USJ 7,2026-04-21,7416
A0: All Stations,BRT07: USJ 7,2026-04-22,7420
A0: All Stations,BRT07: USJ 7,2026-04-23,7340
A0: All Stations,BRT07: USJ 7,2026-04-24,6954
A0: All Stations,BRT07: USJ 7,2026-04-25,4166
A0: All Stations,BRT07: USJ 7,2026-04-26,3368
A0: All Stations,BRT07: USJ 7,2026-04-27,7013
A0: All Stations,BRT07: USJ 7,2026-04-28,7151
A0: All Stations,BRT07: USJ 7,2026-04-29,7777
A0: All Stations,BRT07: USJ 7,2026-04-30,8046
A0: All Stations,BRT07: USJ 7,2026-05-01,4062
A0: All Stations,BRT07: USJ 7,2026-05-02,4342
A0: All Stations,BRT07: USJ 7,2026-05-03,3191
A0: All Stations,BRT07: USJ 7,2026-05-04,7505
A0: All Stations,BRT07: USJ 7,2026-05-05,8068
A0: All Stations,BRT07: USJ 7,2026-05-06,8364
A0: All Stations,BRT07: USJ 7,2026-05-07,8119
A0: All Stations,BRT07: USJ 7,2026-05-08,7823
A0: All Stations,BRT07: USJ 7,2026-05-09,4249
A0: All Stations,BRT07: USJ 7,2026-05-10,3256
A0: All Stations,BRT07: USJ 7,2026-05-11,7938
A0: All Stations,BRT07: USJ 7,2026-05-12,8306
A0: All Stations,BRT07: USJ 7,2026-05-13,8405
A0: All Stations,BRT07: USJ 7,2026-05-14,8139
A0: All Stations,BRT07: USJ 7,2026-05-15,7715
BRT01: Sunway-Setia Jaya,A0: All Stations,2026-01-01,702
BRT01: Sunway-Setia Jaya,A0: All Stations,2026-01-02,1046
BRT01: Sunway-Setia Jaya,A0: All Stations,2026-01-03,756
BRT01: Sunway-Setia Jaya,A0: All Stations,2026-01-04,681
BRT01: Sunway-Setia Jaya,A0: All Stations,2026-01-05,1307
BRT01: Sunway-Setia Jaya,A0: All Stations,2026-01-06,1352
BRT01: Sunway-Setia Jaya,A0: All Stations,2026-01-07,1411
BRT01: Sunway-Setia Jaya,A0: All Stations,2026-01-08,1307
BRT01: Sunway-Setia Jaya,A0: All Stations,2026-01-09,1348
BRT01: Sunway-Setia Jaya,A0: All Stations,2026-01-10,922
BRT01: Sunway-Setia Jaya,A0: All Stations,2026-01-11,673
BRT01: Sunway-Setia Jaya,A0: All Stations,2026-01-12,1615
BRT01: Sunway-Setia Jaya,A0: All Stations,2026-01-13,1588
BRT01: Sunway-Setia Jaya,A0: All Stations,2026-01-14,1704
BRT01: Sunway-Setia Jaya,A0: All Stations,2026-01-15,1703
BRT01: Sunway-Setia Jaya,A0: All Stations,2026-01-16,1675
BRT01: Sunway-Setia Jaya,A0: All Stations,2026-01-17,986
BRT01: Sunway-Setia Jaya,A0: All Stations,2026-01-18,700
BRT01: Sunway-Setia Jaya,A0: All Stations,2026-01-19,1648
BRT01: Sunway-Setia Jaya,A0: All Stations,2026-01-20,1634
BRT01: Sunway-Setia Jaya,A0: All Stations,2026-01-21,1761
BRT01: Sunway-Setia Jaya,A0: All Stations,2026-01-22,1694
BRT01: Sunway-Setia Jaya,A0: All Stations,2026-01-23,1638
BRT01: Sunway-Setia Jaya,A0: All Stations,2026-01-24,941
BRT01: Sunway-Setia Jaya,A0: All Stations,2026-01-25,659
BRT01: Sunway-Setia Jaya,A0: All Stations,2026-01-26,1515
BRT01: Sunway-Setia Jaya,A0: All Stations,2026-01-27,1610
BRT01: Sunway-Setia Jaya,A0: All Stations,2026-01-28,1692
BRT01: Sunway-Setia Jaya,A0: All Stations,2026-01-29,1632
BRT01: Sunway-Setia Jaya,A0: All Stations,2026-01-30,1642
BRT01: Sunway-Setia Jaya,A0: All Stations,2026-01-31,1033
BRT01: Sunway-Setia Jaya,A0: All Stations,2026-02-01,828
BRT01: Sunway-Setia Jaya,A0: All Stations,2026-02-02,819
BRT01: Sunway-Setia Jaya,A0: All Stations,2026-02-03,1650
BRT01: Sunway-Setia Jaya,A0: All Stations,2026-02-04,1787
BRT01: Sunway-Setia Jaya,A0: All Stations,2026-02-05,1768
BRT01: Sunway-Setia Jaya,A0: All Stations,2026-02-06,1802
BRT01: Sunway-Setia Jaya,A0: All Stations,2026-02-07,1144
BRT01: Sunway-Setia Jaya,A0: All Stations,2026-02-08,914
BRT01: Sunway-Setia Jaya,A0: All Stations,2026-02-09,1801
BRT01: Sunway-Setia Jaya,A0: All Stations,2026-02-10,1898
BRT01: Sunway-Setia Jaya,A0: All Stations,2026-02-11,1900
BRT01: Sunway-Setia Jaya,A0: All Stations,2026-02-12,1878
BRT01: Sunway-Setia Jaya,A0: All Stations,2026-02-13,1825
BRT01: Sunway-Setia Jaya,A0: All Stations,2026-02-14,1008
BRT01: Sunway-Setia Jaya,A0: All Stations,2026-02-15,764
BRT01: Sunway-Setia Jaya,A0: All Stations,2026-02-16,1053
BRT01: Sunway-Setia Jaya,A0: All Stations,2026-02-17,697
BRT01: Sunway-Setia Jaya,A0: All Stations,2026-02-18,683
BRT01: Sunway-Setia Jaya,A0: All Stations,2026-02-19,938
BRT01: Sunway-Setia Jaya,A0: All Stations,2026-02-20,990
BRT01: Sunway-Setia Jaya,A0: All Stations,2026-02-21,686
BRT01: Sunway-Setia Jaya,A0: All Stations,2026-02-22,592
BRT01: Sunway-Setia Jaya,A0: All Stations,2026-02-23,1650
BRT01: Sunway-Setia Jaya,A0: All Stations,2026-02-24,1707
BRT01: Sunway-Setia Jaya,A0: All Stations,2026-02-25,1835
BRT01: Sunway-Setia Jaya,A0: All Stations,2026-02-26,1781
BRT01: Sunway-Setia Jaya,A0: All Stations,2026-02-27,1821
BRT01: Sunway-Setia Jaya,A0: All Stations,2026-02-28,1088
BRT01: Sunway-Setia Jaya,A0: All Stations,2026-03-01,830
BRT01: Sunway-Setia Jaya,A0: All Stations,2026-03-02,1880
BRT01: Sunway-Setia Jaya,A0: All Stations,2026-03-03,1911
BRT01: Sunway-Setia Jaya,A0: All Stations,2026-03-04,1939
BRT01: Sunway-Setia Jaya,A0: All Stations,2026-03-05,1900
BRT01: Sunway-Setia Jaya,A0: All Stations,2026-03-06,1852
BRT01: Sunway-Setia Jaya,A0: All Stations,2026-03-07,909
BRT01: Sunway-Setia Jaya,A0: All Stations,2026-03-08,794
BRT01: Sunway-Setia Jaya,A0: All Stations,2026-03-09,1722
BRT01: Sunway-Setia Jaya,A0: All Stations,2026-03-10,1793
BRT01: Sunway-Setia Jaya,A0: All Stations,2026-03-11,1782
BRT01: Sunway-Setia Jaya,A0: All Stations,2026-03-12,1680
BRT01: Sunway-Setia Jaya,A0: All Stations,2026-03-13,1619
BRT01: Sunway-Setia Jaya,A0: All Stations,2026-03-14,1047
BRT01: Sunway-Setia Jaya,A0: All Stations,2026-03-15,783
BRT01: Sunway-Setia Jaya,A0: All Stations,2026-03-16,1853
BRT01: Sunway-Setia Jaya,A0: All Stations,2026-03-17,1811
BRT01: Sunway-Setia Jaya,A0: All Stations,2026-03-18,1846
BRT01: Sunway-Setia Jaya,A0: All Stations,2026-03-19,1631
BRT01: Sunway-Setia Jaya,A0: All Stations,2026-03-20,761
BRT01: Sunway-Setia Jaya,A0: All Stations,2026-03-21,745
BRT01: Sunway-Setia Jaya,A0: All Stations,2026-03-22,693
BRT01: Sunway-Setia Jaya,A0: All Stations,2026-03-23,626
BRT01: Sunway-Setia Jaya,A0: All Stations,2026-03-24,1265
BRT01: Sunway-Setia Jaya,A0: All Stations,2026-03-25,1404
BRT01: Sunway-Setia Jaya,A0: All Stations,2026-03-26,1494
BRT01: Sunway-Setia Jaya,A0: All Stations,2026-03-27,1509
BRT01: Sunway-Setia Jaya,A0: All Stations,2026-03-28,941
BRT01: Sunway-Setia Jaya,A0: All Stations,2026-03-29,709
BRT01: Sunway-Setia Jaya,A0: All Stations,2026-03-30,1652
BRT01: Sunway-Setia Jaya,A0: All Stations,2026-03-31,1641
BRT01: Sunway-Setia Jaya,A0: All Stations,2026-04-01,1779
BRT01: Sunway-Setia Jaya,A0: All Stations,2026-04-02,1672
BRT01: Sunway-Setia Jaya,A0: All Stations,2026-04-03,1571
BRT01: Sunway-Setia Jaya,A0: All Stations,2026-04-04,999
BRT01: Sunway-Setia Jaya,A0: All Stations,2026-04-05,816
BRT01: Sunway-Setia Jaya,A0: All Stations,2026-04-06,1532
BRT01: Sunway-Setia Jaya,A0: All Stations,2026-04-07,1616
BRT01: Sunway-Setia Jaya,A0: All Stations,2026-04-08,1675
BRT01: Sunway-Setia Jaya,A0: All Stations,2026-04-09,1604
BRT01: Sunway-Setia Jaya,A0: All Stations,2026-04-10,1490
BRT01: Sunway-Setia Jaya,A0: All Stations,2026-04-11,1029
BRT01: Sunway-Setia Jaya,A0: All Stations,2026-04-12,764
BRT01: Sunway-Setia Jaya,A0: All Stations,2026-04-13,1644
BRT01: Sunway-Setia Jaya,A0: All Stations,2026-04-14,1688
BRT01: Sunway-Setia Jaya,A0: All Stations,2026-04-15,1832
BRT01: Sunway-Setia Jaya,A0: All Stations,2026-04-16,1723
BRT01: Sunway-Setia Jaya,A0: All Stations,2026-04-17,1672
BRT01: Sunway-Setia Jaya,A0: All Stations,2026-04-18,1108
BRT01: Sunway-Setia Jaya,A0: All Stations,2026-04-19,800
BRT01: Sunway-Setia Jaya,A0: All Stations,2026-04-20,1630
BRT01: Sunway-Setia Jaya,A0: All Stations,2026-04-21,1650
BRT01: Sunway-Setia Jaya,A0: All Stations,2026-04-22,1746
BRT01: Sunway-Setia Jaya,A0: All Stations,2026-04-23,1665
BRT01: Sunway-Setia Jaya,A0: All Stations,2026-04-24,1560
BRT01: Sunway-Setia Jaya,A0: All Stations,2026-04-25,1010
BRT01: Sunway-Setia Jaya,A0: All Stations,2026-04-26,800
BRT01: Sunway-Setia Jaya,A0: All Stations,2026-04-27,1614
BRT01: Sunway-Setia Jaya,A0: All Stations,2026-04-28,1626
BRT01: Sunway-Setia Jaya,A0: All Stations,2026-04-29,1623
BRT01: Sunway-Setia Jaya,A0: All Stations,2026-04-30,1672
BRT01: Sunway-Setia Jaya,A0: All Stations,2026-05-01,853
BRT01: Sunway-Setia Jaya,A0: All Stations,2026-05-02,894
BRT01: Sunway-Setia Jaya,A0: All Stations,2026-05-03,783
BRT01: Sunway-Setia Jaya,A0: All Stations,2026-05-04,1578
BRT01: Sunway-Setia Jaya,A0: All Stations,2026-05-05,1549
BRT01: Sunway-Setia Jaya,A0: All Stations,2026-05-06,1670
BRT01: Sunway-Setia Jaya,A0: All Stations,2026-05-07,1634
BRT01: Sunway-Setia Jaya,A0: All Stations,2026-05-08,1552
BRT01: Sunway-Setia Jaya,A0: All Stations,2026-05-09,1009
BRT01: Sunway-Setia Jaya,A0: All Stations,2026-05-10,837
BRT01: Sunway-Setia Jaya,A0: All Stations,2026-05-11,1620
BRT01: Sunway-Setia Jaya,A0: All Stations,2026-05-12,1730
BRT01: Sunway-Setia Jaya,A0: All Stations,2026-05-13,1760
BRT01: Sunway-Setia Jaya,A0: All Stations,2026-05-14,1649
BRT01: Sunway-Setia Jaya,A0: All Stations,2026-05-15,1620
BRT01: Sunway-Setia Jaya,BRT01: Sunway-Setia Jaya,2026-01-01,7
BRT01: Sunway-Setia Jaya,BRT01: Sunway-Setia Jaya,2026-01-02,4
BRT01: Sunway-Setia Jaya,BRT01: Sunway-Setia Jaya,2026-01-03,9
BRT01: Sunway-Setia Jaya,BRT01: Sunway-Setia Jaya,2026-01-04,10
BRT01: Sunway-Setia Jaya,BRT01: Sunway-Setia Jaya,2026-01-05,8
BRT01: Sunway-Setia Jaya,BRT01: Sunway-Setia Jaya,2026-01-06,5
BRT01: Sunway-Setia Jaya,BRT01: Sunway-Setia Jaya,2026-01-07,6
BRT01: Sunway-Setia Jaya,BRT01: Sunway-Setia Jaya,2026-01-08,8
BRT01: Sunway-Setia Jaya,BRT01: Sunway-Setia Jaya,2026-01-09,7
BRT01: Sunway-Setia Jaya,BRT01: Sunway-Setia Jaya,2026-01-10,10
BRT01: Sunway-Setia Jaya,BRT01: Sunway-Setia Jaya,2026-01-11,11
BRT01: Sunway-Setia Jaya,BRT01: Sunway-Setia Jaya,2026-01-12,6
BRT01: Sunway-Setia Jaya,BRT01: Sunway-Setia Jaya,2026-01-13,11
BRT01: Sunway-Setia Jaya,BRT01: Sunway-Setia Jaya,2026-01-14,6
BRT01: Sunway-Setia Jaya,BRT01: Sunway-Setia Jaya,2026-01-15,11
BRT01: Sunway-Setia Jaya,BRT01: Sunway-Setia Jaya,2026-01-16,5
BRT01: Sunway-Setia Jaya,BRT01: Sunway-Setia Jaya,2026-01-17,9
BRT01: Sunway-Setia Jaya,BRT01: Sunway-Setia Jaya,2026-01-18,11
BRT01: Sunway-Setia Jaya,BRT01: Sunway-Setia Jaya,2026-01-19,11
BRT01: Sunway-Setia Jaya,BRT01: Sunway-Setia Jaya,2026-01-20,6
BRT01: Sunway-Setia Jaya,BRT01: Sunway-Setia Jaya,2026-01-21,9
BRT01: Sunway-Setia Jaya,BRT01: Sunway-Setia Jaya,2026-01-22,13
BRT01: Sunway-Setia Jaya,BRT01: Sunway-Setia Jaya,2026-01-23,18
BRT01: Sunway-Setia Jaya,BRT01: Sunway-Setia Jaya,2026-01-24,11
BRT01: Sunway-Setia Jaya,BRT01: Sunway-Setia Jaya,2026-01-25,3
BRT01: Sunway-Setia Jaya,BRT01: Sunway-Setia Jaya,2026-01-26,7
BRT01: Sunway-Setia Jaya,BRT01: Sunway-Setia Jaya,2026-01-27,2
BRT01: Sunway-Setia Jaya,BRT01: Sunway-Setia Jaya,2026-01-28,4
BRT01: Sunway-Setia Jaya,BRT01: Sunway-Setia Jaya,2026-01-29,6
BRT01: Sunway-Setia Jaya,BRT01: Sunway-Setia Jaya,2026-01-30,10
BRT01: Sunway-Setia Jaya,BRT01: Sunway-Setia Jaya,2026-01-31,13
BRT01: Sunway-Setia Jaya,BRT01: Sunway-Setia Jaya,2026-02-01,6
BRT01: Sunway-Setia Jaya,BRT01: Sunway-Setia Jaya,2026-02-02,7
BRT01: Sunway-Setia Jaya,BRT01: Sunway-Setia Jaya,2026-02-03,6
BRT01: Sunway-Setia Jaya,BRT01: Sunway-Setia Jaya,2026-02-04,10
BRT01: Sunway-Setia Jaya,BRT01: Sunway-Setia Jaya,2026-02-05,6
BRT01: Sunway-Setia Jaya,BRT01: Sunway-Setia Jaya,2026-02-06,14
BRT01: Sunway-Setia Jaya,BRT01: Sunway-Setia Jaya,2026-02-07,14
BRT01: Sunway-Setia Jaya,BRT01: Sunway-Setia Jaya,2026-02-08,2
BRT01: Sunway-Setia Jaya,BRT01: Sunway-Setia Jaya,2026-02-09,8
BRT01: Sunway-Setia Jaya,BRT01: Sunway-Setia Jaya,2026-02-10,12
BRT01: Sunway-Setia Jaya,BRT01: Sunway-Setia Jaya,2026-02-11,17
BRT01: Sunway-Setia Jaya,BRT01: Sunway-Setia Jaya,2026-02-12,12
BRT01: Sunway-Setia Jaya,BRT01: Sunway-Setia Jaya,2026-02-13,5
BRT01: Sunway-Setia Jaya,BRT01: Sunway-Setia Jaya,2026-02-14,6
BRT01: Sunway-Setia Jaya,BRT01: Sunway-Setia Jaya,2026-02-15,14
BRT01: Sunway-Setia Jaya,BRT01: Sunway-Setia Jaya,2026-02-16,7
BRT01: Sunway-Setia Jaya,BRT01: Sunway-Setia Jaya,2026-02-17,6
BRT01: Sunway-Setia Jaya,BRT01: Sunway-Setia Jaya,2026-02-18,8
BRT01: Sunway-Setia Jaya,BRT01: Sunway-Setia Jaya,2026-02-19,6
BRT01: Sunway-Setia Jaya,BRT01: Sunway-Setia Jaya,2026-02-20,9
BRT01: Sunway-Setia Jaya,BRT01: Sunway-Setia Jaya,2026-02-21,6
BRT01: Sunway-Setia Jaya,BRT01: Sunway-Setia Jaya,2026-02-22,2
BRT01: Sunway-Setia Jaya,BRT01: Sunway-Setia Jaya,2026-02-23,10
BRT01: Sunway-Setia Jaya,BRT01: Sunway-Setia Jaya,2026-02-24,8
BRT01: Sunway-Setia Jaya,BRT01: Sunway-Setia Jaya,2026-02-25,7
BRT01: Sunway-Setia Jaya,BRT01: Sunway-Setia Jaya,2026-02-26,6
BRT01: Sunway-Setia Jaya,BRT01: Sunway-Setia Jaya,2026-02-27,11
BRT01: Sunway-Setia Jaya,BRT01: Sunway-Setia Jaya,2026-02-28,10
BRT01: Sunway-Setia Jaya,BRT01: Sunway-Setia Jaya,2026-03-01,5
BRT01: Sunway-Setia Jaya,BRT01: Sunway-Setia Jaya,2026-03-02,5
BRT01: Sunway-Setia Jaya,BRT01: Sunway-Setia Jaya,2026-03-03,6
BRT01: Sunway-Setia Jaya,BRT01: Sunway-Setia Jaya,2026-03-04,13
BRT01: Sunway-Setia Jaya,BRT01: Sunway-Setia Jaya,2026-03-05,10
BRT01: Sunway-Setia Jaya,BRT01: Sunway-Setia Jaya,2026-03-06,14
BRT01: Sunway-Setia Jaya,BRT01: Sunway-Setia Jaya,2026-03-07,7
BRT01: Sunway-Setia Jaya,BRT01: Sunway-Setia Jaya,2026-03-08,10
BRT01: Sunway-Setia Jaya,BRT01: Sunway-Setia Jaya,2026-03-09,8
BRT01: Sunway-Setia Jaya,BRT01: Sunway-Setia Jaya,2026-03-10,7
BRT01: Sunway-Setia Jaya,BRT01: Sunway-Setia Jaya,2026-03-11,20
BRT01: Sunway-Setia Jaya,BRT01: Sunway-Setia Jaya,2026-03-12,16
BRT01: Sunway-Setia Jaya,BRT01: Sunway-Setia Jaya,2026-03-13,10
BRT01: Sunway-Setia Jaya,BRT01: Sunway-Setia Jaya,2026-03-14,3
BRT01: Sunway-Setia Jaya,BRT01: Sunway-Setia Jaya,2026-03-15,4
BRT01: Sunway-Setia Jaya,BRT01: Sunway-Setia Jaya,2026-03-16,11
BRT01: Sunway-Setia Jaya,BRT01: Sunway-Setia Jaya,2026-03-17,12
BRT01: Sunway-Setia Jaya,BRT01: Sunway-Setia Jaya,2026-03-18,7
BRT01: Sunway-Setia Jaya,BRT01: Sunway-Setia Jaya,2026-03-19,11
BRT01: Sunway-Setia Jaya,BRT01: Sunway-Setia Jaya,2026-03-20,3
BRT01: Sunway-Setia Jaya,BRT01: Sunway-Setia Jaya,2026-03-21,9
BRT01: Sunway-Setia Jaya,BRT01: Sunway-Setia Jaya,2026-03-22,4
BRT01: Sunway-Setia Jaya,BRT01: Sunway-Setia Jaya,2026-03-23,5
BRT01: Sunway-Setia Jaya,BRT01: Sunway-Setia Jaya,2026-03-24,6
BRT01: Sunway-Setia Jaya,BRT01: Sunway-Setia Jaya,2026-03-25,12
BRT01: Sunway-Setia Jaya,BRT01: Sunway-Setia Jaya,2026-03-26,7
BRT01: Sunway-Setia Jaya,BRT01: Sunway-Setia Jaya,2026-03-27,8
BRT01: Sunway-Setia Jaya,BRT01: Sunway-Setia Jaya,2026-03-28,7
BRT01: Sunway-Setia Jaya,BRT01: Sunway-Setia Jaya,2026-03-29,5
BRT01: Sunway-Setia Jaya,BRT01: Sunway-Setia Jaya,2026-03-30,9
BRT01: Sunway-Setia Jaya,BRT01: Sunway-Setia Jaya,2026-03-31,2
BRT01: Sunway-Setia Jaya,BRT01: Sunway-Setia Jaya,2026-04-01,14
BRT01: Sunway-Setia Jaya,BRT01: Sunway-Setia Jaya,2026-04-02,5
BRT01: Sunway-Setia Jaya,BRT01: Sunway-Setia Jaya,2026-04-03,5
BRT01: Sunway-Setia Jaya,BRT01: Sunway-Setia Jaya,2026-04-04,1
BRT01: Sunway-Setia Jaya,BRT01: Sunway-Setia Jaya,2026-04-05,4
BRT01: Sunway-Setia Jaya,BRT01: Sunway-Setia Jaya,2026-04-06,15
BRT01: Sunway-Setia Jaya,BRT01: Sunway-Setia Jaya,2026-04-07,10
BRT01: Sunway-Setia Jaya,BRT01: Sunway-Setia Jaya,2026-04-08,7
BRT01: Sunway-Setia Jaya,BRT01: Sunway-Setia Jaya,2026-04-09,6
BRT01: Sunway-Setia Jaya,BRT01: Sunway-Setia Jaya,2026-04-10,6
BRT01: Sunway-Setia Jaya,BRT01: Sunway-Setia Jaya,2026-04-11,9
BRT01: Sunway-Setia Jaya,BRT01: Sunway-Setia Jaya,2026-04-12,4
BRT01: Sunway-Setia Jaya,BRT01: Sunway-Setia Jaya,2026-04-13,16
BRT01: Sunway-Setia Jaya,BRT01: Sunway-Setia Jaya,2026-04-14,9
BRT01: Sunway-Setia Jaya,BRT01: Sunway-Setia Jaya,2026-04-15,11
BRT01: Sunway-Setia Jaya,BRT01: Sunway-Setia Jaya,2026-04-16,19
BRT01: Sunway-Setia Jaya,BRT01: Sunway-Setia Jaya,2026-04-17,8
BRT01: Sunway-Setia Jaya,BRT01: Sunway-Setia Jaya,2026-04-18,0
BRT01: Sunway-Setia Jaya,BRT01: Sunway-Setia Jaya,2026-04-19,5
BRT01: Sunway-Setia Jaya,BRT01: Sunway-Setia Jaya,2026-04-20,9
BRT01: Sunway-Setia Jaya,BRT01: Sunway-Setia Jaya,2026-04-21,9
BRT01: Sunway-Setia Jaya,BRT01: Sunway-Setia Jaya,2026-04-22,7
BRT01: Sunway-Setia Jaya,BRT01: Sunway-Setia Jaya,2026-04-23,6
BRT01: Sunway-Setia Jaya,BRT01: Sunway-Setia Jaya,2026-04-24,5
BRT01: Sunway-Setia Jaya,BRT01: Sunway-Setia Jaya,2026-04-25,9
BRT01: Sunway-Setia Jaya,BRT01: Sunway-Setia Jaya,2026-04-26,3
BRT01: Sunway-Setia Jaya,BRT01: Sunway-Setia Jaya,2026-04-27,10
BRT01: Sunway-Setia Jaya,BRT01: Sunway-Setia Jaya,2026-04-28,5
BRT01: Sunway-Setia Jaya,BRT01: Sunway-Setia Jaya,2026-04-29,10
BRT01: Sunway-Setia Jaya,BRT01: Sunway-Setia Jaya,2026-04-30,9
BRT01: Sunway-Setia Jaya,BRT01: Sunway-Setia Jaya,2026-05-01,8
BRT01: Sunway-Setia Jaya,BRT01: Sunway-Setia Jaya,2026-05-02,6
BRT01: Sunway-Setia Jaya,BRT01: Sunway-Setia Jaya,2026-05-03,4
BRT01: Sunway-Setia Jaya,BRT01: Sunway-Setia Jaya,2026-05-04,11
BRT01: Sunway-Setia Jaya,BRT01: Sunway-Setia Jaya,2026-05-05,5
BRT01: Sunway-Setia Jaya,BRT01: Sunway-Setia Jaya,2026-05-06,13
BRT01: Sunway-Setia Jaya,BRT01: Sunway-Setia Jaya,2026-05-07,5
BRT01: Sunway-Setia Jaya,BRT01: Sunway-Setia Jaya,2026-05-08,8
BRT01: Sunway-Setia Jaya,BRT01: Sunway-Setia Jaya,2026-05-09,4
BRT01: Sunway-Setia Jaya,BRT01: Sunway-Setia Jaya,2026-05-10,2
BRT01: Sunway-Setia Jaya,BRT01: Sunway-Setia Jaya,2026-05-11,15
BRT01: Sunway-Setia Jaya,BRT01: Sunway-Setia Jaya,2026-05-12,4
BRT01: Sunway-Setia Jaya,BRT01: Sunway-Setia Jaya,2026-05-13,7
BRT01: Sunway-Setia Jaya,BRT01: Sunway-Setia Jaya,2026-05-14,9
BRT01: Sunway-Setia Jaya,BRT01: Sunway-Setia Jaya,2026-05-15,7
BRT01: Sunway-Setia Jaya,BRT02: Mentari,2026-01-01,47
BRT01: Sunway-Setia Jaya,BRT02: Mentari,2026-01-02,75
BRT01: Sunway-Setia Jaya,BRT02: Mentari,2026-01-03,51
BRT01: Sunway-Setia Jaya,BRT02: Mentari,2026-01-04,62
BRT01: Sunway-Setia Jaya,BRT02: Mentari,2026-01-05,54
BRT01: Sunway-Setia Jaya,BRT02: Mentari,2026-01-06,63
BRT01: Sunway-Setia Jaya,BRT02: Mentari,2026-01-07,101
BRT01: Sunway-Setia Jaya,BRT02: Mentari,2026-01-08,72
BRT01: Sunway-Setia Jaya,BRT02: Mentari,2026-01-09,78
BRT01: Sunway-Setia Jaya,BRT02: Mentari,2026-01-10,52
BRT01: Sunway-Setia Jaya,BRT02: Mentari,2026-01-11,44
BRT01: Sunway-Setia Jaya,BRT02: Mentari,2026-01-12,95
BRT01: Sunway-Setia Jaya,BRT02: Mentari,2026-01-13,73
BRT01: Sunway-Setia Jaya,BRT02: Mentari,2026-01-14,111
BRT01: Sunway-Setia Jaya,BRT02: Mentari,2026-01-15,99
BRT01: Sunway-Setia Jaya,BRT02: Mentari,2026-01-16,102
BRT01: Sunway-Setia Jaya,BRT02: Mentari,2026-01-17,45
BRT01: Sunway-Setia Jaya,BRT02: Mentari,2026-01-18,53
BRT01: Sunway-Setia Jaya,BRT02: Mentari,2026-01-19,77
BRT01: Sunway-Setia Jaya,BRT02: Mentari,2026-01-20,89
BRT01: Sunway-Setia Jaya,BRT02: Mentari,2026-01-21,119
BRT01: Sunway-Setia Jaya,BRT02: Mentari,2026-01-22,106
BRT01: Sunway-Setia Jaya,BRT02: Mentari,2026-01-23,85
BRT01: Sunway-Setia Jaya,BRT02: Mentari,2026-01-24,69
BRT01: Sunway-Setia Jaya,BRT02: Mentari,2026-01-25,60
BRT01: Sunway-Setia Jaya,BRT02: Mentari,2026-01-26,94
BRT01: Sunway-Setia Jaya,BRT02: Mentari,2026-01-27,77
BRT01: Sunway-Setia Jaya,BRT02: Mentari,2026-01-28,124
BRT01: Sunway-Setia Jaya,BRT02: Mentari,2026-01-29,78
BRT01: Sunway-Setia Jaya,BRT02: Mentari,2026-01-30,82
BRT01: Sunway-Setia Jaya,BRT02: Mentari,2026-01-31,90
BRT01: Sunway-Setia Jaya,BRT02: Mentari,2026-02-01,72
BRT01: Sunway-Setia Jaya,BRT02: Mentari,2026-02-02,49
BRT01: Sunway-Setia Jaya,BRT02: Mentari,2026-02-03,101
BRT01: Sunway-Setia Jaya,BRT02: Mentari,2026-02-04,112
BRT01: Sunway-Setia Jaya,BRT02: Mentari,2026-02-05,102
BRT01: Sunway-Setia Jaya,BRT02: Mentari,2026-02-06,93
BRT01: Sunway-Setia Jaya,BRT02: Mentari,2026-02-07,59
BRT01: Sunway-Setia Jaya,BRT02: Mentari,2026-02-08,69
BRT01: Sunway-Setia Jaya,BRT02: Mentari,2026-02-09,97
BRT01: Sunway-Setia Jaya,BRT02: Mentari,2026-02-10,87
BRT01: Sunway-Setia Jaya,BRT02: Mentari,2026-02-11,124
BRT01: Sunway-Setia Jaya,BRT02: Mentari,2026-02-12,95
BRT01: Sunway-Setia Jaya,BRT02: Mentari,2026-02-13,98
BRT01: Sunway-Setia Jaya,BRT02: Mentari,2026-02-14,62
BRT01: Sunway-Setia Jaya,BRT02: Mentari,2026-02-15,52
BRT01: Sunway-Setia Jaya,BRT02: Mentari,2026-02-16,68
BRT01: Sunway-Setia Jaya,BRT02: Mentari,2026-02-17,40
BRT01: Sunway-Setia Jaya,BRT02: Mentari,2026-02-18,71
BRT01: Sunway-Setia Jaya,BRT02: Mentari,2026-02-19,58
BRT01: Sunway-Setia Jaya,BRT02: Mentari,2026-02-20,51
BRT01: Sunway-Setia Jaya,BRT02: Mentari,2026-02-21,41
BRT01: Sunway-Setia Jaya,BRT02: Mentari,2026-02-22,35
BRT01: Sunway-Setia Jaya,BRT02: Mentari,2026-02-23,76
BRT01: Sunway-Setia Jaya,BRT02: Mentari,2026-02-24,96
BRT01: Sunway-Setia Jaya,BRT02: Mentari,2026-02-25,144
BRT01: Sunway-Setia Jaya,BRT02: Mentari,2026-02-26,80
BRT01: Sunway-Setia Jaya,BRT02: Mentari,2026-02-27,81
BRT01: Sunway-Setia Jaya,BRT02: Mentari,2026-02-28,68
BRT01: Sunway-Setia Jaya,BRT02: Mentari,2026-03-01,60
BRT01: Sunway-Setia Jaya,BRT02: Mentari,2026-03-02,80
BRT01: Sunway-Setia Jaya,BRT02: Mentari,2026-03-03,94
BRT01: Sunway-Setia Jaya,BRT02: Mentari,2026-03-04,150
BRT01: Sunway-Setia Jaya,BRT02: Mentari,2026-03-05,100
BRT01: Sunway-Setia Jaya,BRT02: Mentari,2026-03-06,86
BRT01: Sunway-Setia Jaya,BRT02: Mentari,2026-03-07,43
BRT01: Sunway-Setia Jaya,BRT02: Mentari,2026-03-08,51
BRT01: Sunway-Setia Jaya,BRT02: Mentari,2026-03-09,76
BRT01: Sunway-Setia Jaya,BRT02: Mentari,2026-03-10,86
BRT01: Sunway-Setia Jaya,BRT02: Mentari,2026-03-11,123
BRT01: Sunway-Setia Jaya,BRT02: Mentari,2026-03-12,77
BRT01: Sunway-Setia Jaya,BRT02: Mentari,2026-03-13,66
BRT01: Sunway-Setia Jaya,BRT02: Mentari,2026-03-14,53
BRT01: Sunway-Setia Jaya,BRT02: Mentari,2026-03-15,37
BRT01: Sunway-Setia Jaya,BRT02: Mentari,2026-03-16,79
BRT01: Sunway-Setia Jaya,BRT02: Mentari,2026-03-17,93
BRT01: Sunway-Setia Jaya,BRT02: Mentari,2026-03-18,123
BRT01: Sunway-Setia Jaya,BRT02: Mentari,2026-03-19,92
BRT01: Sunway-Setia Jaya,BRT02: Mentari,2026-03-20,39
BRT01: Sunway-Setia Jaya,BRT02: Mentari,2026-03-21,38
BRT01: Sunway-Setia Jaya,BRT02: Mentari,2026-03-22,46
BRT01: Sunway-Setia Jaya,BRT02: Mentari,2026-03-23,42
BRT01: Sunway-Setia Jaya,BRT02: Mentari,2026-03-24,61
BRT01: Sunway-Setia Jaya,BRT02: Mentari,2026-03-25,103
BRT01: Sunway-Setia Jaya,BRT02: Mentari,2026-03-26,78
BRT01: Sunway-Setia Jaya,BRT02: Mentari,2026-03-27,76
BRT01: Sunway-Setia Jaya,BRT02: Mentari,2026-03-28,55
BRT01: Sunway-Setia Jaya,BRT02: Mentari,2026-03-29,51
BRT01: Sunway-Setia Jaya,BRT02: Mentari,2026-03-30,83
BRT01: Sunway-Setia Jaya,BRT02: Mentari,2026-03-31,80
BRT01: Sunway-Setia Jaya,BRT02: Mentari,2026-04-01,122
BRT01: Sunway-Setia Jaya,BRT02: Mentari,2026-04-02,85
BRT01: Sunway-Setia Jaya,BRT02: Mentari,2026-04-03,76
BRT01: Sunway-Setia Jaya,BRT02: Mentari,2026-04-04,69
BRT01: Sunway-Setia Jaya,BRT02: Mentari,2026-04-05,75
BRT01: Sunway-Setia Jaya,BRT02: Mentari,2026-04-06,71
BRT01: Sunway-Setia Jaya,BRT02: Mentari,2026-04-07,94
BRT01: Sunway-Setia Jaya,BRT02: Mentari,2026-04-08,140
BRT01: Sunway-Setia Jaya,BRT02: Mentari,2026-04-09,87
BRT01: Sunway-Setia Jaya,BRT02: Mentari,2026-04-10,81
BRT01: Sunway-Setia Jaya,BRT02: Mentari,2026-04-11,56
BRT01: Sunway-Setia Jaya,BRT02: Mentari,2026-04-12,57
BRT01: Sunway-Setia Jaya,BRT02: Mentari,2026-04-13,77
BRT01: Sunway-Setia Jaya,BRT02: Mentari,2026-04-14,93
BRT01: Sunway-Setia Jaya,BRT02: Mentari,2026-04-15,141
BRT01: Sunway-Setia Jaya,BRT02: Mentari,2026-04-16,85
BRT01: Sunway-Setia Jaya,BRT02: Mentari,2026-04-17,95
BRT01: Sunway-Setia Jaya,BRT02: Mentari,2026-04-18,63
BRT01: Sunway-Setia Jaya,BRT02: Mentari,2026-04-19,60
BRT01: Sunway-Setia Jaya,BRT02: Mentari,2026-04-20,93
BRT01: Sunway-Setia Jaya,BRT02: Mentari,2026-04-21,74
BRT01: Sunway-Setia Jaya,BRT02: Mentari,2026-04-22,121
BRT01: Sunway-Setia Jaya,BRT02: Mentari,2026-04-23,74
BRT01: Sunway-Setia Jaya,BRT02: Mentari,2026-04-24,95
BRT01: Sunway-Setia Jaya,BRT02: Mentari,2026-04-25,75
BRT01: Sunway-Setia Jaya,BRT02: Mentari,2026-04-26,65
BRT01: Sunway-Setia Jaya,BRT02: Mentari,2026-04-27,87
BRT01: Sunway-Setia Jaya,BRT02: Mentari,2026-04-28,77
BRT01: Sunway-Setia Jaya,BRT02: Mentari,2026-04-29,107
BRT01: Sunway-Setia Jaya,BRT02: Mentari,2026-04-30,63
BRT01: Sunway-Setia Jaya,BRT02: Mentari,2026-05-01,37
BRT01: Sunway-Setia Jaya,BRT02: Mentari,2026-05-02,46
BRT01: Sunway-Setia Jaya,BRT02: Mentari,2026-05-03,60
BRT01: Sunway-Setia Jaya,BRT02: Mentari,2026-05-04,75
BRT01: Sunway-Setia Jaya,BRT02: Mentari,2026-05-05,87
BRT01: Sunway-Setia Jaya,BRT02: Mentari,2026-05-06,108
BRT01: Sunway-Setia Jaya,BRT02: Mentari,2026-05-07,67
BRT01: Sunway-Setia Jaya,BRT02: Mentari,2026-05-08,73
BRT01: Sunway-Setia Jaya,BRT02: Mentari,2026-05-09,54
BRT01: Sunway-Setia Jaya,BRT02: Mentari,2026-05-10,60
BRT01: Sunway-Setia Jaya,BRT02: Mentari,2026-05-11,69
BRT01: Sunway-Setia Jaya,BRT02: Mentari,2026-05-12,78
BRT01: Sunway-Setia Jaya,BRT02: Mentari,2026-05-13,108
BRT01: Sunway-Setia Jaya,BRT02: Mentari,2026-05-14,60
BRT01: Sunway-Setia Jaya,BRT02: Mentari,2026-05-15,71
BRT01: Sunway-Setia Jaya,BRT03: Sunway Lagoon,2026-01-01,229
BRT01: Sunway-Setia Jaya,BRT03: Sunway Lagoon,2026-01-02,243
BRT01: Sunway-Setia Jaya,BRT03: Sunway Lagoon,2026-01-03,214
BRT01: Sunway-Setia Jaya,BRT03: Sunway Lagoon,2026-01-04,219
BRT01: Sunway-Setia Jaya,BRT03: Sunway Lagoon,2026-01-05,302
BRT01: Sunway-Setia Jaya,BRT03: Sunway Lagoon,2026-01-06,291
BRT01: Sunway-Setia Jaya,BRT03: Sunway Lagoon,2026-01-07,302
BRT01: Sunway-Setia Jaya,BRT03: Sunway Lagoon,2026-01-08,252
BRT01: Sunway-Setia Jaya,BRT03: Sunway Lagoon,2026-01-09,322
BRT01: Sunway-Setia Jaya,BRT03: Sunway Lagoon,2026-01-10,267
BRT01: Sunway-Setia Jaya,BRT03: Sunway Lagoon,2026-01-11,213
BRT01: Sunway-Setia Jaya,BRT03: Sunway Lagoon,2026-01-12,404
BRT01: Sunway-Setia Jaya,BRT03: Sunway Lagoon,2026-01-13,375
BRT01: Sunway-Setia Jaya,BRT03: Sunway Lagoon,2026-01-14,389
BRT01: Sunway-Setia Jaya,BRT03: Sunway Lagoon,2026-01-15,408
BRT01: Sunway-Setia Jaya,BRT03: Sunway Lagoon,2026-01-16,464
BRT01: Sunway-Setia Jaya,BRT03: Sunway Lagoon,2026-01-17,309
BRT01: Sunway-Setia Jaya,BRT03: Sunway Lagoon,2026-01-18,213
BRT01: Sunway-Setia Jaya,BRT03: Sunway Lagoon,2026-01-19,382
BRT01: Sunway-Setia Jaya,BRT03: Sunway Lagoon,2026-01-20,372
BRT01: Sunway-Setia Jaya,BRT03: Sunway Lagoon,2026-01-21,430
BRT01: Sunway-Setia Jaya,BRT03: Sunway Lagoon,2026-01-22,368
BRT01: Sunway-Setia Jaya,BRT03: Sunway Lagoon,2026-01-23,385
BRT01: Sunway-Setia Jaya,BRT03: Sunway Lagoon,2026-01-24,262
BRT01: Sunway-Setia Jaya,BRT03: Sunway Lagoon,2026-01-25,202
BRT01: Sunway-Setia Jaya,BRT03: Sunway Lagoon,2026-01-26,339
BRT01: Sunway-Setia Jaya,BRT03: Sunway Lagoon,2026-01-27,381
BRT01: Sunway-Setia Jaya,BRT03: Sunway Lagoon,2026-01-28,373
BRT01: Sunway-Setia Jaya,BRT03: Sunway Lagoon,2026-01-29,391
BRT01: Sunway-Setia Jaya,BRT03: Sunway Lagoon,2026-01-30,422
BRT01: Sunway-Setia Jaya,BRT03: Sunway Lagoon,2026-01-31,297
BRT01: Sunway-Setia Jaya,BRT03: Sunway Lagoon,2026-02-01,251
BRT01: Sunway-Setia Jaya,BRT03: Sunway Lagoon,2026-02-02,236
BRT01: Sunway-Setia Jaya,BRT03: Sunway Lagoon,2026-02-03,376
BRT01: Sunway-Setia Jaya,BRT03: Sunway Lagoon,2026-02-04,391
BRT01: Sunway-Setia Jaya,BRT03: Sunway Lagoon,2026-02-05,435
BRT01: Sunway-Setia Jaya,BRT03: Sunway Lagoon,2026-02-06,454
BRT01: Sunway-Setia Jaya,BRT03: Sunway Lagoon,2026-02-07,366
BRT01: Sunway-Setia Jaya,BRT03: Sunway Lagoon,2026-02-08,307
BRT01: Sunway-Setia Jaya,BRT03: Sunway Lagoon,2026-02-09,412
BRT01: Sunway-Setia Jaya,BRT03: Sunway Lagoon,2026-02-10,441
BRT01: Sunway-Setia Jaya,BRT03: Sunway Lagoon,2026-02-11,443
BRT01: Sunway-Setia Jaya,BRT03: Sunway Lagoon,2026-02-12,450
BRT01: Sunway-Setia Jaya,BRT03: Sunway Lagoon,2026-02-13,509
BRT01: Sunway-Setia Jaya,BRT03: Sunway Lagoon,2026-02-14,320
BRT01: Sunway-Setia Jaya,BRT03: Sunway Lagoon,2026-02-15,252
BRT01: Sunway-Setia Jaya,BRT03: Sunway Lagoon,2026-02-16,286
BRT01: Sunway-Setia Jaya,BRT03: Sunway Lagoon,2026-02-17,248
BRT01: Sunway-Setia Jaya,BRT03: Sunway Lagoon,2026-02-18,205
BRT01: Sunway-Setia Jaya,BRT03: Sunway Lagoon,2026-02-19,222
BRT01: Sunway-Setia Jaya,BRT03: Sunway Lagoon,2026-02-20,238
BRT01: Sunway-Setia Jaya,BRT03: Sunway Lagoon,2026-02-21,164
BRT01: Sunway-Setia Jaya,BRT03: Sunway Lagoon,2026-02-22,177
BRT01: Sunway-Setia Jaya,BRT03: Sunway Lagoon,2026-02-23,374
BRT01: Sunway-Setia Jaya,BRT03: Sunway Lagoon,2026-02-24,365
BRT01: Sunway-Setia Jaya,BRT03: Sunway Lagoon,2026-02-25,417
BRT01: Sunway-Setia Jaya,BRT03: Sunway Lagoon,2026-02-26,410
BRT01: Sunway-Setia Jaya,BRT03: Sunway Lagoon,2026-02-27,459
BRT01: Sunway-Setia Jaya,BRT03: Sunway Lagoon,2026-02-28,325
BRT01: Sunway-Setia Jaya,BRT03: Sunway Lagoon,2026-03-01,244
BRT01: Sunway-Setia Jaya,BRT03: Sunway Lagoon,2026-03-02,430
BRT01: Sunway-Setia Jaya,BRT03: Sunway Lagoon,2026-03-03,418
BRT01: Sunway-Setia Jaya,BRT03: Sunway Lagoon,2026-03-04,416
BRT01: Sunway-Setia Jaya,BRT03: Sunway Lagoon,2026-03-05,404
BRT01: Sunway-Setia Jaya,BRT03: Sunway Lagoon,2026-03-06,448
BRT01: Sunway-Setia Jaya,BRT03: Sunway Lagoon,2026-03-07,285
BRT01: Sunway-Setia Jaya,BRT03: Sunway Lagoon,2026-03-08,270
BRT01: Sunway-Setia Jaya,BRT03: Sunway Lagoon,2026-03-09,398
BRT01: Sunway-Setia Jaya,BRT03: Sunway Lagoon,2026-03-10,373
BRT01: Sunway-Setia Jaya,BRT03: Sunway Lagoon,2026-03-11,355
BRT01: Sunway-Setia Jaya,BRT03: Sunway Lagoon,2026-03-12,341
BRT01: Sunway-Setia Jaya,BRT03: Sunway Lagoon,2026-03-13,380
BRT01: Sunway-Setia Jaya,BRT03: Sunway Lagoon,2026-03-14,307
BRT01: Sunway-Setia Jaya,BRT03: Sunway Lagoon,2026-03-15,231
BRT01: Sunway-Setia Jaya,BRT03: Sunway Lagoon,2026-03-16,450
BRT01: Sunway-Setia Jaya,BRT03: Sunway Lagoon,2026-03-17,387
BRT01: Sunway-Setia Jaya,BRT03: Sunway Lagoon,2026-03-18,429
BRT01: Sunway-Setia Jaya,BRT03: Sunway Lagoon,2026-03-19,409
BRT01: Sunway-Setia Jaya,BRT03: Sunway Lagoon,2026-03-20,232
BRT01: Sunway-Setia Jaya,BRT03: Sunway Lagoon,2026-03-21,280
BRT01: Sunway-Setia Jaya,BRT03: Sunway Lagoon,2026-03-22,237
BRT01: Sunway-Setia Jaya,BRT03: Sunway Lagoon,2026-03-23,205
BRT01: Sunway-Setia Jaya,BRT03: Sunway Lagoon,2026-03-24,375
BRT01: Sunway-Setia Jaya,BRT03: Sunway Lagoon,2026-03-25,345
BRT01: Sunway-Setia Jaya,BRT03: Sunway Lagoon,2026-03-26,381
BRT01: Sunway-Setia Jaya,BRT03: Sunway Lagoon,2026-03-27,435
BRT01: Sunway-Setia Jaya,BRT03: Sunway Lagoon,2026-03-28,294
BRT01: Sunway-Setia Jaya,BRT03: Sunway Lagoon,2026-03-29,203
BRT01: Sunway-Setia Jaya,BRT03: Sunway Lagoon,2026-03-30,393
BRT01: Sunway-Setia Jaya,BRT03: Sunway Lagoon,2026-03-31,359
BRT01: Sunway-Setia Jaya,BRT03: Sunway Lagoon,2026-04-01,408
BRT01: Sunway-Setia Jaya,BRT03: Sunway Lagoon,2026-04-02,386
BRT01: Sunway-Setia Jaya,BRT03: Sunway Lagoon,2026-04-03,403
BRT01: Sunway-Setia Jaya,BRT03: Sunway Lagoon,2026-04-04,295
BRT01: Sunway-Setia Jaya,BRT03: Sunway Lagoon,2026-04-05,253
BRT01: Sunway-Setia Jaya,BRT03: Sunway Lagoon,2026-04-06,361
BRT01: Sunway-Setia Jaya,BRT03: Sunway Lagoon,2026-04-07,387
BRT01: Sunway-Setia Jaya,BRT03: Sunway Lagoon,2026-04-08,423
BRT01: Sunway-Setia Jaya,BRT03: Sunway Lagoon,2026-04-09,405
BRT01: Sunway-Setia Jaya,BRT03: Sunway Lagoon,2026-04-10,373
BRT01: Sunway-Setia Jaya,BRT03: Sunway Lagoon,2026-04-11,295
BRT01: Sunway-Setia Jaya,BRT03: Sunway Lagoon,2026-04-12,220
BRT01: Sunway-Setia Jaya,BRT03: Sunway Lagoon,2026-04-13,342
BRT01: Sunway-Setia Jaya,BRT03: Sunway Lagoon,2026-04-14,382
BRT01: Sunway-Setia Jaya,BRT03: Sunway Lagoon,2026-04-15,407
BRT01: Sunway-Setia Jaya,BRT03: Sunway Lagoon,2026-04-16,388
BRT01: Sunway-Setia Jaya,BRT03: Sunway Lagoon,2026-04-17,424
BRT01: Sunway-Setia Jaya,BRT03: Sunway Lagoon,2026-04-18,409
BRT01: Sunway-Setia Jaya,BRT03: Sunway Lagoon,2026-04-19,273
BRT01: Sunway-Setia Jaya,BRT03: Sunway Lagoon,2026-04-20,335
BRT01: Sunway-Setia Jaya,BRT03: Sunway Lagoon,2026-04-21,358
BRT01: Sunway-Setia Jaya,BRT03: Sunway Lagoon,2026-04-22,351
BRT01: Sunway-Setia Jaya,BRT03: Sunway Lagoon,2026-04-23,374
BRT01: Sunway-Setia Jaya,BRT03: Sunway Lagoon,2026-04-24,387
BRT01: Sunway-Setia Jaya,BRT03: Sunway Lagoon,2026-04-25,311
BRT01: Sunway-Setia Jaya,BRT03: Sunway Lagoon,2026-04-26,229
BRT01: Sunway-Setia Jaya,BRT03: Sunway Lagoon,2026-04-27,302
BRT01: Sunway-Setia Jaya,BRT03: Sunway Lagoon,2026-04-28,311
BRT01: Sunway-Setia Jaya,BRT03: Sunway Lagoon,2026-04-29,327
BRT01: Sunway-Setia Jaya,BRT03: Sunway Lagoon,2026-04-30,353
BRT01: Sunway-Setia Jaya,BRT03: Sunway Lagoon,2026-05-01,263
BRT01: Sunway-Setia Jaya,BRT03: Sunway Lagoon,2026-05-02,266
BRT01: Sunway-Setia Jaya,BRT03: Sunway Lagoon,2026-05-03,247
BRT01: Sunway-Setia Jaya,BRT03: Sunway Lagoon,2026-05-04,315
BRT01: Sunway-Setia Jaya,BRT03: Sunway Lagoon,2026-05-05,265
BRT01: Sunway-Setia Jaya,BRT03: Sunway Lagoon,2026-05-06,277
BRT01: Sunway-Setia Jaya,BRT03: Sunway Lagoon,2026-05-07,294
BRT01: Sunway-Setia Jaya,BRT03: Sunway Lagoon,2026-05-08,342
BRT01: Sunway-Setia Jaya,BRT03: Sunway Lagoon,2026-05-09,286
BRT01: Sunway-Setia Jaya,BRT03: Sunway Lagoon,2026-05-10,273
BRT01: Sunway-Setia Jaya,BRT03: Sunway Lagoon,2026-05-11,298
BRT01: Sunway-Setia Jaya,BRT03: Sunway Lagoon,2026-05-12,345
BRT01: Sunway-Setia Jaya,BRT03: Sunway Lagoon,2026-05-13,345
BRT01: Sunway-Setia Jaya,BRT03: Sunway Lagoon,2026-05-14,332
BRT01: Sunway-Setia Jaya,BRT03: Sunway Lagoon,2026-05-15,376
BRT01: Sunway-Setia Jaya,BRT04: SunMed,2026-01-01,119
BRT01: Sunway-Setia Jaya,BRT04: SunMed,2026-01-02,249
BRT01: Sunway-Setia Jaya,BRT04: SunMed,2026-01-03,208
BRT01: Sunway-Setia Jaya,BRT04: SunMed,2026-01-04,156
BRT01: Sunway-Setia Jaya,BRT04: SunMed,2026-01-05,314
BRT01: Sunway-Setia Jaya,BRT04: SunMed,2026-01-06,319
BRT01: Sunway-Setia Jaya,BRT04: SunMed,2026-01-07,313
BRT01: Sunway-Setia Jaya,BRT04: SunMed,2026-01-08,294
BRT01: Sunway-Setia Jaya,BRT04: SunMed,2026-01-09,315
BRT01: Sunway-Setia Jaya,BRT04: SunMed,2026-01-10,239
BRT01: Sunway-Setia Jaya,BRT04: SunMed,2026-01-11,154
BRT01: Sunway-Setia Jaya,BRT04: SunMed,2026-01-12,344
BRT01: Sunway-Setia Jaya,BRT04: SunMed,2026-01-13,345
BRT01: Sunway-Setia Jaya,BRT04: SunMed,2026-01-14,371
BRT01: Sunway-Setia Jaya,BRT04: SunMed,2026-01-15,355
BRT01: Sunway-Setia Jaya,BRT04: SunMed,2026-01-16,337
BRT01: Sunway-Setia Jaya,BRT04: SunMed,2026-01-17,229
BRT01: Sunway-Setia Jaya,BRT04: SunMed,2026-01-18,159
BRT01: Sunway-Setia Jaya,BRT04: SunMed,2026-01-19,327
BRT01: Sunway-Setia Jaya,BRT04: SunMed,2026-01-20,328
BRT01: Sunway-Setia Jaya,BRT04: SunMed,2026-01-21,349
BRT01: Sunway-Setia Jaya,BRT04: SunMed,2026-01-22,336
BRT01: Sunway-Setia Jaya,BRT04: SunMed,2026-01-23,361
BRT01: Sunway-Setia Jaya,BRT04: SunMed,2026-01-24,242
BRT01: Sunway-Setia Jaya,BRT04: SunMed,2026-01-25,158
BRT01: Sunway-Setia Jaya,BRT04: SunMed,2026-01-26,277
BRT01: Sunway-Setia Jaya,BRT04: SunMed,2026-01-27,324
BRT01: Sunway-Setia Jaya,BRT04: SunMed,2026-01-28,354
BRT01: Sunway-Setia Jaya,BRT04: SunMed,2026-01-29,357
BRT01: Sunway-Setia Jaya,BRT04: SunMed,2026-01-30,337
BRT01: Sunway-Setia Jaya,BRT04: SunMed,2026-01-31,233
BRT01: Sunway-Setia Jaya,BRT04: SunMed,2026-02-01,183
BRT01: Sunway-Setia Jaya,BRT04: SunMed,2026-02-02,218
BRT01: Sunway-Setia Jaya,BRT04: SunMed,2026-02-03,376
BRT01: Sunway-Setia Jaya,BRT04: SunMed,2026-02-04,388
BRT01: Sunway-Setia Jaya,BRT04: SunMed,2026-02-05,374
BRT01: Sunway-Setia Jaya,BRT04: SunMed,2026-02-06,401
BRT01: Sunway-Setia Jaya,BRT04: SunMed,2026-02-07,267
BRT01: Sunway-Setia Jaya,BRT04: SunMed,2026-02-08,188
BRT01: Sunway-Setia Jaya,BRT04: SunMed,2026-02-09,373
BRT01: Sunway-Setia Jaya,BRT04: SunMed,2026-02-10,423
BRT01: Sunway-Setia Jaya,BRT04: SunMed,2026-02-11,400
BRT01: Sunway-Setia Jaya,BRT04: SunMed,2026-02-12,397
BRT01: Sunway-Setia Jaya,BRT04: SunMed,2026-02-13,382
BRT01: Sunway-Setia Jaya,BRT04: SunMed,2026-02-14,220
BRT01: Sunway-Setia Jaya,BRT04: SunMed,2026-02-15,155
BRT01: Sunway-Setia Jaya,BRT04: SunMed,2026-02-16,215
BRT01: Sunway-Setia Jaya,BRT04: SunMed,2026-02-17,118
BRT01: Sunway-Setia Jaya,BRT04: SunMed,2026-02-18,151
BRT01: Sunway-Setia Jaya,BRT04: SunMed,2026-02-19,200
BRT01: Sunway-Setia Jaya,BRT04: SunMed,2026-02-20,233
BRT01: Sunway-Setia Jaya,BRT04: SunMed,2026-02-21,191
BRT01: Sunway-Setia Jaya,BRT04: SunMed,2026-02-22,159
BRT01: Sunway-Setia Jaya,BRT04: SunMed,2026-02-23,342
BRT01: Sunway-Setia Jaya,BRT04: SunMed,2026-02-24,371
BRT01: Sunway-Setia Jaya,BRT04: SunMed,2026-02-25,407
BRT01: Sunway-Setia Jaya,BRT04: SunMed,2026-02-26,388
BRT01: Sunway-Setia Jaya,BRT04: SunMed,2026-02-27,387
BRT01: Sunway-Setia Jaya,BRT04: SunMed,2026-02-28,277
BRT01: Sunway-Setia Jaya,BRT04: SunMed,2026-03-01,210
BRT01: Sunway-Setia Jaya,BRT04: SunMed,2026-03-02,412
BRT01: Sunway-Setia Jaya,BRT04: SunMed,2026-03-03,398
BRT01: Sunway-Setia Jaya,BRT04: SunMed,2026-03-04,395
BRT01: Sunway-Setia Jaya,BRT04: SunMed,2026-03-05,405
BRT01: Sunway-Setia Jaya,BRT04: SunMed,2026-03-06,363
BRT01: Sunway-Setia Jaya,BRT04: SunMed,2026-03-07,207
BRT01: Sunway-Setia Jaya,BRT04: SunMed,2026-03-08,180
BRT01: Sunway-Setia Jaya,BRT04: SunMed,2026-03-09,378
BRT01: Sunway-Setia Jaya,BRT04: SunMed,2026-03-10,386
BRT01: Sunway-Setia Jaya,BRT04: SunMed,2026-03-11,362
BRT01: Sunway-Setia Jaya,BRT04: SunMed,2026-03-12,340
BRT01: Sunway-Setia Jaya,BRT04: SunMed,2026-03-13,361
BRT01: Sunway-Setia Jaya,BRT04: SunMed,2026-03-14,277
BRT01: Sunway-Setia Jaya,BRT04: SunMed,2026-03-15,195
BRT01: Sunway-Setia Jaya,BRT04: SunMed,2026-03-16,364
BRT01: Sunway-Setia Jaya,BRT04: SunMed,2026-03-17,377
BRT01: Sunway-Setia Jaya,BRT04: SunMed,2026-03-18,373
BRT01: Sunway-Setia Jaya,BRT04: SunMed,2026-03-19,326
BRT01: Sunway-Setia Jaya,BRT04: SunMed,2026-03-20,188
BRT01: Sunway-Setia Jaya,BRT04: SunMed,2026-03-21,141
BRT01: Sunway-Setia Jaya,BRT04: SunMed,2026-03-22,170
BRT01: Sunway-Setia Jaya,BRT04: SunMed,2026-03-23,171
BRT01: Sunway-Setia Jaya,BRT04: SunMed,2026-03-24,264
BRT01: Sunway-Setia Jaya,BRT04: SunMed,2026-03-25,289
BRT01: Sunway-Setia Jaya,BRT04: SunMed,2026-03-26,320
BRT01: Sunway-Setia Jaya,BRT04: SunMed,2026-03-27,317
BRT01: Sunway-Setia Jaya,BRT04: SunMed,2026-03-28,246
BRT01: Sunway-Setia Jaya,BRT04: SunMed,2026-03-29,179
BRT01: Sunway-Setia Jaya,BRT04: SunMed,2026-03-30,310
BRT01: Sunway-Setia Jaya,BRT04: SunMed,2026-03-31,330
BRT01: Sunway-Setia Jaya,BRT04: SunMed,2026-04-01,342
BRT01: Sunway-Setia Jaya,BRT04: SunMed,2026-04-02,320
BRT01: Sunway-Setia Jaya,BRT04: SunMed,2026-04-03,300
BRT01: Sunway-Setia Jaya,BRT04: SunMed,2026-04-04,265
BRT01: Sunway-Setia Jaya,BRT04: SunMed,2026-04-05,177
BRT01: Sunway-Setia Jaya,BRT04: SunMed,2026-04-06,306
BRT01: Sunway-Setia Jaya,BRT04: SunMed,2026-04-07,339
BRT01: Sunway-Setia Jaya,BRT04: SunMed,2026-04-08,318
BRT01: Sunway-Setia Jaya,BRT04: SunMed,2026-04-09,339
BRT01: Sunway-Setia Jaya,BRT04: SunMed,2026-04-10,298
BRT01: Sunway-Setia Jaya,BRT04: SunMed,2026-04-11,239
BRT01: Sunway-Setia Jaya,BRT04: SunMed,2026-04-12,207
BRT01: Sunway-Setia Jaya,BRT04: SunMed,2026-04-13,343
BRT01: Sunway-Setia Jaya,BRT04: SunMed,2026-04-14,351
BRT01: Sunway-Setia Jaya,BRT04: SunMed,2026-04-15,360
BRT01: Sunway-Setia Jaya,BRT04: SunMed,2026-04-16,335
BRT01: Sunway-Setia Jaya,BRT04: SunMed,2026-04-17,353
BRT01: Sunway-Setia Jaya,BRT04: SunMed,2026-04-18,229
BRT01: Sunway-Setia Jaya,BRT04: SunMed,2026-04-19,171
BRT01: Sunway-Setia Jaya,BRT04: SunMed,2026-04-20,381
BRT01: Sunway-Setia Jaya,BRT04: SunMed,2026-04-21,382
BRT01: Sunway-Setia Jaya,BRT04: SunMed,2026-04-22,404
BRT01: Sunway-Setia Jaya,BRT04: SunMed,2026-04-23,394
BRT01: Sunway-Setia Jaya,BRT04: SunMed,2026-04-24,336
BRT01: Sunway-Setia Jaya,BRT04: SunMed,2026-04-25,230
BRT01: Sunway-Setia Jaya,BRT04: SunMed,2026-04-26,191
BRT01: Sunway-Setia Jaya,BRT04: SunMed,2026-04-27,382
BRT01: Sunway-Setia Jaya,BRT04: SunMed,2026-04-28,413
BRT01: Sunway-Setia Jaya,BRT04: SunMed,2026-04-29,370
BRT01: Sunway-Setia Jaya,BRT04: SunMed,2026-04-30,394
BRT01: Sunway-Setia Jaya,BRT04: SunMed,2026-05-01,194
BRT01: Sunway-Setia Jaya,BRT04: SunMed,2026-05-02,225
BRT01: Sunway-Setia Jaya,BRT04: SunMed,2026-05-03,182
BRT01: Sunway-Setia Jaya,BRT04: SunMed,2026-05-04,361
BRT01: Sunway-Setia Jaya,BRT04: SunMed,2026-05-05,382
BRT01: Sunway-Setia Jaya,BRT04: SunMed,2026-05-06,416
BRT01: Sunway-Setia Jaya,BRT04: SunMed,2026-05-07,419
BRT01: Sunway-Setia Jaya,BRT04: SunMed,2026-05-08,385
BRT01: Sunway-Setia Jaya,BRT04: SunMed,2026-05-09,246
BRT01: Sunway-Setia Jaya,BRT04: SunMed,2026-05-10,190
BRT01: Sunway-Setia Jaya,BRT04: SunMed,2026-05-11,390
BRT01: Sunway-Setia Jaya,BRT04: SunMed,2026-05-12,416
BRT01: Sunway-Setia Jaya,BRT04: SunMed,2026-05-13,397
BRT01: Sunway-Setia Jaya,BRT04: SunMed,2026-05-14,394
BRT01: Sunway-Setia Jaya,BRT04: SunMed,2026-05-15,371
BRT01: Sunway-Setia Jaya,BRT05: SunU-Monash,2026-01-01,23
BRT01: Sunway-Setia Jaya,BRT05: SunU-Monash,2026-01-02,66
BRT01: Sunway-Setia Jaya,BRT05: SunU-Monash,2026-01-03,36
BRT01: Sunway-Setia Jaya,BRT05: SunU-Monash,2026-01-04,32
BRT01: Sunway-Setia Jaya,BRT05: SunU-Monash,2026-01-05,102
BRT01: Sunway-Setia Jaya,BRT05: SunU-Monash,2026-01-06,130
BRT01: Sunway-Setia Jaya,BRT05: SunU-Monash,2026-01-07,123
BRT01: Sunway-Setia Jaya,BRT05: SunU-Monash,2026-01-08,113
BRT01: Sunway-Setia Jaya,BRT05: SunU-Monash,2026-01-09,128
BRT01: Sunway-Setia Jaya,BRT05: SunU-Monash,2026-01-10,67
BRT01: Sunway-Setia Jaya,BRT05: SunU-Monash,2026-01-11,37
BRT01: Sunway-Setia Jaya,BRT05: SunU-Monash,2026-01-12,118
BRT01: Sunway-Setia Jaya,BRT05: SunU-Monash,2026-01-13,134
BRT01: Sunway-Setia Jaya,BRT05: SunU-Monash,2026-01-14,144
BRT01: Sunway-Setia Jaya,BRT05: SunU-Monash,2026-01-15,167
BRT01: Sunway-Setia Jaya,BRT05: SunU-Monash,2026-01-16,129
BRT01: Sunway-Setia Jaya,BRT05: SunU-Monash,2026-01-17,61
BRT01: Sunway-Setia Jaya,BRT05: SunU-Monash,2026-01-18,47
BRT01: Sunway-Setia Jaya,BRT05: SunU-Monash,2026-01-19,132
BRT01: Sunway-Setia Jaya,BRT05: SunU-Monash,2026-01-20,142
BRT01: Sunway-Setia Jaya,BRT05: SunU-Monash,2026-01-21,142
BRT01: Sunway-Setia Jaya,BRT05: SunU-Monash,2026-01-22,160
BRT01: Sunway-Setia Jaya,BRT05: SunU-Monash,2026-01-23,131
BRT01: Sunway-Setia Jaya,BRT05: SunU-Monash,2026-01-24,50
BRT01: Sunway-Setia Jaya,BRT05: SunU-Monash,2026-01-25,38
BRT01: Sunway-Setia Jaya,BRT05: SunU-Monash,2026-01-26,117
BRT01: Sunway-Setia Jaya,BRT05: SunU-Monash,2026-01-27,137
BRT01: Sunway-Setia Jaya,BRT05: SunU-Monash,2026-01-28,144
BRT01: Sunway-Setia Jaya,BRT05: SunU-Monash,2026-01-29,137
BRT01: Sunway-Setia Jaya,BRT05: SunU-Monash,2026-01-30,153
BRT01: Sunway-Setia Jaya,BRT05: SunU-Monash,2026-01-31,56
BRT01: Sunway-Setia Jaya,BRT05: SunU-Monash,2026-02-01,41
BRT01: Sunway-Setia Jaya,BRT05: SunU-Monash,2026-02-02,42
BRT01: Sunway-Setia Jaya,BRT05: SunU-Monash,2026-02-03,150
BRT01: Sunway-Setia Jaya,BRT05: SunU-Monash,2026-02-04,159
BRT01: Sunway-Setia Jaya,BRT05: SunU-Monash,2026-02-05,173
BRT01: Sunway-Setia Jaya,BRT05: SunU-Monash,2026-02-06,155
BRT01: Sunway-Setia Jaya,BRT05: SunU-Monash,2026-02-07,68
BRT01: Sunway-Setia Jaya,BRT05: SunU-Monash,2026-02-08,57
BRT01: Sunway-Setia Jaya,BRT05: SunU-Monash,2026-02-09,158
BRT01: Sunway-Setia Jaya,BRT05: SunU-Monash,2026-02-10,201
BRT01: Sunway-Setia Jaya,BRT05: SunU-Monash,2026-02-11,176
BRT01: Sunway-Setia Jaya,BRT05: SunU-Monash,2026-02-12,177
BRT01: Sunway-Setia Jaya,BRT05: SunU-Monash,2026-02-13,130
BRT01: Sunway-Setia Jaya,BRT05: SunU-Monash,2026-02-14,47
BRT01: Sunway-Setia Jaya,BRT05: SunU-Monash,2026-02-15,26
BRT01: Sunway-Setia Jaya,BRT05: SunU-Monash,2026-02-16,51
BRT01: Sunway-Setia Jaya,BRT05: SunU-Monash,2026-02-17,24
BRT01: Sunway-Setia Jaya,BRT05: SunU-Monash,2026-02-18,11
BRT01: Sunway-Setia Jaya,BRT05: SunU-Monash,2026-02-19,56
BRT01: Sunway-Setia Jaya,BRT05: SunU-Monash,2026-02-20,60
BRT01: Sunway-Setia Jaya,BRT05: SunU-Monash,2026-02-21,38
BRT01: Sunway-Setia Jaya,BRT05: SunU-Monash,2026-02-22,33
BRT01: Sunway-Setia Jaya,BRT05: SunU-Monash,2026-02-23,163
BRT01: Sunway-Setia Jaya,BRT05: SunU-Monash,2026-02-24,206
BRT01: Sunway-Setia Jaya,BRT05: SunU-Monash,2026-02-25,172
BRT01: Sunway-Setia Jaya,BRT05: SunU-Monash,2026-02-26,217
BRT01: Sunway-Setia Jaya,BRT05: SunU-Monash,2026-02-27,166
BRT01: Sunway-Setia Jaya,BRT05: SunU-Monash,2026-02-28,62
BRT01: Sunway-Setia Jaya,BRT05: SunU-Monash,2026-03-01,50
BRT01: Sunway-Setia Jaya,BRT05: SunU-Monash,2026-03-02,253
BRT01: Sunway-Setia Jaya,BRT05: SunU-Monash,2026-03-03,282
BRT01: Sunway-Setia Jaya,BRT05: SunU-Monash,2026-03-04,261
BRT01: Sunway-Setia Jaya,BRT05: SunU-Monash,2026-03-05,270
BRT01: Sunway-Setia Jaya,BRT05: SunU-Monash,2026-03-06,240
BRT01: Sunway-Setia Jaya,BRT05: SunU-Monash,2026-03-07,50
BRT01: Sunway-Setia Jaya,BRT05: SunU-Monash,2026-03-08,51
BRT01: Sunway-Setia Jaya,BRT05: SunU-Monash,2026-03-09,233
BRT01: Sunway-Setia Jaya,BRT05: SunU-Monash,2026-03-10,287
BRT01: Sunway-Setia Jaya,BRT05: SunU-Monash,2026-03-11,264
BRT01: Sunway-Setia Jaya,BRT05: SunU-Monash,2026-03-12,255
BRT01: Sunway-Setia Jaya,BRT05: SunU-Monash,2026-03-13,214
BRT01: Sunway-Setia Jaya,BRT05: SunU-Monash,2026-03-14,62
BRT01: Sunway-Setia Jaya,BRT05: SunU-Monash,2026-03-15,54
BRT01: Sunway-Setia Jaya,BRT05: SunU-Monash,2026-03-16,230
BRT01: Sunway-Setia Jaya,BRT05: SunU-Monash,2026-03-17,287
BRT01: Sunway-Setia Jaya,BRT05: SunU-Monash,2026-03-18,255
BRT01: Sunway-Setia Jaya,BRT05: SunU-Monash,2026-03-19,229
BRT01: Sunway-Setia Jaya,BRT05: SunU-Monash,2026-03-20,48
BRT01: Sunway-Setia Jaya,BRT05: SunU-Monash,2026-03-21,43
BRT01: Sunway-Setia Jaya,BRT05: SunU-Monash,2026-03-22,43
BRT01: Sunway-Setia Jaya,BRT05: SunU-Monash,2026-03-23,46
BRT01: Sunway-Setia Jaya,BRT05: SunU-Monash,2026-03-24,171
BRT01: Sunway-Setia Jaya,BRT05: SunU-Monash,2026-03-25,182
BRT01: Sunway-Setia Jaya,BRT05: SunU-Monash,2026-03-26,181
BRT01: Sunway-Setia Jaya,BRT05: SunU-Monash,2026-03-27,151
BRT01: Sunway-Setia Jaya,BRT05: SunU-Monash,2026-03-28,53
BRT01: Sunway-Setia Jaya,BRT05: SunU-Monash,2026-03-29,36
BRT01: Sunway-Setia Jaya,BRT05: SunU-Monash,2026-03-30,202
BRT01: Sunway-Setia Jaya,BRT05: SunU-Monash,2026-03-31,231
BRT01: Sunway-Setia Jaya,BRT05: SunU-Monash,2026-04-01,207
BRT01: Sunway-Setia Jaya,BRT05: SunU-Monash,2026-04-02,194
BRT01: Sunway-Setia Jaya,BRT05: SunU-Monash,2026-04-03,170
BRT01: Sunway-Setia Jaya,BRT05: SunU-Monash,2026-04-04,55
BRT01: Sunway-Setia Jaya,BRT05: SunU-Monash,2026-04-05,42
BRT01: Sunway-Setia Jaya,BRT05: SunU-Monash,2026-04-06,130
BRT01: Sunway-Setia Jaya,BRT05: SunU-Monash,2026-04-07,127
BRT01: Sunway-Setia Jaya,BRT05: SunU-Monash,2026-04-08,144
BRT01: Sunway-Setia Jaya,BRT05: SunU-Monash,2026-04-09,138
BRT01: Sunway-Setia Jaya,BRT05: SunU-Monash,2026-04-10,136
BRT01: Sunway-Setia Jaya,BRT05: SunU-Monash,2026-04-11,82
BRT01: Sunway-Setia Jaya,BRT05: SunU-Monash,2026-04-12,57
BRT01: Sunway-Setia Jaya,BRT05: SunU-Monash,2026-04-13,201
BRT01: Sunway-Setia Jaya,BRT05: SunU-Monash,2026-04-14,222
BRT01: Sunway-Setia Jaya,BRT05: SunU-Monash,2026-04-15,236
BRT01: Sunway-Setia Jaya,BRT05: SunU-Monash,2026-04-16,222
BRT01: Sunway-Setia Jaya,BRT05: SunU-Monash,2026-04-17,203
BRT01: Sunway-Setia Jaya,BRT05: SunU-Monash,2026-04-18,80
BRT01: Sunway-Setia Jaya,BRT05: SunU-Monash,2026-04-19,60
BRT01: Sunway-Setia Jaya,BRT05: SunU-Monash,2026-04-20,208
BRT01: Sunway-Setia Jaya,BRT05: SunU-Monash,2026-04-21,233
BRT01: Sunway-Setia Jaya,BRT05: SunU-Monash,2026-04-22,242
BRT01: Sunway-Setia Jaya,BRT05: SunU-Monash,2026-04-23,193
BRT01: Sunway-Setia Jaya,BRT05: SunU-Monash,2026-04-24,172
BRT01: Sunway-Setia Jaya,BRT05: SunU-Monash,2026-04-25,74
BRT01: Sunway-Setia Jaya,BRT05: SunU-Monash,2026-04-26,57
BRT01: Sunway-Setia Jaya,BRT05: SunU-Monash,2026-04-27,221
BRT01: Sunway-Setia Jaya,BRT05: SunU-Monash,2026-04-28,224
BRT01: Sunway-Setia Jaya,BRT05: SunU-Monash,2026-04-29,228
BRT01: Sunway-Setia Jaya,BRT05: SunU-Monash,2026-04-30,252
BRT01: Sunway-Setia Jaya,BRT05: SunU-Monash,2026-05-01,55
BRT01: Sunway-Setia Jaya,BRT05: SunU-Monash,2026-05-02,73
BRT01: Sunway-Setia Jaya,BRT05: SunU-Monash,2026-05-03,55
BRT01: Sunway-Setia Jaya,BRT05: SunU-Monash,2026-05-04,277
BRT01: Sunway-Setia Jaya,BRT05: SunU-Monash,2026-05-05,262
BRT01: Sunway-Setia Jaya,BRT05: SunU-Monash,2026-05-06,274
BRT01: Sunway-Setia Jaya,BRT05: SunU-Monash,2026-05-07,280
BRT01: Sunway-Setia Jaya,BRT05: SunU-Monash,2026-05-08,198
BRT01: Sunway-Setia Jaya,BRT05: SunU-Monash,2026-05-09,77
BRT01: Sunway-Setia Jaya,BRT05: SunU-Monash,2026-05-10,59
BRT01: Sunway-Setia Jaya,BRT05: SunU-Monash,2026-05-11,303
BRT01: Sunway-Setia Jaya,BRT05: SunU-Monash,2026-05-12,303
BRT01: Sunway-Setia Jaya,BRT05: SunU-Monash,2026-05-13,331
BRT01: Sunway-Setia Jaya,BRT05: SunU-Monash,2026-05-14,285
BRT01: Sunway-Setia Jaya,BRT05: SunU-Monash,2026-05-15,238
BRT01: Sunway-Setia Jaya,BRT06: South Quay-USJ 1,2026-01-01,80
BRT01: Sunway-Setia Jaya,BRT06: South Quay-USJ 1,2026-01-02,87
BRT01: Sunway-Setia Jaya,BRT06: South Quay-USJ 1,2026-01-03,60
BRT01: Sunway-Setia Jaya,BRT06: South Quay-USJ 1,2026-01-04,64
BRT01: Sunway-Setia Jaya,BRT06: South Quay-USJ 1,2026-01-05,96
BRT01: Sunway-Setia Jaya,BRT06: South Quay-USJ 1,2026-01-06,86
BRT01: Sunway-Setia Jaya,BRT06: South Quay-USJ 1,2026-01-07,94
BRT01: Sunway-Setia Jaya,BRT06: South Quay-USJ 1,2026-01-08,98
BRT01: Sunway-Setia Jaya,BRT06: South Quay-USJ 1,2026-01-09,86
BRT01: Sunway-Setia Jaya,BRT06: South Quay-USJ 1,2026-01-10,58
BRT01: Sunway-Setia Jaya,BRT06: South Quay-USJ 1,2026-01-11,49
BRT01: Sunway-Setia Jaya,BRT06: South Quay-USJ 1,2026-01-12,106
BRT01: Sunway-Setia Jaya,BRT06: South Quay-USJ 1,2026-01-13,99
BRT01: Sunway-Setia Jaya,BRT06: South Quay-USJ 1,2026-01-14,103
BRT01: Sunway-Setia Jaya,BRT06: South Quay-USJ 1,2026-01-15,109
BRT01: Sunway-Setia Jaya,BRT06: South Quay-USJ 1,2026-01-16,89
BRT01: Sunway-Setia Jaya,BRT06: South Quay-USJ 1,2026-01-17,61
BRT01: Sunway-Setia Jaya,BRT06: South Quay-USJ 1,2026-01-18,65
BRT01: Sunway-Setia Jaya,BRT06: South Quay-USJ 1,2026-01-19,118
BRT01: Sunway-Setia Jaya,BRT06: South Quay-USJ 1,2026-01-20,110
BRT01: Sunway-Setia Jaya,BRT06: South Quay-USJ 1,2026-01-21,93
BRT01: Sunway-Setia Jaya,BRT06: South Quay-USJ 1,2026-01-22,107
BRT01: Sunway-Setia Jaya,BRT06: South Quay-USJ 1,2026-01-23,77
BRT01: Sunway-Setia Jaya,BRT06: South Quay-USJ 1,2026-01-24,53
BRT01: Sunway-Setia Jaya,BRT06: South Quay-USJ 1,2026-01-25,47
BRT01: Sunway-Setia Jaya,BRT06: South Quay-USJ 1,2026-01-26,125
BRT01: Sunway-Setia Jaya,BRT06: South Quay-USJ 1,2026-01-27,112
BRT01: Sunway-Setia Jaya,BRT06: South Quay-USJ 1,2026-01-28,114
BRT01: Sunway-Setia Jaya,BRT06: South Quay-USJ 1,2026-01-29,95
BRT01: Sunway-Setia Jaya,BRT06: South Quay-USJ 1,2026-01-30,94
BRT01: Sunway-Setia Jaya,BRT06: South Quay-USJ 1,2026-01-31,71
BRT01: Sunway-Setia Jaya,BRT06: South Quay-USJ 1,2026-02-01,67
BRT01: Sunway-Setia Jaya,BRT06: South Quay-USJ 1,2026-02-02,67
BRT01: Sunway-Setia Jaya,BRT06: South Quay-USJ 1,2026-02-03,97
BRT01: Sunway-Setia Jaya,BRT06: South Quay-USJ 1,2026-02-04,102
BRT01: Sunway-Setia Jaya,BRT06: South Quay-USJ 1,2026-02-05,116
BRT01: Sunway-Setia Jaya,BRT06: South Quay-USJ 1,2026-02-06,110
BRT01: Sunway-Setia Jaya,BRT06: South Quay-USJ 1,2026-02-07,70
BRT01: Sunway-Setia Jaya,BRT06: South Quay-USJ 1,2026-02-08,66
BRT01: Sunway-Setia Jaya,BRT06: South Quay-USJ 1,2026-02-09,127
BRT01: Sunway-Setia Jaya,BRT06: South Quay-USJ 1,2026-02-10,119
BRT01: Sunway-Setia Jaya,BRT06: South Quay-USJ 1,2026-02-11,120
BRT01: Sunway-Setia Jaya,BRT06: South Quay-USJ 1,2026-02-12,126
BRT01: Sunway-Setia Jaya,BRT06: South Quay-USJ 1,2026-02-13,103
BRT01: Sunway-Setia Jaya,BRT06: South Quay-USJ 1,2026-02-14,65
BRT01: Sunway-Setia Jaya,BRT06: South Quay-USJ 1,2026-02-15,84
BRT01: Sunway-Setia Jaya,BRT06: South Quay-USJ 1,2026-02-16,74
BRT01: Sunway-Setia Jaya,BRT06: South Quay-USJ 1,2026-02-17,62
BRT01: Sunway-Setia Jaya,BRT06: South Quay-USJ 1,2026-02-18,57
BRT01: Sunway-Setia Jaya,BRT06: South Quay-USJ 1,2026-02-19,70
BRT01: Sunway-Setia Jaya,BRT06: South Quay-USJ 1,2026-02-20,84
BRT01: Sunway-Setia Jaya,BRT06: South Quay-USJ 1,2026-02-21,55
BRT01: Sunway-Setia Jaya,BRT06: South Quay-USJ 1,2026-02-22,46
BRT01: Sunway-Setia Jaya,BRT06: South Quay-USJ 1,2026-02-23,112
BRT01: Sunway-Setia Jaya,BRT06: South Quay-USJ 1,2026-02-24,95
BRT01: Sunway-Setia Jaya,BRT06: South Quay-USJ 1,2026-02-25,101
BRT01: Sunway-Setia Jaya,BRT06: South Quay-USJ 1,2026-02-26,89
BRT01: Sunway-Setia Jaya,BRT06: South Quay-USJ 1,2026-02-27,104
BRT01: Sunway-Setia Jaya,BRT06: South Quay-USJ 1,2026-02-28,82
BRT01: Sunway-Setia Jaya,BRT06: South Quay-USJ 1,2026-03-01,56
BRT01: Sunway-Setia Jaya,BRT06: South Quay-USJ 1,2026-03-02,109
BRT01: Sunway-Setia Jaya,BRT06: South Quay-USJ 1,2026-03-03,112
BRT01: Sunway-Setia Jaya,BRT06: South Quay-USJ 1,2026-03-04,115
BRT01: Sunway-Setia Jaya,BRT06: South Quay-USJ 1,2026-03-05,116
BRT01: Sunway-Setia Jaya,BRT06: South Quay-USJ 1,2026-03-06,119
BRT01: Sunway-Setia Jaya,BRT06: South Quay-USJ 1,2026-03-07,64
BRT01: Sunway-Setia Jaya,BRT06: South Quay-USJ 1,2026-03-08,51
BRT01: Sunway-Setia Jaya,BRT06: South Quay-USJ 1,2026-03-09,103
BRT01: Sunway-Setia Jaya,BRT06: South Quay-USJ 1,2026-03-10,106
BRT01: Sunway-Setia Jaya,BRT06: South Quay-USJ 1,2026-03-11,103
BRT01: Sunway-Setia Jaya,BRT06: South Quay-USJ 1,2026-03-12,117
BRT01: Sunway-Setia Jaya,BRT06: South Quay-USJ 1,2026-03-13,95
BRT01: Sunway-Setia Jaya,BRT06: South Quay-USJ 1,2026-03-14,70
BRT01: Sunway-Setia Jaya,BRT06: South Quay-USJ 1,2026-03-15,62
BRT01: Sunway-Setia Jaya,BRT06: South Quay-USJ 1,2026-03-16,105
BRT01: Sunway-Setia Jaya,BRT06: South Quay-USJ 1,2026-03-17,115
BRT01: Sunway-Setia Jaya,BRT06: South Quay-USJ 1,2026-03-18,98
BRT01: Sunway-Setia Jaya,BRT06: South Quay-USJ 1,2026-03-19,107
BRT01: Sunway-Setia Jaya,BRT06: South Quay-USJ 1,2026-03-20,71
BRT01: Sunway-Setia Jaya,BRT06: South Quay-USJ 1,2026-03-21,49
BRT01: Sunway-Setia Jaya,BRT06: South Quay-USJ 1,2026-03-22,27
BRT01: Sunway-Setia Jaya,BRT06: South Quay-USJ 1,2026-03-23,32
BRT01: Sunway-Setia Jaya,BRT06: South Quay-USJ 1,2026-03-24,64
BRT01: Sunway-Setia Jaya,BRT06: South Quay-USJ 1,2026-03-25,82
BRT01: Sunway-Setia Jaya,BRT06: South Quay-USJ 1,2026-03-26,72
BRT01: Sunway-Setia Jaya,BRT06: South Quay-USJ 1,2026-03-27,73
BRT01: Sunway-Setia Jaya,BRT06: South Quay-USJ 1,2026-03-28,46
BRT01: Sunway-Setia Jaya,BRT06: South Quay-USJ 1,2026-03-29,41
BRT01: Sunway-Setia Jaya,BRT06: South Quay-USJ 1,2026-03-30,84
BRT01: Sunway-Setia Jaya,BRT06: South Quay-USJ 1,2026-03-31,92
BRT01: Sunway-Setia Jaya,BRT06: South Quay-USJ 1,2026-04-01,105
BRT01: Sunway-Setia Jaya,BRT06: South Quay-USJ 1,2026-04-02,101
BRT01: Sunway-Setia Jaya,BRT06: South Quay-USJ 1,2026-04-03,106
BRT01: Sunway-Setia Jaya,BRT06: South Quay-USJ 1,2026-04-04,63
BRT01: Sunway-Setia Jaya,BRT06: South Quay-USJ 1,2026-04-05,60
BRT01: Sunway-Setia Jaya,BRT06: South Quay-USJ 1,2026-04-06,108
BRT01: Sunway-Setia Jaya,BRT06: South Quay-USJ 1,2026-04-07,112
BRT01: Sunway-Setia Jaya,BRT06: South Quay-USJ 1,2026-04-08,102
BRT01: Sunway-Setia Jaya,BRT06: South Quay-USJ 1,2026-04-09,89
BRT01: Sunway-Setia Jaya,BRT06: South Quay-USJ 1,2026-04-10,105
BRT01: Sunway-Setia Jaya,BRT06: South Quay-USJ 1,2026-04-11,63
BRT01: Sunway-Setia Jaya,BRT06: South Quay-USJ 1,2026-04-12,44
BRT01: Sunway-Setia Jaya,BRT06: South Quay-USJ 1,2026-04-13,99
BRT01: Sunway-Setia Jaya,BRT06: South Quay-USJ 1,2026-04-14,99
BRT01: Sunway-Setia Jaya,BRT06: South Quay-USJ 1,2026-04-15,104
BRT01: Sunway-Setia Jaya,BRT06: South Quay-USJ 1,2026-04-16,98
BRT01: Sunway-Setia Jaya,BRT06: South Quay-USJ 1,2026-04-17,97
BRT01: Sunway-Setia Jaya,BRT06: South Quay-USJ 1,2026-04-18,53
BRT01: Sunway-Setia Jaya,BRT06: South Quay-USJ 1,2026-04-19,52
BRT01: Sunway-Setia Jaya,BRT06: South Quay-USJ 1,2026-04-20,85
BRT01: Sunway-Setia Jaya,BRT06: South Quay-USJ 1,2026-04-21,105
BRT01: Sunway-Setia Jaya,BRT06: South Quay-USJ 1,2026-04-22,91
BRT01: Sunway-Setia Jaya,BRT06: South Quay-USJ 1,2026-04-23,87
BRT01: Sunway-Setia Jaya,BRT06: South Quay-USJ 1,2026-04-24,89
BRT01: Sunway-Setia Jaya,BRT06: South Quay-USJ 1,2026-04-25,44
BRT01: Sunway-Setia Jaya,BRT06: South Quay-USJ 1,2026-04-26,50
BRT01: Sunway-Setia Jaya,BRT06: South Quay-USJ 1,2026-04-27,110
BRT01: Sunway-Setia Jaya,BRT06: South Quay-USJ 1,2026-04-28,114
BRT01: Sunway-Setia Jaya,BRT06: South Quay-USJ 1,2026-04-29,95
BRT01: Sunway-Setia Jaya,BRT06: South Quay-USJ 1,2026-04-30,109
BRT01: Sunway-Setia Jaya,BRT06: South Quay-USJ 1,2026-05-01,68
BRT01: Sunway-Setia Jaya,BRT06: South Quay-USJ 1,2026-05-02,69
BRT01: Sunway-Setia Jaya,BRT06: South Quay-USJ 1,2026-05-03,54
BRT01: Sunway-Setia Jaya,BRT06: South Quay-USJ 1,2026-05-04,96
BRT01: Sunway-Setia Jaya,BRT06: South Quay-USJ 1,2026-05-05,89
BRT01: Sunway-Setia Jaya,BRT06: South Quay-USJ 1,2026-05-06,105
BRT01: Sunway-Setia Jaya,BRT06: South Quay-USJ 1,2026-05-07,100
BRT01: Sunway-Setia Jaya,BRT06: South Quay-USJ 1,2026-05-08,98
BRT01: Sunway-Setia Jaya,BRT06: South Quay-USJ 1,2026-05-09,76
BRT01: Sunway-Setia Jaya,BRT06: South Quay-USJ 1,2026-05-10,55
BRT01: Sunway-Setia Jaya,BRT06: South Quay-USJ 1,2026-05-11,108
BRT01: Sunway-Setia Jaya,BRT06: South Quay-USJ 1,2026-05-12,105
BRT01: Sunway-Setia Jaya,BRT06: South Quay-USJ 1,2026-05-13,89
BRT01: Sunway-Setia Jaya,BRT06: South Quay-USJ 1,2026-05-14,95
BRT01: Sunway-Setia Jaya,BRT06: South Quay-USJ 1,2026-05-15,92
BRT01: Sunway-Setia Jaya,BRT07: USJ 7,2026-01-01,197
BRT01: Sunway-Setia Jaya,BRT07: USJ 7,2026-01-02,322
BRT01: Sunway-Setia Jaya,BRT07: USJ 7,2026-01-03,178
BRT01: Sunway-Setia Jaya,BRT07: USJ 7,2026-01-04,138
BRT01: Sunway-Setia Jaya,BRT07: USJ 7,2026-01-05,431
BRT01: Sunway-Setia Jaya,BRT07: USJ 7,2026-01-06,458
BRT01: Sunway-Setia Jaya,BRT07: USJ 7,2026-01-07,472
BRT01: Sunway-Setia Jaya,BRT07: USJ 7,2026-01-08,470
BRT01: Sunway-Setia Jaya,BRT07: USJ 7,2026-01-09,412
BRT01: Sunway-Setia Jaya,BRT07: USJ 7,2026-01-10,229
BRT01: Sunway-Setia Jaya,BRT07: USJ 7,2026-01-11,165
BRT01: Sunway-Setia Jaya,BRT07: USJ 7,2026-01-12,542
BRT01: Sunway-Setia Jaya,BRT07: USJ 7,2026-01-13,551
BRT01: Sunway-Setia Jaya,BRT07: USJ 7,2026-01-14,580
BRT01: Sunway-Setia Jaya,BRT07: USJ 7,2026-01-15,554
BRT01: Sunway-Setia Jaya,BRT07: USJ 7,2026-01-16,549
BRT01: Sunway-Setia Jaya,BRT07: USJ 7,2026-01-17,272
BRT01: Sunway-Setia Jaya,BRT07: USJ 7,2026-01-18,152
BRT01: Sunway-Setia Jaya,BRT07: USJ 7,2026-01-19,601
BRT01: Sunway-Setia Jaya,BRT07: USJ 7,2026-01-20,587
BRT01: Sunway-Setia Jaya,BRT07: USJ 7,2026-01-21,619
BRT01: Sunway-Setia Jaya,BRT07: USJ 7,2026-01-22,604
BRT01: Sunway-Setia Jaya,BRT07: USJ 7,2026-01-23,581
BRT01: Sunway-Setia Jaya,BRT07: USJ 7,2026-01-24,254
BRT01: Sunway-Setia Jaya,BRT07: USJ 7,2026-01-25,151
BRT01: Sunway-Setia Jaya,BRT07: USJ 7,2026-01-26,556
BRT01: Sunway-Setia Jaya,BRT07: USJ 7,2026-01-27,577
BRT01: Sunway-Setia Jaya,BRT07: USJ 7,2026-01-28,579
BRT01: Sunway-Setia Jaya,BRT07: USJ 7,2026-01-29,568
BRT01: Sunway-Setia Jaya,BRT07: USJ 7,2026-01-30,544
BRT01: Sunway-Setia Jaya,BRT07: USJ 7,2026-01-31,273
BRT01: Sunway-Setia Jaya,BRT07: USJ 7,2026-02-01,208
BRT01: Sunway-Setia Jaya,BRT07: USJ 7,2026-02-02,200
BRT01: Sunway-Setia Jaya,BRT07: USJ 7,2026-02-03,544
BRT01: Sunway-Setia Jaya,BRT07: USJ 7,2026-02-04,625
BRT01: Sunway-Setia Jaya,BRT07: USJ 7,2026-02-05,562
BRT01: Sunway-Setia Jaya,BRT07: USJ 7,2026-02-06,575
BRT01: Sunway-Setia Jaya,BRT07: USJ 7,2026-02-07,300
BRT01: Sunway-Setia Jaya,BRT07: USJ 7,2026-02-08,225
BRT01: Sunway-Setia Jaya,BRT07: USJ 7,2026-02-09,626
BRT01: Sunway-Setia Jaya,BRT07: USJ 7,2026-02-10,615
BRT01: Sunway-Setia Jaya,BRT07: USJ 7,2026-02-11,620
BRT01: Sunway-Setia Jaya,BRT07: USJ 7,2026-02-12,621
BRT01: Sunway-Setia Jaya,BRT07: USJ 7,2026-02-13,598
BRT01: Sunway-Setia Jaya,BRT07: USJ 7,2026-02-14,288
BRT01: Sunway-Setia Jaya,BRT07: USJ 7,2026-02-15,181
BRT01: Sunway-Setia Jaya,BRT07: USJ 7,2026-02-16,352
BRT01: Sunway-Setia Jaya,BRT07: USJ 7,2026-02-17,199
BRT01: Sunway-Setia Jaya,BRT07: USJ 7,2026-02-18,180
BRT01: Sunway-Setia Jaya,BRT07: USJ 7,2026-02-19,326
BRT01: Sunway-Setia Jaya,BRT07: USJ 7,2026-02-20,315
BRT01: Sunway-Setia Jaya,BRT07: USJ 7,2026-02-21,191
BRT01: Sunway-Setia Jaya,BRT07: USJ 7,2026-02-22,140
BRT01: Sunway-Setia Jaya,BRT07: USJ 7,2026-02-23,573
BRT01: Sunway-Setia Jaya,BRT07: USJ 7,2026-02-24,566
BRT01: Sunway-Setia Jaya,BRT07: USJ 7,2026-02-25,587
BRT01: Sunway-Setia Jaya,BRT07: USJ 7,2026-02-26,591
BRT01: Sunway-Setia Jaya,BRT07: USJ 7,2026-02-27,613
BRT01: Sunway-Setia Jaya,BRT07: USJ 7,2026-02-28,264
BRT01: Sunway-Setia Jaya,BRT07: USJ 7,2026-03-01,205
BRT01: Sunway-Setia Jaya,BRT07: USJ 7,2026-03-02,591
BRT01: Sunway-Setia Jaya,BRT07: USJ 7,2026-03-03,601
BRT01: Sunway-Setia Jaya,BRT07: USJ 7,2026-03-04,589
BRT01: Sunway-Setia Jaya,BRT07: USJ 7,2026-03-05,595
BRT01: Sunway-Setia Jaya,BRT07: USJ 7,2026-03-06,582
BRT01: Sunway-Setia Jaya,BRT07: USJ 7,2026-03-07,253
BRT01: Sunway-Setia Jaya,BRT07: USJ 7,2026-03-08,181
BRT01: Sunway-Setia Jaya,BRT07: USJ 7,2026-03-09,526
BRT01: Sunway-Setia Jaya,BRT07: USJ 7,2026-03-10,548
BRT01: Sunway-Setia Jaya,BRT07: USJ 7,2026-03-11,555
BRT01: Sunway-Setia Jaya,BRT07: USJ 7,2026-03-12,534
BRT01: Sunway-Setia Jaya,BRT07: USJ 7,2026-03-13,493
BRT01: Sunway-Setia Jaya,BRT07: USJ 7,2026-03-14,275
BRT01: Sunway-Setia Jaya,BRT07: USJ 7,2026-03-15,200
BRT01: Sunway-Setia Jaya,BRT07: USJ 7,2026-03-16,614
BRT01: Sunway-Setia Jaya,BRT07: USJ 7,2026-03-17,540
BRT01: Sunway-Setia Jaya,BRT07: USJ 7,2026-03-18,561
BRT01: Sunway-Setia Jaya,BRT07: USJ 7,2026-03-19,457
BRT01: Sunway-Setia Jaya,BRT07: USJ 7,2026-03-20,180
BRT01: Sunway-Setia Jaya,BRT07: USJ 7,2026-03-21,185
BRT01: Sunway-Setia Jaya,BRT07: USJ 7,2026-03-22,166
BRT01: Sunway-Setia Jaya,BRT07: USJ 7,2026-03-23,125
BRT01: Sunway-Setia Jaya,BRT07: USJ 7,2026-03-24,324
BRT01: Sunway-Setia Jaya,BRT07: USJ 7,2026-03-25,391
BRT01: Sunway-Setia Jaya,BRT07: USJ 7,2026-03-26,455
BRT01: Sunway-Setia Jaya,BRT07: USJ 7,2026-03-27,449
BRT01: Sunway-Setia Jaya,BRT07: USJ 7,2026-03-28,240
BRT01: Sunway-Setia Jaya,BRT07: USJ 7,2026-03-29,194
BRT01: Sunway-Setia Jaya,BRT07: USJ 7,2026-03-30,571
BRT01: Sunway-Setia Jaya,BRT07: USJ 7,2026-03-31,547
BRT01: Sunway-Setia Jaya,BRT07: USJ 7,2026-04-01,581
BRT01: Sunway-Setia Jaya,BRT07: USJ 7,2026-04-02,581
BRT01: Sunway-Setia Jaya,BRT07: USJ 7,2026-04-03,511
BRT01: Sunway-Setia Jaya,BRT07: USJ 7,2026-04-04,251
BRT01: Sunway-Setia Jaya,BRT07: USJ 7,2026-04-05,205
BRT01: Sunway-Setia Jaya,BRT07: USJ 7,2026-04-06,541
BRT01: Sunway-Setia Jaya,BRT07: USJ 7,2026-04-07,547
BRT01: Sunway-Setia Jaya,BRT07: USJ 7,2026-04-08,541
BRT01: Sunway-Setia Jaya,BRT07: USJ 7,2026-04-09,540
BRT01: Sunway-Setia Jaya,BRT07: USJ 7,2026-04-10,491
BRT01: Sunway-Setia Jaya,BRT07: USJ 7,2026-04-11,285
BRT01: Sunway-Setia Jaya,BRT07: USJ 7,2026-04-12,175
BRT01: Sunway-Setia Jaya,BRT07: USJ 7,2026-04-13,566
BRT01: Sunway-Setia Jaya,BRT07: USJ 7,2026-04-14,532
BRT01: Sunway-Setia Jaya,BRT07: USJ 7,2026-04-15,573
BRT01: Sunway-Setia Jaya,BRT07: USJ 7,2026-04-16,576
BRT01: Sunway-Setia Jaya,BRT07: USJ 7,2026-04-17,492
BRT01: Sunway-Setia Jaya,BRT07: USJ 7,2026-04-18,274
BRT01: Sunway-Setia Jaya,BRT07: USJ 7,2026-04-19,179
BRT01: Sunway-Setia Jaya,BRT07: USJ 7,2026-04-20,519
BRT01: Sunway-Setia Jaya,BRT07: USJ 7,2026-04-21,489
BRT01: Sunway-Setia Jaya,BRT07: USJ 7,2026-04-22,530
BRT01: Sunway-Setia Jaya,BRT07: USJ 7,2026-04-23,537
BRT01: Sunway-Setia Jaya,BRT07: USJ 7,2026-04-24,476
BRT01: Sunway-Setia Jaya,BRT07: USJ 7,2026-04-25,267
BRT01: Sunway-Setia Jaya,BRT07: USJ 7,2026-04-26,205
BRT01: Sunway-Setia Jaya,BRT07: USJ 7,2026-04-27,502
BRT01: Sunway-Setia Jaya,BRT07: USJ 7,2026-04-28,482
BRT01: Sunway-Setia Jaya,BRT07: USJ 7,2026-04-29,486
BRT01: Sunway-Setia Jaya,BRT07: USJ 7,2026-04-30,492
BRT01: Sunway-Setia Jaya,BRT07: USJ 7,2026-05-01,228
BRT01: Sunway-Setia Jaya,BRT07: USJ 7,2026-05-02,209
BRT01: Sunway-Setia Jaya,BRT07: USJ 7,2026-05-03,181
BRT01: Sunway-Setia Jaya,BRT07: USJ 7,2026-05-04,443
BRT01: Sunway-Setia Jaya,BRT07: USJ 7,2026-05-05,459
BRT01: Sunway-Setia Jaya,BRT07: USJ 7,2026-05-06,477
BRT01: Sunway-Setia Jaya,BRT07: USJ 7,2026-05-07,469
BRT01: Sunway-Setia Jaya,BRT07: USJ 7,2026-05-08,448
BRT01: Sunway-Setia Jaya,BRT07: USJ 7,2026-05-09,266
BRT01: Sunway-Setia Jaya,BRT07: USJ 7,2026-05-10,198
BRT01: Sunway-Setia Jaya,BRT07: USJ 7,2026-05-11,437
BRT01: Sunway-Setia Jaya,BRT07: USJ 7,2026-05-12,479
BRT01: Sunway-Setia Jaya,BRT07: USJ 7,2026-05-13,483
BRT01: Sunway-Setia Jaya,BRT07: USJ 7,2026-05-14,474
BRT01: Sunway-Setia Jaya,BRT07: USJ 7,2026-05-15,465
BRT02: Mentari,A0: All Stations,2026-01-01,795
BRT02: Mentari,A0: All Stations,2026-01-02,973
BRT02: Mentari,A0: All Stations,2026-01-03,783
BRT02: Mentari,A0: All Stations,2026-01-04,796
BRT02: Mentari,A0: All Stations,2026-01-05,1131
BRT02: Mentari,A0: All Stations,2026-01-06,1108
BRT02: Mentari,A0: All Stations,2026-01-07,1319
BRT02: Mentari,A0: All Stations,2026-01-08,1123
BRT02: Mentari,A0: All Stations,2026-01-09,1154
BRT02: Mentari,A0: All Stations,2026-01-10,948
BRT02: Mentari,A0: All Stations,2026-01-11,823
BRT02: Mentari,A0: All Stations,2026-01-12,1134
BRT02: Mentari,A0: All Stations,2026-01-13,1180
BRT02: Mentari,A0: All Stations,2026-01-14,1358
BRT02: Mentari,A0: All Stations,2026-01-15,1242
BRT02: Mentari,A0: All Stations,2026-01-16,1243
BRT02: Mentari,A0: All Stations,2026-01-17,930
BRT02: Mentari,A0: All Stations,2026-01-18,852
BRT02: Mentari,A0: All Stations,2026-01-19,1147
BRT02: Mentari,A0: All Stations,2026-01-20,1266
BRT02: Mentari,A0: All Stations,2026-01-21,1445
BRT02: Mentari,A0: All Stations,2026-01-22,1212
BRT02: Mentari,A0: All Stations,2026-01-23,1232
BRT02: Mentari,A0: All Stations,2026-01-24,936
BRT02: Mentari,A0: All Stations,2026-01-25,849
BRT02: Mentari,A0: All Stations,2026-01-26,1067
BRT02: Mentari,A0: All Stations,2026-01-27,1232
BRT02: Mentari,A0: All Stations,2026-01-28,1353
BRT02: Mentari,A0: All Stations,2026-01-29,1176
BRT02: Mentari,A0: All Stations,2026-01-30,1314
BRT02: Mentari,A0: All Stations,2026-01-31,996
BRT02: Mentari,A0: All Stations,2026-02-01,981
BRT02: Mentari,A0: All Stations,2026-02-02,843
BRT02: Mentari,A0: All Stations,2026-02-03,1267
BRT02: Mentari,A0: All Stations,2026-02-04,1501
BRT02: Mentari,A0: All Stations,2026-02-05,1325
BRT02: Mentari,A0: All Stations,2026-02-06,1408
BRT02: Mentari,A0: All Stations,2026-02-07,1216
BRT02: Mentari,A0: All Stations,2026-02-08,1220
BRT02: Mentari,A0: All Stations,2026-02-09,1374
BRT02: Mentari,A0: All Stations,2026-02-10,1383
BRT02: Mentari,A0: All Stations,2026-02-11,1598
BRT02: Mentari,A0: All Stations,2026-02-12,1452
BRT02: Mentari,A0: All Stations,2026-02-13,1459
BRT02: Mentari,A0: All Stations,2026-02-14,995
BRT02: Mentari,A0: All Stations,2026-02-15,883
BRT02: Mentari,A0: All Stations,2026-02-16,1002
BRT02: Mentari,A0: All Stations,2026-02-17,674
BRT02: Mentari,A0: All Stations,2026-02-18,844
BRT02: Mentari,A0: All Stations,2026-02-19,849
BRT02: Mentari,A0: All Stations,2026-02-20,976
BRT02: Mentari,A0: All Stations,2026-02-21,762
BRT02: Mentari,A0: All Stations,2026-02-22,680
BRT02: Mentari,A0: All Stations,2026-02-23,1203
BRT02: Mentari,A0: All Stations,2026-02-24,1209
BRT02: Mentari,A0: All Stations,2026-02-25,1350
BRT02: Mentari,A0: All Stations,2026-02-26,1313
BRT02: Mentari,A0: All Stations,2026-02-27,1380
BRT02: Mentari,A0: All Stations,2026-02-28,973
BRT02: Mentari,A0: All Stations,2026-03-01,906
BRT02: Mentari,A0: All Stations,2026-03-02,1402
BRT02: Mentari,A0: All Stations,2026-03-03,1439
BRT02: Mentari,A0: All Stations,2026-03-04,1570
BRT02: Mentari,A0: All Stations,2026-03-05,1457
BRT02: Mentari,A0: All Stations,2026-03-06,1543
BRT02: Mentari,A0: All Stations,2026-03-07,909
BRT02: Mentari,A0: All Stations,2026-03-08,959
BRT02: Mentari,A0: All Stations,2026-03-09,1363
BRT02: Mentari,A0: All Stations,2026-03-10,1407
BRT02: Mentari,A0: All Stations,2026-03-11,1543
BRT02: Mentari,A0: All Stations,2026-03-12,1377
BRT02: Mentari,A0: All Stations,2026-03-13,1492
BRT02: Mentari,A0: All Stations,2026-03-14,994
BRT02: Mentari,A0: All Stations,2026-03-15,897
BRT02: Mentari,A0: All Stations,2026-03-16,1382
BRT02: Mentari,A0: All Stations,2026-03-17,1383
BRT02: Mentari,A0: All Stations,2026-03-18,1538
BRT02: Mentari,A0: All Stations,2026-03-19,1254
BRT02: Mentari,A0: All Stations,2026-03-20,861
BRT02: Mentari,A0: All Stations,2026-03-21,805
BRT02: Mentari,A0: All Stations,2026-03-22,834
BRT02: Mentari,A0: All Stations,2026-03-23,699
BRT02: Mentari,A0: All Stations,2026-03-24,1107
BRT02: Mentari,A0: All Stations,2026-03-25,1269
BRT02: Mentari,A0: All Stations,2026-03-26,1139
BRT02: Mentari,A0: All Stations,2026-03-27,1277
BRT02: Mentari,A0: All Stations,2026-03-28,920
BRT02: Mentari,A0: All Stations,2026-03-29,808
BRT02: Mentari,A0: All Stations,2026-03-30,1248
BRT02: Mentari,A0: All Stations,2026-03-31,1286
BRT02: Mentari,A0: All Stations,2026-04-01,1465
BRT02: Mentari,A0: All Stations,2026-04-02,1330
BRT02: Mentari,A0: All Stations,2026-04-03,1368
BRT02: Mentari,A0: All Stations,2026-04-04,963
BRT02: Mentari,A0: All Stations,2026-04-05,936
BRT02: Mentari,A0: All Stations,2026-04-06,1213
BRT02: Mentari,A0: All Stations,2026-04-07,1264
BRT02: Mentari,A0: All Stations,2026-04-08,1367
BRT02: Mentari,A0: All Stations,2026-04-09,1307
BRT02: Mentari,A0: All Stations,2026-04-10,1292
BRT02: Mentari,A0: All Stations,2026-04-11,952
BRT02: Mentari,A0: All Stations,2026-04-12,902
BRT02: Mentari,A0: All Stations,2026-04-13,1217
BRT02: Mentari,A0: All Stations,2026-04-14,1349
BRT02: Mentari,A0: All Stations,2026-04-15,1518
BRT02: Mentari,A0: All Stations,2026-04-16,1332
BRT02: Mentari,A0: All Stations,2026-04-17,1406
BRT02: Mentari,A0: All Stations,2026-04-18,1133
BRT02: Mentari,A0: All Stations,2026-04-19,957
BRT02: Mentari,A0: All Stations,2026-04-20,1339
BRT02: Mentari,A0: All Stations,2026-04-21,1382
BRT02: Mentari,A0: All Stations,2026-04-22,1536
BRT02: Mentari,A0: All Stations,2026-04-23,1350
BRT02: Mentari,A0: All Stations,2026-04-24,1324
BRT02: Mentari,A0: All Stations,2026-04-25,1026
BRT02: Mentari,A0: All Stations,2026-04-26,970
BRT02: Mentari,A0: All Stations,2026-04-27,1315
BRT02: Mentari,A0: All Stations,2026-04-28,1375
BRT02: Mentari,A0: All Stations,2026-04-29,1543
BRT02: Mentari,A0: All Stations,2026-04-30,1443
BRT02: Mentari,A0: All Stations,2026-05-01,951
BRT02: Mentari,A0: All Stations,2026-05-02,960
BRT02: Mentari,A0: All Stations,2026-05-03,910
BRT02: Mentari,A0: All Stations,2026-05-04,1412
BRT02: Mentari,A0: All Stations,2026-05-05,1423
BRT02: Mentari,A0: All Stations,2026-05-06,1565
BRT02: Mentari,A0: All Stations,2026-05-07,1453
BRT02: Mentari,A0: All Stations,2026-05-08,1410
BRT02: Mentari,A0: All Stations,2026-05-09,1060
BRT02: Mentari,A0: All Stations,2026-05-10,1009
BRT02: Mentari,A0: All Stations,2026-05-11,1453
BRT02: Mentari,A0: All Stations,2026-05-12,1424
BRT02: Mentari,A0: All Stations,2026-05-13,1594
BRT02: Mentari,A0: All Stations,2026-05-14,1371
BRT02: Mentari,A0: All Stations,2026-05-15,1375
BRT02: Mentari,BRT01: Sunway-Setia Jaya,2026-01-01,39
BRT02: Mentari,BRT01: Sunway-Setia Jaya,2026-01-02,55
BRT02: Mentari,BRT01: Sunway-Setia Jaya,2026-01-03,47
BRT02: Mentari,BRT01: Sunway-Setia Jaya,2026-01-04,40
BRT02: Mentari,BRT01: Sunway-Setia Jaya,2026-01-05,56
BRT02: Mentari,BRT01: Sunway-Setia Jaya,2026-01-06,57
BRT02: Mentari,BRT01: Sunway-Setia Jaya,2026-01-07,109
BRT02: Mentari,BRT01: Sunway-Setia Jaya,2026-01-08,70
BRT02: Mentari,BRT01: Sunway-Setia Jaya,2026-01-09,69
BRT02: Mentari,BRT01: Sunway-Setia Jaya,2026-01-10,43
BRT02: Mentari,BRT01: Sunway-Setia Jaya,2026-01-11,32
BRT02: Mentari,BRT01: Sunway-Setia Jaya,2026-01-12,94
BRT02: Mentari,BRT01: Sunway-Setia Jaya,2026-01-13,93
BRT02: Mentari,BRT01: Sunway-Setia Jaya,2026-01-14,115
BRT02: Mentari,BRT01: Sunway-Setia Jaya,2026-01-15,97
BRT02: Mentari,BRT01: Sunway-Setia Jaya,2026-01-16,82
BRT02: Mentari,BRT01: Sunway-Setia Jaya,2026-01-17,47
BRT02: Mentari,BRT01: Sunway-Setia Jaya,2026-01-18,45
BRT02: Mentari,BRT01: Sunway-Setia Jaya,2026-01-19,71
BRT02: Mentari,BRT01: Sunway-Setia Jaya,2026-01-20,88
BRT02: Mentari,BRT01: Sunway-Setia Jaya,2026-01-21,120
BRT02: Mentari,BRT01: Sunway-Setia Jaya,2026-01-22,80
BRT02: Mentari,BRT01: Sunway-Setia Jaya,2026-01-23,80
BRT02: Mentari,BRT01: Sunway-Setia Jaya,2026-01-24,49
BRT02: Mentari,BRT01: Sunway-Setia Jaya,2026-01-25,50
BRT02: Mentari,BRT01: Sunway-Setia Jaya,2026-01-26,85
BRT02: Mentari,BRT01: Sunway-Setia Jaya,2026-01-27,81
BRT02: Mentari,BRT01: Sunway-Setia Jaya,2026-01-28,102
BRT02: Mentari,BRT01: Sunway-Setia Jaya,2026-01-29,68
BRT02: Mentari,BRT01: Sunway-Setia Jaya,2026-01-30,79
BRT02: Mentari,BRT01: Sunway-Setia Jaya,2026-01-31,79
BRT02: Mentari,BRT01: Sunway-Setia Jaya,2026-02-01,57
BRT02: Mentari,BRT01: Sunway-Setia Jaya,2026-02-02,43
BRT02: Mentari,BRT01: Sunway-Setia Jaya,2026-02-03,98
BRT02: Mentari,BRT01: Sunway-Setia Jaya,2026-02-04,123
BRT02: Mentari,BRT01: Sunway-Setia Jaya,2026-02-05,80
BRT02: Mentari,BRT01: Sunway-Setia Jaya,2026-02-06,89
BRT02: Mentari,BRT01: Sunway-Setia Jaya,2026-02-07,55
BRT02: Mentari,BRT01: Sunway-Setia Jaya,2026-02-08,44
BRT02: Mentari,BRT01: Sunway-Setia Jaya,2026-02-09,90
BRT02: Mentari,BRT01: Sunway-Setia Jaya,2026-02-10,83
BRT02: Mentari,BRT01: Sunway-Setia Jaya,2026-02-11,123
BRT02: Mentari,BRT01: Sunway-Setia Jaya,2026-02-12,97
BRT02: Mentari,BRT01: Sunway-Setia Jaya,2026-02-13,96
BRT02: Mentari,BRT01: Sunway-Setia Jaya,2026-02-14,65
BRT02: Mentari,BRT01: Sunway-Setia Jaya,2026-02-15,41
BRT02: Mentari,BRT01: Sunway-Setia Jaya,2026-02-16,49
BRT02: Mentari,BRT01: Sunway-Setia Jaya,2026-02-17,36
BRT02: Mentari,BRT01: Sunway-Setia Jaya,2026-02-18,62
BRT02: Mentari,BRT01: Sunway-Setia Jaya,2026-02-19,51
BRT02: Mentari,BRT01: Sunway-Setia Jaya,2026-02-20,44
BRT02: Mentari,BRT01: Sunway-Setia Jaya,2026-02-21,42
BRT02: Mentari,BRT01: Sunway-Setia Jaya,2026-02-22,25
BRT02: Mentari,BRT01: Sunway-Setia Jaya,2026-02-23,80
BRT02: Mentari,BRT01: Sunway-Setia Jaya,2026-02-24,79
BRT02: Mentari,BRT01: Sunway-Setia Jaya,2026-02-25,122
BRT02: Mentari,BRT01: Sunway-Setia Jaya,2026-02-26,91
BRT02: Mentari,BRT01: Sunway-Setia Jaya,2026-02-27,74
BRT02: Mentari,BRT01: Sunway-Setia Jaya,2026-02-28,56
BRT02: Mentari,BRT01: Sunway-Setia Jaya,2026-03-01,42
BRT02: Mentari,BRT01: Sunway-Setia Jaya,2026-03-02,89
BRT02: Mentari,BRT01: Sunway-Setia Jaya,2026-03-03,90
BRT02: Mentari,BRT01: Sunway-Setia Jaya,2026-03-04,112
BRT02: Mentari,BRT01: Sunway-Setia Jaya,2026-03-05,99
BRT02: Mentari,BRT01: Sunway-Setia Jaya,2026-03-06,90
BRT02: Mentari,BRT01: Sunway-Setia Jaya,2026-03-07,38
BRT02: Mentari,BRT01: Sunway-Setia Jaya,2026-03-08,41
BRT02: Mentari,BRT01: Sunway-Setia Jaya,2026-03-09,93
BRT02: Mentari,BRT01: Sunway-Setia Jaya,2026-03-10,78
BRT02: Mentari,BRT01: Sunway-Setia Jaya,2026-03-11,101
BRT02: Mentari,BRT01: Sunway-Setia Jaya,2026-03-12,74
BRT02: Mentari,BRT01: Sunway-Setia Jaya,2026-03-13,79
BRT02: Mentari,BRT01: Sunway-Setia Jaya,2026-03-14,53
BRT02: Mentari,BRT01: Sunway-Setia Jaya,2026-03-15,38
BRT02: Mentari,BRT01: Sunway-Setia Jaya,2026-03-16,92
BRT02: Mentari,BRT01: Sunway-Setia Jaya,2026-03-17,78
BRT02: Mentari,BRT01: Sunway-Setia Jaya,2026-03-18,106
BRT02: Mentari,BRT01: Sunway-Setia Jaya,2026-03-19,69
BRT02: Mentari,BRT01: Sunway-Setia Jaya,2026-03-20,24
BRT02: Mentari,BRT01: Sunway-Setia Jaya,2026-03-21,35
BRT02: Mentari,BRT01: Sunway-Setia Jaya,2026-03-22,39
BRT02: Mentari,BRT01: Sunway-Setia Jaya,2026-03-23,30
BRT02: Mentari,BRT01: Sunway-Setia Jaya,2026-03-24,62
BRT02: Mentari,BRT01: Sunway-Setia Jaya,2026-03-25,87
BRT02: Mentari,BRT01: Sunway-Setia Jaya,2026-03-26,58
BRT02: Mentari,BRT01: Sunway-Setia Jaya,2026-03-27,74
BRT02: Mentari,BRT01: Sunway-Setia Jaya,2026-03-28,39
BRT02: Mentari,BRT01: Sunway-Setia Jaya,2026-03-29,38
BRT02: Mentari,BRT01: Sunway-Setia Jaya,2026-03-30,84
BRT02: Mentari,BRT01: Sunway-Setia Jaya,2026-03-31,95
BRT02: Mentari,BRT01: Sunway-Setia Jaya,2026-04-01,108
BRT02: Mentari,BRT01: Sunway-Setia Jaya,2026-04-02,85
BRT02: Mentari,BRT01: Sunway-Setia Jaya,2026-04-03,70
BRT02: Mentari,BRT01: Sunway-Setia Jaya,2026-04-04,47
BRT02: Mentari,BRT01: Sunway-Setia Jaya,2026-04-05,39
BRT02: Mentari,BRT01: Sunway-Setia Jaya,2026-04-06,75
BRT02: Mentari,BRT01: Sunway-Setia Jaya,2026-04-07,95
BRT02: Mentari,BRT01: Sunway-Setia Jaya,2026-04-08,105
BRT02: Mentari,BRT01: Sunway-Setia Jaya,2026-04-09,94
BRT02: Mentari,BRT01: Sunway-Setia Jaya,2026-04-10,71
BRT02: Mentari,BRT01: Sunway-Setia Jaya,2026-04-11,59
BRT02: Mentari,BRT01: Sunway-Setia Jaya,2026-04-12,41
BRT02: Mentari,BRT01: Sunway-Setia Jaya,2026-04-13,78
BRT02: Mentari,BRT01: Sunway-Setia Jaya,2026-04-14,95
BRT02: Mentari,BRT01: Sunway-Setia Jaya,2026-04-15,123
BRT02: Mentari,BRT01: Sunway-Setia Jaya,2026-04-16,87
BRT02: Mentari,BRT01: Sunway-Setia Jaya,2026-04-17,68
BRT02: Mentari,BRT01: Sunway-Setia Jaya,2026-04-18,44
BRT02: Mentari,BRT01: Sunway-Setia Jaya,2026-04-19,58
BRT02: Mentari,BRT01: Sunway-Setia Jaya,2026-04-20,77
BRT02: Mentari,BRT01: Sunway-Setia Jaya,2026-04-21,74
BRT02: Mentari,BRT01: Sunway-Setia Jaya,2026-04-22,105
BRT02: Mentari,BRT01: Sunway-Setia Jaya,2026-04-23,58
BRT02: Mentari,BRT01: Sunway-Setia Jaya,2026-04-24,80
BRT02: Mentari,BRT01: Sunway-Setia Jaya,2026-04-25,56
BRT02: Mentari,BRT01: Sunway-Setia Jaya,2026-04-26,42
BRT02: Mentari,BRT01: Sunway-Setia Jaya,2026-04-27,92
BRT02: Mentari,BRT01: Sunway-Setia Jaya,2026-04-28,84
BRT02: Mentari,BRT01: Sunway-Setia Jaya,2026-04-29,101
BRT02: Mentari,BRT01: Sunway-Setia Jaya,2026-04-30,75
BRT02: Mentari,BRT01: Sunway-Setia Jaya,2026-05-01,37
BRT02: Mentari,BRT01: Sunway-Setia Jaya,2026-05-02,40
BRT02: Mentari,BRT01: Sunway-Setia Jaya,2026-05-03,34
BRT02: Mentari,BRT01: Sunway-Setia Jaya,2026-05-04,74
BRT02: Mentari,BRT01: Sunway-Setia Jaya,2026-05-05,76
BRT02: Mentari,BRT01: Sunway-Setia Jaya,2026-05-06,103
BRT02: Mentari,BRT01: Sunway-Setia Jaya,2026-05-07,74
BRT02: Mentari,BRT01: Sunway-Setia Jaya,2026-05-08,70
BRT02: Mentari,BRT01: Sunway-Setia Jaya,2026-05-09,46
BRT02: Mentari,BRT01: Sunway-Setia Jaya,2026-05-10,41
BRT02: Mentari,BRT01: Sunway-Setia Jaya,2026-05-11,61
BRT02: Mentari,BRT01: Sunway-Setia Jaya,2026-05-12,66
BRT02: Mentari,BRT01: Sunway-Setia Jaya,2026-05-13,99
BRT02: Mentari,BRT01: Sunway-Setia Jaya,2026-05-14,67
BRT02: Mentari,BRT01: Sunway-Setia Jaya,2026-05-15,80
BRT02: Mentari,BRT02: Mentari,2026-01-01,22
BRT02: Mentari,BRT02: Mentari,2026-01-02,15
BRT02: Mentari,BRT02: Mentari,2026-01-03,10
BRT02: Mentari,BRT02: Mentari,2026-01-04,26
BRT02: Mentari,BRT02: Mentari,2026-01-05,37
BRT02: Mentari,BRT02: Mentari,2026-01-06,15
BRT02: Mentari,BRT02: Mentari,2026-01-07,16
BRT02: Mentari,BRT02: Mentari,2026-01-08,22
BRT02: Mentari,BRT02: Mentari,2026-01-09,22
BRT02: Mentari,BRT02: Mentari,2026-01-10,23
BRT02: Mentari,BRT02: Mentari,2026-01-11,16
BRT02: Mentari,BRT02: Mentari,2026-01-12,19
BRT02: Mentari,BRT02: Mentari,2026-01-13,18
BRT02: Mentari,BRT02: Mentari,2026-01-14,20
BRT02: Mentari,BRT02: Mentari,2026-01-15,19
BRT02: Mentari,BRT02: Mentari,2026-01-16,17
BRT02: Mentari,BRT02: Mentari,2026-01-17,12
BRT02: Mentari,BRT02: Mentari,2026-01-18,21
BRT02: Mentari,BRT02: Mentari,2026-01-19,20
BRT02: Mentari,BRT02: Mentari,2026-01-20,10
BRT02: Mentari,BRT02: Mentari,2026-01-21,34
BRT02: Mentari,BRT02: Mentari,2026-01-22,19
BRT02: Mentari,BRT02: Mentari,2026-01-23,15
BRT02: Mentari,BRT02: Mentari,2026-01-24,18
BRT02: Mentari,BRT02: Mentari,2026-01-25,13
BRT02: Mentari,BRT02: Mentari,2026-01-26,16
BRT02: Mentari,BRT02: Mentari,2026-01-27,16
BRT02: Mentari,BRT02: Mentari,2026-01-28,18
BRT02: Mentari,BRT02: Mentari,2026-01-29,19
BRT02: Mentari,BRT02: Mentari,2026-01-30,14
BRT02: Mentari,BRT02: Mentari,2026-01-31,21
BRT02: Mentari,BRT02: Mentari,2026-02-01,18
BRT02: Mentari,BRT02: Mentari,2026-02-02,14
BRT02: Mentari,BRT02: Mentari,2026-02-03,21
BRT02: Mentari,BRT02: Mentari,2026-02-04,22
BRT02: Mentari,BRT02: Mentari,2026-02-05,20
BRT02: Mentari,BRT02: Mentari,2026-02-06,23
BRT02: Mentari,BRT02: Mentari,2026-02-07,33
BRT02: Mentari,BRT02: Mentari,2026-02-08,23
BRT02: Mentari,BRT02: Mentari,2026-02-09,30
BRT02: Mentari,BRT02: Mentari,2026-02-10,20
BRT02: Mentari,BRT02: Mentari,2026-02-11,29
BRT02: Mentari,BRT02: Mentari,2026-02-12,25
BRT02: Mentari,BRT02: Mentari,2026-02-13,30
BRT02: Mentari,BRT02: Mentari,2026-02-14,23
BRT02: Mentari,BRT02: Mentari,2026-02-15,35
BRT02: Mentari,BRT02: Mentari,2026-02-16,23
BRT02: Mentari,BRT02: Mentari,2026-02-17,27
BRT02: Mentari,BRT02: Mentari,2026-02-18,26
BRT02: Mentari,BRT02: Mentari,2026-02-19,16
BRT02: Mentari,BRT02: Mentari,2026-02-20,27
BRT02: Mentari,BRT02: Mentari,2026-02-21,24
BRT02: Mentari,BRT02: Mentari,2026-02-22,16
BRT02: Mentari,BRT02: Mentari,2026-02-23,13
BRT02: Mentari,BRT02: Mentari,2026-02-24,27
BRT02: Mentari,BRT02: Mentari,2026-02-25,23
BRT02: Mentari,BRT02: Mentari,2026-02-26,13
BRT02: Mentari,BRT02: Mentari,2026-02-27,28
BRT02: Mentari,BRT02: Mentari,2026-02-28,25
BRT02: Mentari,BRT02: Mentari,2026-03-01,21
BRT02: Mentari,BRT02: Mentari,2026-03-02,25
BRT02: Mentari,BRT02: Mentari,2026-03-03,23
BRT02: Mentari,BRT02: Mentari,2026-03-04,20
BRT02: Mentari,BRT02: Mentari,2026-03-05,28
BRT02: Mentari,BRT02: Mentari,2026-03-06,27
BRT02: Mentari,BRT02: Mentari,2026-03-07,17
BRT02: Mentari,BRT02: Mentari,2026-03-08,19
BRT02: Mentari,BRT02: Mentari,2026-03-09,13
BRT02: Mentari,BRT02: Mentari,2026-03-10,23
BRT02: Mentari,BRT02: Mentari,2026-03-11,28
BRT02: Mentari,BRT02: Mentari,2026-03-12,21
BRT02: Mentari,BRT02: Mentari,2026-03-13,15
BRT02: Mentari,BRT02: Mentari,2026-03-14,19
BRT02: Mentari,BRT02: Mentari,2026-03-15,19
BRT02: Mentari,BRT02: Mentari,2026-03-16,20
BRT02: Mentari,BRT02: Mentari,2026-03-17,20
BRT02: Mentari,BRT02: Mentari,2026-03-18,15
BRT02: Mentari,BRT02: Mentari,2026-03-19,22
BRT02: Mentari,BRT02: Mentari,2026-03-20,19
BRT02: Mentari,BRT02: Mentari,2026-03-21,12
BRT02: Mentari,BRT02: Mentari,2026-03-22,19
BRT02: Mentari,BRT02: Mentari,2026-03-23,26
BRT02: Mentari,BRT02: Mentari,2026-03-24,14
BRT02: Mentari,BRT02: Mentari,2026-03-25,27
BRT02: Mentari,BRT02: Mentari,2026-03-26,27
BRT02: Mentari,BRT02: Mentari,2026-03-27,32
BRT02: Mentari,BRT02: Mentari,2026-03-28,18
BRT02: Mentari,BRT02: Mentari,2026-03-29,16
BRT02: Mentari,BRT02: Mentari,2026-03-30,31
BRT02: Mentari,BRT02: Mentari,2026-03-31,18
BRT02: Mentari,BRT02: Mentari,2026-04-01,16
BRT02: Mentari,BRT02: Mentari,2026-04-02,23
BRT02: Mentari,BRT02: Mentari,2026-04-03,26
BRT02: Mentari,BRT02: Mentari,2026-04-04,17
BRT02: Mentari,BRT02: Mentari,2026-04-05,21
BRT02: Mentari,BRT02: Mentari,2026-04-06,22
BRT02: Mentari,BRT02: Mentari,2026-04-07,12
BRT02: Mentari,BRT02: Mentari,2026-04-08,13
BRT02: Mentari,BRT02: Mentari,2026-04-09,24
BRT02: Mentari,BRT02: Mentari,2026-04-10,19
BRT02: Mentari,BRT02: Mentari,2026-04-11,19
BRT02: Mentari,BRT02: Mentari,2026-04-12,17
BRT02: Mentari,BRT02: Mentari,2026-04-13,25
BRT02: Mentari,BRT02: Mentari,2026-04-14,17
BRT02: Mentari,BRT02: Mentari,2026-04-15,27
BRT02: Mentari,BRT02: Mentari,2026-04-16,27
BRT02: Mentari,BRT02: Mentari,2026-04-17,25
BRT02: Mentari,BRT02: Mentari,2026-04-18,22
BRT02: Mentari,BRT02: Mentari,2026-04-19,17
BRT02: Mentari,BRT02: Mentari,2026-04-20,26
BRT02: Mentari,BRT02: Mentari,2026-04-21,20
BRT02: Mentari,BRT02: Mentari,2026-04-22,16
BRT02: Mentari,BRT02: Mentari,2026-04-23,17
BRT02: Mentari,BRT02: Mentari,2026-04-24,9
BRT02: Mentari,BRT02: Mentari,2026-04-25,20
BRT02: Mentari,BRT02: Mentari,2026-04-26,24
BRT02: Mentari,BRT02: Mentari,2026-04-27,23
BRT02: Mentari,BRT02: Mentari,2026-04-28,24
BRT02: Mentari,BRT02: Mentari,2026-04-29,22
BRT02: Mentari,BRT02: Mentari,2026-04-30,25
BRT02: Mentari,BRT02: Mentari,2026-05-01,16
BRT02: Mentari,BRT02: Mentari,2026-05-02,24
BRT02: Mentari,BRT02: Mentari,2026-05-03,20
BRT02: Mentari,BRT02: Mentari,2026-05-04,20
BRT02: Mentari,BRT02: Mentari,2026-05-05,32
BRT02: Mentari,BRT02: Mentari,2026-05-06,34
BRT02: Mentari,BRT02: Mentari,2026-05-07,8
BRT02: Mentari,BRT02: Mentari,2026-05-08,32
BRT02: Mentari,BRT02: Mentari,2026-05-09,21
BRT02: Mentari,BRT02: Mentari,2026-05-10,25
BRT02: Mentari,BRT02: Mentari,2026-05-11,15
BRT02: Mentari,BRT02: Mentari,2026-05-12,21
BRT02: Mentari,BRT02: Mentari,2026-05-13,14
BRT02: Mentari,BRT02: Mentari,2026-05-14,11
BRT02: Mentari,BRT02: Mentari,2026-05-15,16
BRT02: Mentari,BRT03: Sunway Lagoon,2026-01-01,209
BRT02: Mentari,BRT03: Sunway Lagoon,2026-01-02,192
BRT02: Mentari,BRT03: Sunway Lagoon,2026-01-03,155
BRT02: Mentari,BRT03: Sunway Lagoon,2026-01-04,162
BRT02: Mentari,BRT03: Sunway Lagoon,2026-01-05,180
BRT02: Mentari,BRT03: Sunway Lagoon,2026-01-06,191
BRT02: Mentari,BRT03: Sunway Lagoon,2026-01-07,228
BRT02: Mentari,BRT03: Sunway Lagoon,2026-01-08,189
BRT02: Mentari,BRT03: Sunway Lagoon,2026-01-09,214
BRT02: Mentari,BRT03: Sunway Lagoon,2026-01-10,174
BRT02: Mentari,BRT03: Sunway Lagoon,2026-01-11,167
BRT02: Mentari,BRT03: Sunway Lagoon,2026-01-12,200
BRT02: Mentari,BRT03: Sunway Lagoon,2026-01-13,190
BRT02: Mentari,BRT03: Sunway Lagoon,2026-01-14,262
BRT02: Mentari,BRT03: Sunway Lagoon,2026-01-15,210
BRT02: Mentari,BRT03: Sunway Lagoon,2026-01-16,211
BRT02: Mentari,BRT03: Sunway Lagoon,2026-01-17,190
BRT02: Mentari,BRT03: Sunway Lagoon,2026-01-18,172
BRT02: Mentari,BRT03: Sunway Lagoon,2026-01-19,191
BRT02: Mentari,BRT03: Sunway Lagoon,2026-01-20,224
BRT02: Mentari,BRT03: Sunway Lagoon,2026-01-21,261
BRT02: Mentari,BRT03: Sunway Lagoon,2026-01-22,190
BRT02: Mentari,BRT03: Sunway Lagoon,2026-01-23,213
BRT02: Mentari,BRT03: Sunway Lagoon,2026-01-24,180
BRT02: Mentari,BRT03: Sunway Lagoon,2026-01-25,170
BRT02: Mentari,BRT03: Sunway Lagoon,2026-01-26,163
BRT02: Mentari,BRT03: Sunway Lagoon,2026-01-27,203
BRT02: Mentari,BRT03: Sunway Lagoon,2026-01-28,241
BRT02: Mentari,BRT03: Sunway Lagoon,2026-01-29,205
BRT02: Mentari,BRT03: Sunway Lagoon,2026-01-30,219
BRT02: Mentari,BRT03: Sunway Lagoon,2026-01-31,207
BRT02: Mentari,BRT03: Sunway Lagoon,2026-02-01,263
BRT02: Mentari,BRT03: Sunway Lagoon,2026-02-02,209
BRT02: Mentari,BRT03: Sunway Lagoon,2026-02-03,237
BRT02: Mentari,BRT03: Sunway Lagoon,2026-02-04,265
BRT02: Mentari,BRT03: Sunway Lagoon,2026-02-05,231
BRT02: Mentari,BRT03: Sunway Lagoon,2026-02-06,211
BRT02: Mentari,BRT03: Sunway Lagoon,2026-02-07,298
BRT02: Mentari,BRT03: Sunway Lagoon,2026-02-08,367
BRT02: Mentari,BRT03: Sunway Lagoon,2026-02-09,216
BRT02: Mentari,BRT03: Sunway Lagoon,2026-02-10,242
BRT02: Mentari,BRT03: Sunway Lagoon,2026-02-11,288
BRT02: Mentari,BRT03: Sunway Lagoon,2026-02-12,267
BRT02: Mentari,BRT03: Sunway Lagoon,2026-02-13,234
BRT02: Mentari,BRT03: Sunway Lagoon,2026-02-14,198
BRT02: Mentari,BRT03: Sunway Lagoon,2026-02-15,199
BRT02: Mentari,BRT03: Sunway Lagoon,2026-02-16,193
BRT02: Mentari,BRT03: Sunway Lagoon,2026-02-17,136
BRT02: Mentari,BRT03: Sunway Lagoon,2026-02-18,149
BRT02: Mentari,BRT03: Sunway Lagoon,2026-02-19,149
BRT02: Mentari,BRT03: Sunway Lagoon,2026-02-20,182
BRT02: Mentari,BRT03: Sunway Lagoon,2026-02-21,148
BRT02: Mentari,BRT03: Sunway Lagoon,2026-02-22,130
BRT02: Mentari,BRT03: Sunway Lagoon,2026-02-23,174
BRT02: Mentari,BRT03: Sunway Lagoon,2026-02-24,175
BRT02: Mentari,BRT03: Sunway Lagoon,2026-02-25,221
BRT02: Mentari,BRT03: Sunway Lagoon,2026-02-26,217
BRT02: Mentari,BRT03: Sunway Lagoon,2026-02-27,243
BRT02: Mentari,BRT03: Sunway Lagoon,2026-02-28,174
BRT02: Mentari,BRT03: Sunway Lagoon,2026-03-01,206
BRT02: Mentari,BRT03: Sunway Lagoon,2026-03-02,217
BRT02: Mentari,BRT03: Sunway Lagoon,2026-03-03,209
BRT02: Mentari,BRT03: Sunway Lagoon,2026-03-04,253
BRT02: Mentari,BRT03: Sunway Lagoon,2026-03-05,224
BRT02: Mentari,BRT03: Sunway Lagoon,2026-03-06,255
BRT02: Mentari,BRT03: Sunway Lagoon,2026-03-07,207
BRT02: Mentari,BRT03: Sunway Lagoon,2026-03-08,180
BRT02: Mentari,BRT03: Sunway Lagoon,2026-03-09,204
BRT02: Mentari,BRT03: Sunway Lagoon,2026-03-10,222
BRT02: Mentari,BRT03: Sunway Lagoon,2026-03-11,263
BRT02: Mentari,BRT03: Sunway Lagoon,2026-03-12,212
BRT02: Mentari,BRT03: Sunway Lagoon,2026-03-13,260
BRT02: Mentari,BRT03: Sunway Lagoon,2026-03-14,197
BRT02: Mentari,BRT03: Sunway Lagoon,2026-03-15,191
BRT02: Mentari,BRT03: Sunway Lagoon,2026-03-16,201
BRT02: Mentari,BRT03: Sunway Lagoon,2026-03-17,214
BRT02: Mentari,BRT03: Sunway Lagoon,2026-03-18,250
BRT02: Mentari,BRT03: Sunway Lagoon,2026-03-19,227
BRT02: Mentari,BRT03: Sunway Lagoon,2026-03-20,176
BRT02: Mentari,BRT03: Sunway Lagoon,2026-03-21,167
BRT02: Mentari,BRT03: Sunway Lagoon,2026-03-22,165
BRT02: Mentari,BRT03: Sunway Lagoon,2026-03-23,144
BRT02: Mentari,BRT03: Sunway Lagoon,2026-03-24,189
BRT02: Mentari,BRT03: Sunway Lagoon,2026-03-25,244
BRT02: Mentari,BRT03: Sunway Lagoon,2026-03-26,195
BRT02: Mentari,BRT03: Sunway Lagoon,2026-03-27,273
BRT02: Mentari,BRT03: Sunway Lagoon,2026-03-28,182
BRT02: Mentari,BRT03: Sunway Lagoon,2026-03-29,167
BRT02: Mentari,BRT03: Sunway Lagoon,2026-03-30,206
BRT02: Mentari,BRT03: Sunway Lagoon,2026-03-31,212
BRT02: Mentari,BRT03: Sunway Lagoon,2026-04-01,278
BRT02: Mentari,BRT03: Sunway Lagoon,2026-04-02,243
BRT02: Mentari,BRT03: Sunway Lagoon,2026-04-03,256
BRT02: Mentari,BRT03: Sunway Lagoon,2026-04-04,199
BRT02: Mentari,BRT03: Sunway Lagoon,2026-04-05,173
BRT02: Mentari,BRT03: Sunway Lagoon,2026-04-06,226
BRT02: Mentari,BRT03: Sunway Lagoon,2026-04-07,217
BRT02: Mentari,BRT03: Sunway Lagoon,2026-04-08,229
BRT02: Mentari,BRT03: Sunway Lagoon,2026-04-09,218
BRT02: Mentari,BRT03: Sunway Lagoon,2026-04-10,241
BRT02: Mentari,BRT03: Sunway Lagoon,2026-04-11,191
BRT02: Mentari,BRT03: Sunway Lagoon,2026-04-12,175
BRT02: Mentari,BRT03: Sunway Lagoon,2026-04-13,177
BRT02: Mentari,BRT03: Sunway Lagoon,2026-04-14,225
BRT02: Mentari,BRT03: Sunway Lagoon,2026-04-15,273
BRT02: Mentari,BRT03: Sunway Lagoon,2026-04-16,202
BRT02: Mentari,BRT03: Sunway Lagoon,2026-04-17,236
BRT02: Mentari,BRT03: Sunway Lagoon,2026-04-18,298
BRT02: Mentari,BRT03: Sunway Lagoon,2026-04-19,253
BRT02: Mentari,BRT03: Sunway Lagoon,2026-04-20,205
BRT02: Mentari,BRT03: Sunway Lagoon,2026-04-21,218
BRT02: Mentari,BRT03: Sunway Lagoon,2026-04-22,277
BRT02: Mentari,BRT03: Sunway Lagoon,2026-04-23,199
BRT02: Mentari,BRT03: Sunway Lagoon,2026-04-24,231
BRT02: Mentari,BRT03: Sunway Lagoon,2026-04-25,197
BRT02: Mentari,BRT03: Sunway Lagoon,2026-04-26,180
BRT02: Mentari,BRT03: Sunway Lagoon,2026-04-27,208
BRT02: Mentari,BRT03: Sunway Lagoon,2026-04-28,218
BRT02: Mentari,BRT03: Sunway Lagoon,2026-04-29,252
BRT02: Mentari,BRT03: Sunway Lagoon,2026-04-30,195
BRT02: Mentari,BRT03: Sunway Lagoon,2026-05-01,236
BRT02: Mentari,BRT03: Sunway Lagoon,2026-05-02,176
BRT02: Mentari,BRT03: Sunway Lagoon,2026-05-03,178
BRT02: Mentari,BRT03: Sunway Lagoon,2026-05-04,225
BRT02: Mentari,BRT03: Sunway Lagoon,2026-05-05,242
BRT02: Mentari,BRT03: Sunway Lagoon,2026-05-06,268
BRT02: Mentari,BRT03: Sunway Lagoon,2026-05-07,227
BRT02: Mentari,BRT03: Sunway Lagoon,2026-05-08,258
BRT02: Mentari,BRT03: Sunway Lagoon,2026-05-09,204
BRT02: Mentari,BRT03: Sunway Lagoon,2026-05-10,179
BRT02: Mentari,BRT03: Sunway Lagoon,2026-05-11,221
BRT02: Mentari,BRT03: Sunway Lagoon,2026-05-12,224
BRT02: Mentari,BRT03: Sunway Lagoon,2026-05-13,282
BRT02: Mentari,BRT03: Sunway Lagoon,2026-05-14,184
BRT02: Mentari,BRT03: Sunway Lagoon,2026-05-15,247
BRT02: Mentari,BRT04: SunMed,2026-01-01,172
BRT02: Mentari,BRT04: SunMed,2026-01-02,240
BRT02: Mentari,BRT04: SunMed,2026-01-03,246
BRT02: Mentari,BRT04: SunMed,2026-01-04,243
BRT02: Mentari,BRT04: SunMed,2026-01-05,295
BRT02: Mentari,BRT04: SunMed,2026-01-06,293
BRT02: Mentari,BRT04: SunMed,2026-01-07,375
BRT02: Mentari,BRT04: SunMed,2026-01-08,295
BRT02: Mentari,BRT04: SunMed,2026-01-09,304
BRT02: Mentari,BRT04: SunMed,2026-01-10,279
BRT02: Mentari,BRT04: SunMed,2026-01-11,280
BRT02: Mentari,BRT04: SunMed,2026-01-12,275
BRT02: Mentari,BRT04: SunMed,2026-01-13,283
BRT02: Mentari,BRT04: SunMed,2026-01-14,346
BRT02: Mentari,BRT04: SunMed,2026-01-15,316
BRT02: Mentari,BRT04: SunMed,2026-01-16,348
BRT02: Mentari,BRT04: SunMed,2026-01-17,296
BRT02: Mentari,BRT04: SunMed,2026-01-18,271
BRT02: Mentari,BRT04: SunMed,2026-01-19,277
BRT02: Mentari,BRT04: SunMed,2026-01-20,300
BRT02: Mentari,BRT04: SunMed,2026-01-21,343
BRT02: Mentari,BRT04: SunMed,2026-01-22,312
BRT02: Mentari,BRT04: SunMed,2026-01-23,322
BRT02: Mentari,BRT04: SunMed,2026-01-24,283
BRT02: Mentari,BRT04: SunMed,2026-01-25,252
BRT02: Mentari,BRT04: SunMed,2026-01-26,225
BRT02: Mentari,BRT04: SunMed,2026-01-27,302
BRT02: Mentari,BRT04: SunMed,2026-01-28,342
BRT02: Mentari,BRT04: SunMed,2026-01-29,296
BRT02: Mentari,BRT04: SunMed,2026-01-30,331
BRT02: Mentari,BRT04: SunMed,2026-01-31,279
BRT02: Mentari,BRT04: SunMed,2026-02-01,279
BRT02: Mentari,BRT04: SunMed,2026-02-02,235
BRT02: Mentari,BRT04: SunMed,2026-02-03,312
BRT02: Mentari,BRT04: SunMed,2026-02-04,407
BRT02: Mentari,BRT04: SunMed,2026-02-05,348
BRT02: Mentari,BRT04: SunMed,2026-02-06,370
BRT02: Mentari,BRT04: SunMed,2026-02-07,343
BRT02: Mentari,BRT04: SunMed,2026-02-08,352
BRT02: Mentari,BRT04: SunMed,2026-02-09,333
BRT02: Mentari,BRT04: SunMed,2026-02-10,348
BRT02: Mentari,BRT04: SunMed,2026-02-11,377
BRT02: Mentari,BRT04: SunMed,2026-02-12,364
BRT02: Mentari,BRT04: SunMed,2026-02-13,367
BRT02: Mentari,BRT04: SunMed,2026-02-14,303
BRT02: Mentari,BRT04: SunMed,2026-02-15,268
BRT02: Mentari,BRT04: SunMed,2026-02-16,264
BRT02: Mentari,BRT04: SunMed,2026-02-17,185
BRT02: Mentari,BRT04: SunMed,2026-02-18,231
BRT02: Mentari,BRT04: SunMed,2026-02-19,276
BRT02: Mentari,BRT04: SunMed,2026-02-20,281
BRT02: Mentari,BRT04: SunMed,2026-02-21,255
BRT02: Mentari,BRT04: SunMed,2026-02-22,262
BRT02: Mentari,BRT04: SunMed,2026-02-23,309
BRT02: Mentari,BRT04: SunMed,2026-02-24,296
BRT02: Mentari,BRT04: SunMed,2026-02-25,339
BRT02: Mentari,BRT04: SunMed,2026-02-26,366
BRT02: Mentari,BRT04: SunMed,2026-02-27,345
BRT02: Mentari,BRT04: SunMed,2026-02-28,304
BRT02: Mentari,BRT04: SunMed,2026-03-01,296
BRT02: Mentari,BRT04: SunMed,2026-03-02,309
BRT02: Mentari,BRT04: SunMed,2026-03-03,374
BRT02: Mentari,BRT04: SunMed,2026-03-04,394
BRT02: Mentari,BRT04: SunMed,2026-03-05,345
BRT02: Mentari,BRT04: SunMed,2026-03-06,389
BRT02: Mentari,BRT04: SunMed,2026-03-07,281
BRT02: Mentari,BRT04: SunMed,2026-03-08,305
BRT02: Mentari,BRT04: SunMed,2026-03-09,318
BRT02: Mentari,BRT04: SunMed,2026-03-10,350
BRT02: Mentari,BRT04: SunMed,2026-03-11,371
BRT02: Mentari,BRT04: SunMed,2026-03-12,334
BRT02: Mentari,BRT04: SunMed,2026-03-13,344
BRT02: Mentari,BRT04: SunMed,2026-03-14,296
BRT02: Mentari,BRT04: SunMed,2026-03-15,273
BRT02: Mentari,BRT04: SunMed,2026-03-16,334
BRT02: Mentari,BRT04: SunMed,2026-03-17,316
BRT02: Mentari,BRT04: SunMed,2026-03-18,373
BRT02: Mentari,BRT04: SunMed,2026-03-19,281
BRT02: Mentari,BRT04: SunMed,2026-03-20,214
BRT02: Mentari,BRT04: SunMed,2026-03-21,189
BRT02: Mentari,BRT04: SunMed,2026-03-22,247
BRT02: Mentari,BRT04: SunMed,2026-03-23,203
BRT02: Mentari,BRT04: SunMed,2026-03-24,273
BRT02: Mentari,BRT04: SunMed,2026-03-25,301
BRT02: Mentari,BRT04: SunMed,2026-03-26,289
BRT02: Mentari,BRT04: SunMed,2026-03-27,281
BRT02: Mentari,BRT04: SunMed,2026-03-28,287
BRT02: Mentari,BRT04: SunMed,2026-03-29,255
BRT02: Mentari,BRT04: SunMed,2026-03-30,298
BRT02: Mentari,BRT04: SunMed,2026-03-31,302
BRT02: Mentari,BRT04: SunMed,2026-04-01,343
BRT02: Mentari,BRT04: SunMed,2026-04-02,306
BRT02: Mentari,BRT04: SunMed,2026-04-03,327
BRT02: Mentari,BRT04: SunMed,2026-04-04,270
BRT02: Mentari,BRT04: SunMed,2026-04-05,320
BRT02: Mentari,BRT04: SunMed,2026-04-06,307
BRT02: Mentari,BRT04: SunMed,2026-04-07,328
BRT02: Mentari,BRT04: SunMed,2026-04-08,386
BRT02: Mentari,BRT04: SunMed,2026-04-09,341
BRT02: Mentari,BRT04: SunMed,2026-04-10,339
BRT02: Mentari,BRT04: SunMed,2026-04-11,269
BRT02: Mentari,BRT04: SunMed,2026-04-12,298
BRT02: Mentari,BRT04: SunMed,2026-04-13,306
BRT02: Mentari,BRT04: SunMed,2026-04-14,313
BRT02: Mentari,BRT04: SunMed,2026-04-15,371
BRT02: Mentari,BRT04: SunMed,2026-04-16,349
BRT02: Mentari,BRT04: SunMed,2026-04-17,361
BRT02: Mentari,BRT04: SunMed,2026-04-18,299
BRT02: Mentari,BRT04: SunMed,2026-04-19,240
BRT02: Mentari,BRT04: SunMed,2026-04-20,331
BRT02: Mentari,BRT04: SunMed,2026-04-21,355
BRT02: Mentari,BRT04: SunMed,2026-04-22,384
BRT02: Mentari,BRT04: SunMed,2026-04-23,340
BRT02: Mentari,BRT04: SunMed,2026-04-24,340
BRT02: Mentari,BRT04: SunMed,2026-04-25,298
BRT02: Mentari,BRT04: SunMed,2026-04-26,310
BRT02: Mentari,BRT04: SunMed,2026-04-27,335
BRT02: Mentari,BRT04: SunMed,2026-04-28,332
BRT02: Mentari,BRT04: SunMed,2026-04-29,407
BRT02: Mentari,BRT04: SunMed,2026-04-30,370
BRT02: Mentari,BRT04: SunMed,2026-05-01,237
BRT02: Mentari,BRT04: SunMed,2026-05-02,295
BRT02: Mentari,BRT04: SunMed,2026-05-03,280
BRT02: Mentari,BRT04: SunMed,2026-05-04,362
BRT02: Mentari,BRT04: SunMed,2026-05-05,355
BRT02: Mentari,BRT04: SunMed,2026-05-06,407
BRT02: Mentari,BRT04: SunMed,2026-05-07,388
BRT02: Mentari,BRT04: SunMed,2026-05-08,354
BRT02: Mentari,BRT04: SunMed,2026-05-09,351
BRT02: Mentari,BRT04: SunMed,2026-05-10,316
BRT02: Mentari,BRT04: SunMed,2026-05-11,398
BRT02: Mentari,BRT04: SunMed,2026-05-12,382
BRT02: Mentari,BRT04: SunMed,2026-05-13,412
BRT02: Mentari,BRT04: SunMed,2026-05-14,407
BRT02: Mentari,BRT04: SunMed,2026-05-15,333
BRT02: Mentari,BRT05: SunU-Monash,2026-01-01,47
BRT02: Mentari,BRT05: SunU-Monash,2026-01-02,94
BRT02: Mentari,BRT05: SunU-Monash,2026-01-03,55
BRT02: Mentari,BRT05: SunU-Monash,2026-01-04,43
BRT02: Mentari,BRT05: SunU-Monash,2026-01-05,112
BRT02: Mentari,BRT05: SunU-Monash,2026-01-06,112
BRT02: Mentari,BRT05: SunU-Monash,2026-01-07,109
BRT02: Mentari,BRT05: SunU-Monash,2026-01-08,108
BRT02: Mentari,BRT05: SunU-Monash,2026-01-09,128
BRT02: Mentari,BRT05: SunU-Monash,2026-01-10,84
BRT02: Mentari,BRT05: SunU-Monash,2026-01-11,46
BRT02: Mentari,BRT05: SunU-Monash,2026-01-12,105
BRT02: Mentari,BRT05: SunU-Monash,2026-01-13,128
BRT02: Mentari,BRT05: SunU-Monash,2026-01-14,115
BRT02: Mentari,BRT05: SunU-Monash,2026-01-15,122
BRT02: Mentari,BRT05: SunU-Monash,2026-01-16,121
BRT02: Mentari,BRT05: SunU-Monash,2026-01-17,78
BRT02: Mentari,BRT05: SunU-Monash,2026-01-18,56
BRT02: Mentari,BRT05: SunU-Monash,2026-01-19,124
BRT02: Mentari,BRT05: SunU-Monash,2026-01-20,144
BRT02: Mentari,BRT05: SunU-Monash,2026-01-21,140
BRT02: Mentari,BRT05: SunU-Monash,2026-01-22,129
BRT02: Mentari,BRT05: SunU-Monash,2026-01-23,134
BRT02: Mentari,BRT05: SunU-Monash,2026-01-24,70
BRT02: Mentari,BRT05: SunU-Monash,2026-01-25,42
BRT02: Mentari,BRT05: SunU-Monash,2026-01-26,112
BRT02: Mentari,BRT05: SunU-Monash,2026-01-27,132
BRT02: Mentari,BRT05: SunU-Monash,2026-01-28,127
BRT02: Mentari,BRT05: SunU-Monash,2026-01-29,110
BRT02: Mentari,BRT05: SunU-Monash,2026-01-30,146
BRT02: Mentari,BRT05: SunU-Monash,2026-01-31,90
BRT02: Mentari,BRT05: SunU-Monash,2026-02-01,43
BRT02: Mentari,BRT05: SunU-Monash,2026-02-02,56
BRT02: Mentari,BRT05: SunU-Monash,2026-02-03,124
BRT02: Mentari,BRT05: SunU-Monash,2026-02-04,141
BRT02: Mentari,BRT05: SunU-Monash,2026-02-05,123
BRT02: Mentari,BRT05: SunU-Monash,2026-02-06,140
BRT02: Mentari,BRT05: SunU-Monash,2026-02-07,72
BRT02: Mentari,BRT05: SunU-Monash,2026-02-08,56
BRT02: Mentari,BRT05: SunU-Monash,2026-02-09,129
BRT02: Mentari,BRT05: SunU-Monash,2026-02-10,131
BRT02: Mentari,BRT05: SunU-Monash,2026-02-11,148
BRT02: Mentari,BRT05: SunU-Monash,2026-02-12,123
BRT02: Mentari,BRT05: SunU-Monash,2026-02-13,162
BRT02: Mentari,BRT05: SunU-Monash,2026-02-14,70
BRT02: Mentari,BRT05: SunU-Monash,2026-02-15,33
BRT02: Mentari,BRT05: SunU-Monash,2026-02-16,74
BRT02: Mentari,BRT05: SunU-Monash,2026-02-17,31
BRT02: Mentari,BRT05: SunU-Monash,2026-02-18,51
BRT02: Mentari,BRT05: SunU-Monash,2026-02-19,75
BRT02: Mentari,BRT05: SunU-Monash,2026-02-20,95
BRT02: Mentari,BRT05: SunU-Monash,2026-02-21,50
BRT02: Mentari,BRT05: SunU-Monash,2026-02-22,33
BRT02: Mentari,BRT05: SunU-Monash,2026-02-23,142
BRT02: Mentari,BRT05: SunU-Monash,2026-02-24,138
BRT02: Mentari,BRT05: SunU-Monash,2026-02-25,146
BRT02: Mentari,BRT05: SunU-Monash,2026-02-26,133
BRT02: Mentari,BRT05: SunU-Monash,2026-02-27,178
BRT02: Mentari,BRT05: SunU-Monash,2026-02-28,73
BRT02: Mentari,BRT05: SunU-Monash,2026-03-01,57
BRT02: Mentari,BRT05: SunU-Monash,2026-03-02,237
BRT02: Mentari,BRT05: SunU-Monash,2026-03-03,220
BRT02: Mentari,BRT05: SunU-Monash,2026-03-04,248
BRT02: Mentari,BRT05: SunU-Monash,2026-03-05,217
BRT02: Mentari,BRT05: SunU-Monash,2026-03-06,216
BRT02: Mentari,BRT05: SunU-Monash,2026-03-07,74
BRT02: Mentari,BRT05: SunU-Monash,2026-03-08,51
BRT02: Mentari,BRT05: SunU-Monash,2026-03-09,210
BRT02: Mentari,BRT05: SunU-Monash,2026-03-10,231
BRT02: Mentari,BRT05: SunU-Monash,2026-03-11,215
BRT02: Mentari,BRT05: SunU-Monash,2026-03-12,219
BRT02: Mentari,BRT05: SunU-Monash,2026-03-13,229
BRT02: Mentari,BRT05: SunU-Monash,2026-03-14,94
BRT02: Mentari,BRT05: SunU-Monash,2026-03-15,62
BRT02: Mentari,BRT05: SunU-Monash,2026-03-16,203
BRT02: Mentari,BRT05: SunU-Monash,2026-03-17,224
BRT02: Mentari,BRT05: SunU-Monash,2026-03-18,245
BRT02: Mentari,BRT05: SunU-Monash,2026-03-19,195
BRT02: Mentari,BRT05: SunU-Monash,2026-03-20,107
BRT02: Mentari,BRT05: SunU-Monash,2026-03-21,62
BRT02: Mentari,BRT05: SunU-Monash,2026-03-22,50
BRT02: Mentari,BRT05: SunU-Monash,2026-03-23,54
BRT02: Mentari,BRT05: SunU-Monash,2026-03-24,184
BRT02: Mentari,BRT05: SunU-Monash,2026-03-25,190
BRT02: Mentari,BRT05: SunU-Monash,2026-03-26,182
BRT02: Mentari,BRT05: SunU-Monash,2026-03-27,203
BRT02: Mentari,BRT05: SunU-Monash,2026-03-28,93
BRT02: Mentari,BRT05: SunU-Monash,2026-03-29,60
BRT02: Mentari,BRT05: SunU-Monash,2026-03-30,190
BRT02: Mentari,BRT05: SunU-Monash,2026-03-31,203
BRT02: Mentari,BRT05: SunU-Monash,2026-04-01,212
BRT02: Mentari,BRT05: SunU-Monash,2026-04-02,194
BRT02: Mentari,BRT05: SunU-Monash,2026-04-03,183
BRT02: Mentari,BRT05: SunU-Monash,2026-04-04,81
BRT02: Mentari,BRT05: SunU-Monash,2026-04-05,49
BRT02: Mentari,BRT05: SunU-Monash,2026-04-06,110
BRT02: Mentari,BRT05: SunU-Monash,2026-04-07,123
BRT02: Mentari,BRT05: SunU-Monash,2026-04-08,107
BRT02: Mentari,BRT05: SunU-Monash,2026-04-09,121
BRT02: Mentari,BRT05: SunU-Monash,2026-04-10,127
BRT02: Mentari,BRT05: SunU-Monash,2026-04-11,80
BRT02: Mentari,BRT05: SunU-Monash,2026-04-12,67
BRT02: Mentari,BRT05: SunU-Monash,2026-04-13,181
BRT02: Mentari,BRT05: SunU-Monash,2026-04-14,218
BRT02: Mentari,BRT05: SunU-Monash,2026-04-15,204
BRT02: Mentari,BRT05: SunU-Monash,2026-04-16,199
BRT02: Mentari,BRT05: SunU-Monash,2026-04-17,211
BRT02: Mentari,BRT05: SunU-Monash,2026-04-18,108
BRT02: Mentari,BRT05: SunU-Monash,2026-04-19,76
BRT02: Mentari,BRT05: SunU-Monash,2026-04-20,183
BRT02: Mentari,BRT05: SunU-Monash,2026-04-21,205
BRT02: Mentari,BRT05: SunU-Monash,2026-04-22,215
BRT02: Mentari,BRT05: SunU-Monash,2026-04-23,202
BRT02: Mentari,BRT05: SunU-Monash,2026-04-24,183
BRT02: Mentari,BRT05: SunU-Monash,2026-04-25,91
BRT02: Mentari,BRT05: SunU-Monash,2026-04-26,83
BRT02: Mentari,BRT05: SunU-Monash,2026-04-27,182
BRT02: Mentari,BRT05: SunU-Monash,2026-04-28,217
BRT02: Mentari,BRT05: SunU-Monash,2026-04-29,217
BRT02: Mentari,BRT05: SunU-Monash,2026-04-30,220
BRT02: Mentari,BRT05: SunU-Monash,2026-05-01,76
BRT02: Mentari,BRT05: SunU-Monash,2026-05-02,97
BRT02: Mentari,BRT05: SunU-Monash,2026-05-03,65
BRT02: Mentari,BRT05: SunU-Monash,2026-05-04,211
BRT02: Mentari,BRT05: SunU-Monash,2026-05-05,228
BRT02: Mentari,BRT05: SunU-Monash,2026-05-06,199
BRT02: Mentari,BRT05: SunU-Monash,2026-05-07,218
BRT02: Mentari,BRT05: SunU-Monash,2026-05-08,174
BRT02: Mentari,BRT05: SunU-Monash,2026-05-09,91
BRT02: Mentari,BRT05: SunU-Monash,2026-05-10,69
BRT02: Mentari,BRT05: SunU-Monash,2026-05-11,240
BRT02: Mentari,BRT05: SunU-Monash,2026-05-12,233
BRT02: Mentari,BRT05: SunU-Monash,2026-05-13,237
BRT02: Mentari,BRT05: SunU-Monash,2026-05-14,219
BRT02: Mentari,BRT05: SunU-Monash,2026-05-15,210
BRT02: Mentari,BRT06: South Quay-USJ 1,2026-01-01,60
BRT02: Mentari,BRT06: South Quay-USJ 1,2026-01-02,89
BRT02: Mentari,BRT06: South Quay-USJ 1,2026-01-03,59
BRT02: Mentari,BRT06: South Quay-USJ 1,2026-01-04,68
BRT02: Mentari,BRT06: South Quay-USJ 1,2026-01-05,93
BRT02: Mentari,BRT06: South Quay-USJ 1,2026-01-06,97
BRT02: Mentari,BRT06: South Quay-USJ 1,2026-01-07,95
BRT02: Mentari,BRT06: South Quay-USJ 1,2026-01-08,81
BRT02: Mentari,BRT06: South Quay-USJ 1,2026-01-09,79
BRT02: Mentari,BRT06: South Quay-USJ 1,2026-01-10,88
BRT02: Mentari,BRT06: South Quay-USJ 1,2026-01-11,83
BRT02: Mentari,BRT06: South Quay-USJ 1,2026-01-12,77
BRT02: Mentari,BRT06: South Quay-USJ 1,2026-01-13,85
BRT02: Mentari,BRT06: South Quay-USJ 1,2026-01-14,100
BRT02: Mentari,BRT06: South Quay-USJ 1,2026-01-15,88
BRT02: Mentari,BRT06: South Quay-USJ 1,2026-01-16,103
BRT02: Mentari,BRT06: South Quay-USJ 1,2026-01-17,75
BRT02: Mentari,BRT06: South Quay-USJ 1,2026-01-18,69
BRT02: Mentari,BRT06: South Quay-USJ 1,2026-01-19,88
BRT02: Mentari,BRT06: South Quay-USJ 1,2026-01-20,106
BRT02: Mentari,BRT06: South Quay-USJ 1,2026-01-21,108
BRT02: Mentari,BRT06: South Quay-USJ 1,2026-01-22,93
BRT02: Mentari,BRT06: South Quay-USJ 1,2026-01-23,88
BRT02: Mentari,BRT06: South Quay-USJ 1,2026-01-24,94
BRT02: Mentari,BRT06: South Quay-USJ 1,2026-01-25,74
BRT02: Mentari,BRT06: South Quay-USJ 1,2026-01-26,78
BRT02: Mentari,BRT06: South Quay-USJ 1,2026-01-27,93
BRT02: Mentari,BRT06: South Quay-USJ 1,2026-01-28,98
BRT02: Mentari,BRT06: South Quay-USJ 1,2026-01-29,88
BRT02: Mentari,BRT06: South Quay-USJ 1,2026-01-30,113
BRT02: Mentari,BRT06: South Quay-USJ 1,2026-01-31,73
BRT02: Mentari,BRT06: South Quay-USJ 1,2026-02-01,77
BRT02: Mentari,BRT06: South Quay-USJ 1,2026-02-02,64
BRT02: Mentari,BRT06: South Quay-USJ 1,2026-02-03,122
BRT02: Mentari,BRT06: South Quay-USJ 1,2026-02-04,116
BRT02: Mentari,BRT06: South Quay-USJ 1,2026-02-05,91
BRT02: Mentari,BRT06: South Quay-USJ 1,2026-02-06,116
BRT02: Mentari,BRT06: South Quay-USJ 1,2026-02-07,88
BRT02: Mentari,BRT06: South Quay-USJ 1,2026-02-08,99
BRT02: Mentari,BRT06: South Quay-USJ 1,2026-02-09,134
BRT02: Mentari,BRT06: South Quay-USJ 1,2026-02-10,102
BRT02: Mentari,BRT06: South Quay-USJ 1,2026-02-11,109
BRT02: Mentari,BRT06: South Quay-USJ 1,2026-02-12,109
BRT02: Mentari,BRT06: South Quay-USJ 1,2026-02-13,110
BRT02: Mentari,BRT06: South Quay-USJ 1,2026-02-14,91
BRT02: Mentari,BRT06: South Quay-USJ 1,2026-02-15,68
BRT02: Mentari,BRT06: South Quay-USJ 1,2026-02-16,77
BRT02: Mentari,BRT06: South Quay-USJ 1,2026-02-17,75
BRT02: Mentari,BRT06: South Quay-USJ 1,2026-02-18,93
BRT02: Mentari,BRT06: South Quay-USJ 1,2026-02-19,59
BRT02: Mentari,BRT06: South Quay-USJ 1,2026-02-20,99
BRT02: Mentari,BRT06: South Quay-USJ 1,2026-02-21,43
BRT02: Mentari,BRT06: South Quay-USJ 1,2026-02-22,45
BRT02: Mentari,BRT06: South Quay-USJ 1,2026-02-23,94
BRT02: Mentari,BRT06: South Quay-USJ 1,2026-02-24,92
BRT02: Mentari,BRT06: South Quay-USJ 1,2026-02-25,91
BRT02: Mentari,BRT06: South Quay-USJ 1,2026-02-26,112
BRT02: Mentari,BRT06: South Quay-USJ 1,2026-02-27,107
BRT02: Mentari,BRT06: South Quay-USJ 1,2026-02-28,77
BRT02: Mentari,BRT06: South Quay-USJ 1,2026-03-01,68
BRT02: Mentari,BRT06: South Quay-USJ 1,2026-03-02,98
BRT02: Mentari,BRT06: South Quay-USJ 1,2026-03-03,105
BRT02: Mentari,BRT06: South Quay-USJ 1,2026-03-04,109
BRT02: Mentari,BRT06: South Quay-USJ 1,2026-03-05,110
BRT02: Mentari,BRT06: South Quay-USJ 1,2026-03-06,125
BRT02: Mentari,BRT06: South Quay-USJ 1,2026-03-07,79
BRT02: Mentari,BRT06: South Quay-USJ 1,2026-03-08,91
BRT02: Mentari,BRT06: South Quay-USJ 1,2026-03-09,102
BRT02: Mentari,BRT06: South Quay-USJ 1,2026-03-10,105
BRT02: Mentari,BRT06: South Quay-USJ 1,2026-03-11,124
BRT02: Mentari,BRT06: South Quay-USJ 1,2026-03-12,99
BRT02: Mentari,BRT06: South Quay-USJ 1,2026-03-13,124
BRT02: Mentari,BRT06: South Quay-USJ 1,2026-03-14,69
BRT02: Mentari,BRT06: South Quay-USJ 1,2026-03-15,96
BRT02: Mentari,BRT06: South Quay-USJ 1,2026-03-16,122
BRT02: Mentari,BRT06: South Quay-USJ 1,2026-03-17,98
BRT02: Mentari,BRT06: South Quay-USJ 1,2026-03-18,127
BRT02: Mentari,BRT06: South Quay-USJ 1,2026-03-19,121
BRT02: Mentari,BRT06: South Quay-USJ 1,2026-03-20,126
BRT02: Mentari,BRT06: South Quay-USJ 1,2026-03-21,77
BRT02: Mentari,BRT06: South Quay-USJ 1,2026-03-22,63
BRT02: Mentari,BRT06: South Quay-USJ 1,2026-03-23,71
BRT02: Mentari,BRT06: South Quay-USJ 1,2026-03-24,69
BRT02: Mentari,BRT06: South Quay-USJ 1,2026-03-25,72
BRT02: Mentari,BRT06: South Quay-USJ 1,2026-03-26,72
BRT02: Mentari,BRT06: South Quay-USJ 1,2026-03-27,77
BRT02: Mentari,BRT06: South Quay-USJ 1,2026-03-28,81
BRT02: Mentari,BRT06: South Quay-USJ 1,2026-03-29,69
BRT02: Mentari,BRT06: South Quay-USJ 1,2026-03-30,98
BRT02: Mentari,BRT06: South Quay-USJ 1,2026-03-31,73
BRT02: Mentari,BRT06: South Quay-USJ 1,2026-04-01,90
BRT02: Mentari,BRT06: South Quay-USJ 1,2026-04-02,103
BRT02: Mentari,BRT06: South Quay-USJ 1,2026-04-03,107
BRT02: Mentari,BRT06: South Quay-USJ 1,2026-04-04,90
BRT02: Mentari,BRT06: South Quay-USJ 1,2026-04-05,108
BRT02: Mentari,BRT06: South Quay-USJ 1,2026-04-06,86
BRT02: Mentari,BRT06: South Quay-USJ 1,2026-04-07,96
BRT02: Mentari,BRT06: South Quay-USJ 1,2026-04-08,95
BRT02: Mentari,BRT06: South Quay-USJ 1,2026-04-09,102
BRT02: Mentari,BRT06: South Quay-USJ 1,2026-04-10,99
BRT02: Mentari,BRT06: South Quay-USJ 1,2026-04-11,65
BRT02: Mentari,BRT06: South Quay-USJ 1,2026-04-12,71
BRT02: Mentari,BRT06: South Quay-USJ 1,2026-04-13,103
BRT02: Mentari,BRT06: South Quay-USJ 1,2026-04-14,103
BRT02: Mentari,BRT06: South Quay-USJ 1,2026-04-15,114
BRT02: Mentari,BRT06: South Quay-USJ 1,2026-04-16,110
BRT02: Mentari,BRT06: South Quay-USJ 1,2026-04-17,109
BRT02: Mentari,BRT06: South Quay-USJ 1,2026-04-18,78
BRT02: Mentari,BRT06: South Quay-USJ 1,2026-04-19,86
BRT02: Mentari,BRT06: South Quay-USJ 1,2026-04-20,109
BRT02: Mentari,BRT06: South Quay-USJ 1,2026-04-21,111
BRT02: Mentari,BRT06: South Quay-USJ 1,2026-04-22,104
BRT02: Mentari,BRT06: South Quay-USJ 1,2026-04-23,115
BRT02: Mentari,BRT06: South Quay-USJ 1,2026-04-24,97
BRT02: Mentari,BRT06: South Quay-USJ 1,2026-04-25,75
BRT02: Mentari,BRT06: South Quay-USJ 1,2026-04-26,82
BRT02: Mentari,BRT06: South Quay-USJ 1,2026-04-27,89
BRT02: Mentari,BRT06: South Quay-USJ 1,2026-04-28,93
BRT02: Mentari,BRT06: South Quay-USJ 1,2026-04-29,116
BRT02: Mentari,BRT06: South Quay-USJ 1,2026-04-30,114
BRT02: Mentari,BRT06: South Quay-USJ 1,2026-05-01,94
BRT02: Mentari,BRT06: South Quay-USJ 1,2026-05-02,75
BRT02: Mentari,BRT06: South Quay-USJ 1,2026-05-03,89
BRT02: Mentari,BRT06: South Quay-USJ 1,2026-05-04,121
BRT02: Mentari,BRT06: South Quay-USJ 1,2026-05-05,103
BRT02: Mentari,BRT06: South Quay-USJ 1,2026-05-06,118
BRT02: Mentari,BRT06: South Quay-USJ 1,2026-05-07,109
BRT02: Mentari,BRT06: South Quay-USJ 1,2026-05-08,111
BRT02: Mentari,BRT06: South Quay-USJ 1,2026-05-09,82
BRT02: Mentari,BRT06: South Quay-USJ 1,2026-05-10,119
BRT02: Mentari,BRT06: South Quay-USJ 1,2026-05-11,106
BRT02: Mentari,BRT06: South Quay-USJ 1,2026-05-12,106
BRT02: Mentari,BRT06: South Quay-USJ 1,2026-05-13,107
BRT02: Mentari,BRT06: South Quay-USJ 1,2026-05-14,113
BRT02: Mentari,BRT06: South Quay-USJ 1,2026-05-15,126
BRT02: Mentari,BRT07: USJ 7,2026-01-01,246
BRT02: Mentari,BRT07: USJ 7,2026-01-02,288
BRT02: Mentari,BRT07: USJ 7,2026-01-03,211
BRT02: Mentari,BRT07: USJ 7,2026-01-04,214
BRT02: Mentari,BRT07: USJ 7,2026-01-05,358
BRT02: Mentari,BRT07: USJ 7,2026-01-06,343
BRT02: Mentari,BRT07: USJ 7,2026-01-07,387
BRT02: Mentari,BRT07: USJ 7,2026-01-08,358
BRT02: Mentari,BRT07: USJ 7,2026-01-09,338
BRT02: Mentari,BRT07: USJ 7,2026-01-10,257
BRT02: Mentari,BRT07: USJ 7,2026-01-11,199
BRT02: Mentari,BRT07: USJ 7,2026-01-12,364
BRT02: Mentari,BRT07: USJ 7,2026-01-13,383
BRT02: Mentari,BRT07: USJ 7,2026-01-14,400
BRT02: Mentari,BRT07: USJ 7,2026-01-15,390
BRT02: Mentari,BRT07: USJ 7,2026-01-16,361
BRT02: Mentari,BRT07: USJ 7,2026-01-17,232
BRT02: Mentari,BRT07: USJ 7,2026-01-18,218
BRT02: Mentari,BRT07: USJ 7,2026-01-19,376
BRT02: Mentari,BRT07: USJ 7,2026-01-20,394
BRT02: Mentari,BRT07: USJ 7,2026-01-21,439
BRT02: Mentari,BRT07: USJ 7,2026-01-22,389
BRT02: Mentari,BRT07: USJ 7,2026-01-23,380
BRT02: Mentari,BRT07: USJ 7,2026-01-24,242
BRT02: Mentari,BRT07: USJ 7,2026-01-25,248
BRT02: Mentari,BRT07: USJ 7,2026-01-26,388
BRT02: Mentari,BRT07: USJ 7,2026-01-27,405
BRT02: Mentari,BRT07: USJ 7,2026-01-28,425
BRT02: Mentari,BRT07: USJ 7,2026-01-29,390
BRT02: Mentari,BRT07: USJ 7,2026-01-30,412
BRT02: Mentari,BRT07: USJ 7,2026-01-31,247
BRT02: Mentari,BRT07: USJ 7,2026-02-01,244
BRT02: Mentari,BRT07: USJ 7,2026-02-02,222
BRT02: Mentari,BRT07: USJ 7,2026-02-03,353
BRT02: Mentari,BRT07: USJ 7,2026-02-04,427
BRT02: Mentari,BRT07: USJ 7,2026-02-05,432
BRT02: Mentari,BRT07: USJ 7,2026-02-06,459
BRT02: Mentari,BRT07: USJ 7,2026-02-07,327
BRT02: Mentari,BRT07: USJ 7,2026-02-08,279
BRT02: Mentari,BRT07: USJ 7,2026-02-09,442
BRT02: Mentari,BRT07: USJ 7,2026-02-10,457
BRT02: Mentari,BRT07: USJ 7,2026-02-11,524
BRT02: Mentari,BRT07: USJ 7,2026-02-12,467
BRT02: Mentari,BRT07: USJ 7,2026-02-13,460
BRT02: Mentari,BRT07: USJ 7,2026-02-14,245
BRT02: Mentari,BRT07: USJ 7,2026-02-15,239
BRT02: Mentari,BRT07: USJ 7,2026-02-16,322
BRT02: Mentari,BRT07: USJ 7,2026-02-17,184
BRT02: Mentari,BRT07: USJ 7,2026-02-18,232
BRT02: Mentari,BRT07: USJ 7,2026-02-19,223
BRT02: Mentari,BRT07: USJ 7,2026-02-20,248
BRT02: Mentari,BRT07: USJ 7,2026-02-21,200
BRT02: Mentari,BRT07: USJ 7,2026-02-22,169
BRT02: Mentari,BRT07: USJ 7,2026-02-23,391
BRT02: Mentari,BRT07: USJ 7,2026-02-24,402
BRT02: Mentari,BRT07: USJ 7,2026-02-25,408
BRT02: Mentari,BRT07: USJ 7,2026-02-26,381
BRT02: Mentari,BRT07: USJ 7,2026-02-27,405
BRT02: Mentari,BRT07: USJ 7,2026-02-28,264
BRT02: Mentari,BRT07: USJ 7,2026-03-01,216
BRT02: Mentari,BRT07: USJ 7,2026-03-02,427
BRT02: Mentari,BRT07: USJ 7,2026-03-03,418
BRT02: Mentari,BRT07: USJ 7,2026-03-04,434
BRT02: Mentari,BRT07: USJ 7,2026-03-05,434
BRT02: Mentari,BRT07: USJ 7,2026-03-06,441
BRT02: Mentari,BRT07: USJ 7,2026-03-07,213
BRT02: Mentari,BRT07: USJ 7,2026-03-08,272
BRT02: Mentari,BRT07: USJ 7,2026-03-09,423
BRT02: Mentari,BRT07: USJ 7,2026-03-10,398
BRT02: Mentari,BRT07: USJ 7,2026-03-11,441
BRT02: Mentari,BRT07: USJ 7,2026-03-12,418
BRT02: Mentari,BRT07: USJ 7,2026-03-13,441
BRT02: Mentari,BRT07: USJ 7,2026-03-14,266
BRT02: Mentari,BRT07: USJ 7,2026-03-15,218
BRT02: Mentari,BRT07: USJ 7,2026-03-16,410
BRT02: Mentari,BRT07: USJ 7,2026-03-17,433
BRT02: Mentari,BRT07: USJ 7,2026-03-18,422
BRT02: Mentari,BRT07: USJ 7,2026-03-19,339
BRT02: Mentari,BRT07: USJ 7,2026-03-20,195
BRT02: Mentari,BRT07: USJ 7,2026-03-21,263
BRT02: Mentari,BRT07: USJ 7,2026-03-22,251
BRT02: Mentari,BRT07: USJ 7,2026-03-23,171
BRT02: Mentari,BRT07: USJ 7,2026-03-24,316
BRT02: Mentari,BRT07: USJ 7,2026-03-25,348
BRT02: Mentari,BRT07: USJ 7,2026-03-26,316
BRT02: Mentari,BRT07: USJ 7,2026-03-27,337
BRT02: Mentari,BRT07: USJ 7,2026-03-28,220
BRT02: Mentari,BRT07: USJ 7,2026-03-29,203
BRT02: Mentari,BRT07: USJ 7,2026-03-30,341
BRT02: Mentari,BRT07: USJ 7,2026-03-31,383
BRT02: Mentari,BRT07: USJ 7,2026-04-01,418
BRT02: Mentari,BRT07: USJ 7,2026-04-02,376
BRT02: Mentari,BRT07: USJ 7,2026-04-03,399
BRT02: Mentari,BRT07: USJ 7,2026-04-04,259
BRT02: Mentari,BRT07: USJ 7,2026-04-05,226
BRT02: Mentari,BRT07: USJ 7,2026-04-06,387
BRT02: Mentari,BRT07: USJ 7,2026-04-07,393
BRT02: Mentari,BRT07: USJ 7,2026-04-08,432
BRT02: Mentari,BRT07: USJ 7,2026-04-09,407
BRT02: Mentari,BRT07: USJ 7,2026-04-10,396
BRT02: Mentari,BRT07: USJ 7,2026-04-11,269
BRT02: Mentari,BRT07: USJ 7,2026-04-12,233
BRT02: Mentari,BRT07: USJ 7,2026-04-13,347
BRT02: Mentari,BRT07: USJ 7,2026-04-14,378
BRT02: Mentari,BRT07: USJ 7,2026-04-15,406
BRT02: Mentari,BRT07: USJ 7,2026-04-16,358
BRT02: Mentari,BRT07: USJ 7,2026-04-17,396
BRT02: Mentari,BRT07: USJ 7,2026-04-18,284
BRT02: Mentari,BRT07: USJ 7,2026-04-19,227
BRT02: Mentari,BRT07: USJ 7,2026-04-20,408
BRT02: Mentari,BRT07: USJ 7,2026-04-21,399
BRT02: Mentari,BRT07: USJ 7,2026-04-22,435
BRT02: Mentari,BRT07: USJ 7,2026-04-23,419
BRT02: Mentari,BRT07: USJ 7,2026-04-24,384
BRT02: Mentari,BRT07: USJ 7,2026-04-25,289
BRT02: Mentari,BRT07: USJ 7,2026-04-26,249
BRT02: Mentari,BRT07: USJ 7,2026-04-27,386
BRT02: Mentari,BRT07: USJ 7,2026-04-28,407
BRT02: Mentari,BRT07: USJ 7,2026-04-29,428
BRT02: Mentari,BRT07: USJ 7,2026-04-30,444
BRT02: Mentari,BRT07: USJ 7,2026-05-01,255
BRT02: Mentari,BRT07: USJ 7,2026-05-02,253
BRT02: Mentari,BRT07: USJ 7,2026-05-03,244
BRT02: Mentari,BRT07: USJ 7,2026-05-04,399
BRT02: Mentari,BRT07: USJ 7,2026-05-05,387
BRT02: Mentari,BRT07: USJ 7,2026-05-06,436
BRT02: Mentari,BRT07: USJ 7,2026-05-07,429
BRT02: Mentari,BRT07: USJ 7,2026-05-08,411
BRT02: Mentari,BRT07: USJ 7,2026-05-09,265
BRT02: Mentari,BRT07: USJ 7,2026-05-10,260
BRT02: Mentari,BRT07: USJ 7,2026-05-11,412
BRT02: Mentari,BRT07: USJ 7,2026-05-12,392
BRT02: Mentari,BRT07: USJ 7,2026-05-13,443
BRT02: Mentari,BRT07: USJ 7,2026-05-14,370
BRT02: Mentari,BRT07: USJ 7,2026-05-15,363
BRT03: Sunway Lagoon,A0: All Stations,2026-01-01,2747
BRT03: Sunway Lagoon,A0: All Stations,2026-01-02,2616
BRT03: Sunway Lagoon,A0: All Stations,2026-01-03,2259
BRT03: Sunway Lagoon,A0: All Stations,2026-01-04,2085
BRT03: Sunway Lagoon,A0: All Stations,2026-01-05,2685
BRT03: Sunway Lagoon,A0: All Stations,2026-01-06,2842
BRT03: Sunway Lagoon,A0: All Stations,2026-01-07,2927
BRT03: Sunway Lagoon,A0: All Stations,2026-01-08,2552
BRT03: Sunway Lagoon,A0: All Stations,2026-01-09,2992
BRT03: Sunway Lagoon,A0: All Stations,2026-01-10,2558
BRT03: Sunway Lagoon,A0: All Stations,2026-01-11,2049
BRT03: Sunway Lagoon,A0: All Stations,2026-01-12,2622
BRT03: Sunway Lagoon,A0: All Stations,2026-01-13,2981
BRT03: Sunway Lagoon,A0: All Stations,2026-01-14,3019
BRT03: Sunway Lagoon,A0: All Stations,2026-01-15,2905
BRT03: Sunway Lagoon,A0: All Stations,2026-01-16,3192
BRT03: Sunway Lagoon,A0: All Stations,2026-01-17,2937
BRT03: Sunway Lagoon,A0: All Stations,2026-01-18,2333
BRT03: Sunway Lagoon,A0: All Stations,2026-01-19,2853
BRT03: Sunway Lagoon,A0: All Stations,2026-01-20,2904
BRT03: Sunway Lagoon,A0: All Stations,2026-01-21,3349
BRT03: Sunway Lagoon,A0: All Stations,2026-01-22,2923
BRT03: Sunway Lagoon,A0: All Stations,2026-01-23,3086
BRT03: Sunway Lagoon,A0: All Stations,2026-01-24,2749
BRT03: Sunway Lagoon,A0: All Stations,2026-01-25,2239
BRT03: Sunway Lagoon,A0: All Stations,2026-01-26,2624
BRT03: Sunway Lagoon,A0: All Stations,2026-01-27,2728
BRT03: Sunway Lagoon,A0: All Stations,2026-01-28,2881
BRT03: Sunway Lagoon,A0: All Stations,2026-01-29,2834
BRT03: Sunway Lagoon,A0: All Stations,2026-01-30,3377
BRT03: Sunway Lagoon,A0: All Stations,2026-01-31,2871
BRT03: Sunway Lagoon,A0: All Stations,2026-02-01,2956
BRT03: Sunway Lagoon,A0: All Stations,2026-02-02,2554
BRT03: Sunway Lagoon,A0: All Stations,2026-02-03,3119
BRT03: Sunway Lagoon,A0: All Stations,2026-02-04,3235
BRT03: Sunway Lagoon,A0: All Stations,2026-02-05,3265
BRT03: Sunway Lagoon,A0: All Stations,2026-02-06,3487
BRT03: Sunway Lagoon,A0: All Stations,2026-02-07,4579
BRT03: Sunway Lagoon,A0: All Stations,2026-02-08,3876
BRT03: Sunway Lagoon,A0: All Stations,2026-02-09,3244
BRT03: Sunway Lagoon,A0: All Stations,2026-02-10,3468
BRT03: Sunway Lagoon,A0: All Stations,2026-02-11,3738
BRT03: Sunway Lagoon,A0: All Stations,2026-02-12,3634
BRT03: Sunway Lagoon,A0: All Stations,2026-02-13,3729
BRT03: Sunway Lagoon,A0: All Stations,2026-02-14,2723
BRT03: Sunway Lagoon,A0: All Stations,2026-02-15,2139
BRT03: Sunway Lagoon,A0: All Stations,2026-02-16,2384
BRT03: Sunway Lagoon,A0: All Stations,2026-02-17,1767
BRT03: Sunway Lagoon,A0: All Stations,2026-02-18,1979
BRT03: Sunway Lagoon,A0: All Stations,2026-02-19,1989
BRT03: Sunway Lagoon,A0: All Stations,2026-02-20,2132
BRT03: Sunway Lagoon,A0: All Stations,2026-02-21,1825
BRT03: Sunway Lagoon,A0: All Stations,2026-02-22,1646
BRT03: Sunway Lagoon,A0: All Stations,2026-02-23,2756
BRT03: Sunway Lagoon,A0: All Stations,2026-02-24,2735
BRT03: Sunway Lagoon,A0: All Stations,2026-02-25,3062
BRT03: Sunway Lagoon,A0: All Stations,2026-02-26,3126
BRT03: Sunway Lagoon,A0: All Stations,2026-02-27,3536
BRT03: Sunway Lagoon,A0: All Stations,2026-02-28,2768
BRT03: Sunway Lagoon,A0: All Stations,2026-03-01,2549
BRT03: Sunway Lagoon,A0: All Stations,2026-03-02,3491
BRT03: Sunway Lagoon,A0: All Stations,2026-03-03,3617
BRT03: Sunway Lagoon,A0: All Stations,2026-03-04,3524
BRT03: Sunway Lagoon,A0: All Stations,2026-03-05,3519
BRT03: Sunway Lagoon,A0: All Stations,2026-03-06,3712
BRT03: Sunway Lagoon,A0: All Stations,2026-03-07,2832
BRT03: Sunway Lagoon,A0: All Stations,2026-03-08,2552
BRT03: Sunway Lagoon,A0: All Stations,2026-03-09,3158
BRT03: Sunway Lagoon,A0: All Stations,2026-03-10,3304
BRT03: Sunway Lagoon,A0: All Stations,2026-03-11,3309
BRT03: Sunway Lagoon,A0: All Stations,2026-03-12,3176
BRT03: Sunway Lagoon,A0: All Stations,2026-03-13,3546
BRT03: Sunway Lagoon,A0: All Stations,2026-03-14,2904
BRT03: Sunway Lagoon,A0: All Stations,2026-03-15,2456
BRT03: Sunway Lagoon,A0: All Stations,2026-03-16,3175
BRT03: Sunway Lagoon,A0: All Stations,2026-03-17,3455
BRT03: Sunway Lagoon,A0: All Stations,2026-03-18,3673
BRT03: Sunway Lagoon,A0: All Stations,2026-03-19,3310
BRT03: Sunway Lagoon,A0: All Stations,2026-03-20,2703
BRT03: Sunway Lagoon,A0: All Stations,2026-03-21,2795
BRT03: Sunway Lagoon,A0: All Stations,2026-03-22,2629
BRT03: Sunway Lagoon,A0: All Stations,2026-03-23,2248
BRT03: Sunway Lagoon,A0: All Stations,2026-03-24,2879
BRT03: Sunway Lagoon,A0: All Stations,2026-03-25,2965
BRT03: Sunway Lagoon,A0: All Stations,2026-03-26,2996
BRT03: Sunway Lagoon,A0: All Stations,2026-03-27,2994
BRT03: Sunway Lagoon,A0: All Stations,2026-03-28,2253
BRT03: Sunway Lagoon,A0: All Stations,2026-03-29,1939
BRT03: Sunway Lagoon,A0: All Stations,2026-03-30,2774
BRT03: Sunway Lagoon,A0: All Stations,2026-03-31,3166
BRT03: Sunway Lagoon,A0: All Stations,2026-04-01,3201
BRT03: Sunway Lagoon,A0: All Stations,2026-04-02,3243
BRT03: Sunway Lagoon,A0: All Stations,2026-04-03,3564
BRT03: Sunway Lagoon,A0: All Stations,2026-04-04,2718
BRT03: Sunway Lagoon,A0: All Stations,2026-04-05,2157
BRT03: Sunway Lagoon,A0: All Stations,2026-04-06,2908
BRT03: Sunway Lagoon,A0: All Stations,2026-04-07,2849
BRT03: Sunway Lagoon,A0: All Stations,2026-04-08,2976
BRT03: Sunway Lagoon,A0: All Stations,2026-04-09,2918
BRT03: Sunway Lagoon,A0: All Stations,2026-04-10,3148
BRT03: Sunway Lagoon,A0: All Stations,2026-04-11,3181
BRT03: Sunway Lagoon,A0: All Stations,2026-04-12,2417
BRT03: Sunway Lagoon,A0: All Stations,2026-04-13,2996
BRT03: Sunway Lagoon,A0: All Stations,2026-04-14,2979
BRT03: Sunway Lagoon,A0: All Stations,2026-04-15,3434
BRT03: Sunway Lagoon,A0: All Stations,2026-04-16,3105
BRT03: Sunway Lagoon,A0: All Stations,2026-04-17,3539
BRT03: Sunway Lagoon,A0: All Stations,2026-04-18,4920
BRT03: Sunway Lagoon,A0: All Stations,2026-04-19,4149
BRT03: Sunway Lagoon,A0: All Stations,2026-04-20,3040
BRT03: Sunway Lagoon,A0: All Stations,2026-04-21,3008
BRT03: Sunway Lagoon,A0: All Stations,2026-04-22,3174
BRT03: Sunway Lagoon,A0: All Stations,2026-04-23,3075
BRT03: Sunway Lagoon,A0: All Stations,2026-04-24,3473
BRT03: Sunway Lagoon,A0: All Stations,2026-04-25,2589
BRT03: Sunway Lagoon,A0: All Stations,2026-04-26,2291
BRT03: Sunway Lagoon,A0: All Stations,2026-04-27,2786
BRT03: Sunway Lagoon,A0: All Stations,2026-04-28,2897
BRT03: Sunway Lagoon,A0: All Stations,2026-04-29,3198
BRT03: Sunway Lagoon,A0: All Stations,2026-04-30,3504
BRT03: Sunway Lagoon,A0: All Stations,2026-05-01,3102
BRT03: Sunway Lagoon,A0: All Stations,2026-05-02,3092
BRT03: Sunway Lagoon,A0: All Stations,2026-05-03,2232
BRT03: Sunway Lagoon,A0: All Stations,2026-05-04,3064
BRT03: Sunway Lagoon,A0: All Stations,2026-05-05,3163
BRT03: Sunway Lagoon,A0: All Stations,2026-05-06,3427
BRT03: Sunway Lagoon,A0: All Stations,2026-05-07,3246
BRT03: Sunway Lagoon,A0: All Stations,2026-05-08,3614
BRT03: Sunway Lagoon,A0: All Stations,2026-05-09,3098
BRT03: Sunway Lagoon,A0: All Stations,2026-05-10,2417
BRT03: Sunway Lagoon,A0: All Stations,2026-05-11,2972
BRT03: Sunway Lagoon,A0: All Stations,2026-05-12,3042
BRT03: Sunway Lagoon,A0: All Stations,2026-05-13,3299
BRT03: Sunway Lagoon,A0: All Stations,2026-05-14,3290
BRT03: Sunway Lagoon,A0: All Stations,2026-05-15,3457
BRT03: Sunway Lagoon,BRT01: Sunway-Setia Jaya,2026-01-01,216
BRT03: Sunway Lagoon,BRT01: Sunway-Setia Jaya,2026-01-02,234
BRT03: Sunway Lagoon,BRT01: Sunway-Setia Jaya,2026-01-03,215
BRT03: Sunway Lagoon,BRT01: Sunway-Setia Jaya,2026-01-04,185
BRT03: Sunway Lagoon,BRT01: Sunway-Setia Jaya,2026-01-05,298
BRT03: Sunway Lagoon,BRT01: Sunway-Setia Jaya,2026-01-06,264
BRT03: Sunway Lagoon,BRT01: Sunway-Setia Jaya,2026-01-07,259
BRT03: Sunway Lagoon,BRT01: Sunway-Setia Jaya,2026-01-08,223
BRT03: Sunway Lagoon,BRT01: Sunway-Setia Jaya,2026-01-09,254
BRT03: Sunway Lagoon,BRT01: Sunway-Setia Jaya,2026-01-10,238
BRT03: Sunway Lagoon,BRT01: Sunway-Setia Jaya,2026-01-11,195
BRT03: Sunway Lagoon,BRT01: Sunway-Setia Jaya,2026-01-12,361
BRT03: Sunway Lagoon,BRT01: Sunway-Setia Jaya,2026-01-13,385
BRT03: Sunway Lagoon,BRT01: Sunway-Setia Jaya,2026-01-14,394
BRT03: Sunway Lagoon,BRT01: Sunway-Setia Jaya,2026-01-15,388
BRT03: Sunway Lagoon,BRT01: Sunway-Setia Jaya,2026-01-16,397
BRT03: Sunway Lagoon,BRT01: Sunway-Setia Jaya,2026-01-17,286
BRT03: Sunway Lagoon,BRT01: Sunway-Setia Jaya,2026-01-18,204
BRT03: Sunway Lagoon,BRT01: Sunway-Setia Jaya,2026-01-19,344
BRT03: Sunway Lagoon,BRT01: Sunway-Setia Jaya,2026-01-20,362
BRT03: Sunway Lagoon,BRT01: Sunway-Setia Jaya,2026-01-21,399
BRT03: Sunway Lagoon,BRT01: Sunway-Setia Jaya,2026-01-22,343
BRT03: Sunway Lagoon,BRT01: Sunway-Setia Jaya,2026-01-23,366
BRT03: Sunway Lagoon,BRT01: Sunway-Setia Jaya,2026-01-24,270
BRT03: Sunway Lagoon,BRT01: Sunway-Setia Jaya,2026-01-25,199
BRT03: Sunway Lagoon,BRT01: Sunway-Setia Jaya,2026-01-26,320
BRT03: Sunway Lagoon,BRT01: Sunway-Setia Jaya,2026-01-27,367
BRT03: Sunway Lagoon,BRT01: Sunway-Setia Jaya,2026-01-28,354
BRT03: Sunway Lagoon,BRT01: Sunway-Setia Jaya,2026-01-29,369
BRT03: Sunway Lagoon,BRT01: Sunway-Setia Jaya,2026-01-30,422
BRT03: Sunway Lagoon,BRT01: Sunway-Setia Jaya,2026-01-31,287
BRT03: Sunway Lagoon,BRT01: Sunway-Setia Jaya,2026-02-01,252
BRT03: Sunway Lagoon,BRT01: Sunway-Setia Jaya,2026-02-02,224
BRT03: Sunway Lagoon,BRT01: Sunway-Setia Jaya,2026-02-03,377
BRT03: Sunway Lagoon,BRT01: Sunway-Setia Jaya,2026-02-04,384
BRT03: Sunway Lagoon,BRT01: Sunway-Setia Jaya,2026-02-05,423
BRT03: Sunway Lagoon,BRT01: Sunway-Setia Jaya,2026-02-06,436
BRT03: Sunway Lagoon,BRT01: Sunway-Setia Jaya,2026-02-07,369
BRT03: Sunway Lagoon,BRT01: Sunway-Setia Jaya,2026-02-08,317
BRT03: Sunway Lagoon,BRT01: Sunway-Setia Jaya,2026-02-09,394
BRT03: Sunway Lagoon,BRT01: Sunway-Setia Jaya,2026-02-10,427
BRT03: Sunway Lagoon,BRT01: Sunway-Setia Jaya,2026-02-11,421
BRT03: Sunway Lagoon,BRT01: Sunway-Setia Jaya,2026-02-12,451
BRT03: Sunway Lagoon,BRT01: Sunway-Setia Jaya,2026-02-13,457
BRT03: Sunway Lagoon,BRT01: Sunway-Setia Jaya,2026-02-14,283
BRT03: Sunway Lagoon,BRT01: Sunway-Setia Jaya,2026-02-15,213
BRT03: Sunway Lagoon,BRT01: Sunway-Setia Jaya,2026-02-16,249
BRT03: Sunway Lagoon,BRT01: Sunway-Setia Jaya,2026-02-17,173
BRT03: Sunway Lagoon,BRT01: Sunway-Setia Jaya,2026-02-18,207
BRT03: Sunway Lagoon,BRT01: Sunway-Setia Jaya,2026-02-19,183
BRT03: Sunway Lagoon,BRT01: Sunway-Setia Jaya,2026-02-20,227
BRT03: Sunway Lagoon,BRT01: Sunway-Setia Jaya,2026-02-21,180
BRT03: Sunway Lagoon,BRT01: Sunway-Setia Jaya,2026-02-22,171
BRT03: Sunway Lagoon,BRT01: Sunway-Setia Jaya,2026-02-23,393
BRT03: Sunway Lagoon,BRT01: Sunway-Setia Jaya,2026-02-24,383
BRT03: Sunway Lagoon,BRT01: Sunway-Setia Jaya,2026-02-25,404
BRT03: Sunway Lagoon,BRT01: Sunway-Setia Jaya,2026-02-26,405
BRT03: Sunway Lagoon,BRT01: Sunway-Setia Jaya,2026-02-27,411
BRT03: Sunway Lagoon,BRT01: Sunway-Setia Jaya,2026-02-28,281
BRT03: Sunway Lagoon,BRT01: Sunway-Setia Jaya,2026-03-01,232
BRT03: Sunway Lagoon,BRT01: Sunway-Setia Jaya,2026-03-02,410
BRT03: Sunway Lagoon,BRT01: Sunway-Setia Jaya,2026-03-03,443
BRT03: Sunway Lagoon,BRT01: Sunway-Setia Jaya,2026-03-04,405
BRT03: Sunway Lagoon,BRT01: Sunway-Setia Jaya,2026-03-05,402
BRT03: Sunway Lagoon,BRT01: Sunway-Setia Jaya,2026-03-06,409
BRT03: Sunway Lagoon,BRT01: Sunway-Setia Jaya,2026-03-07,253
BRT03: Sunway Lagoon,BRT01: Sunway-Setia Jaya,2026-03-08,245
BRT03: Sunway Lagoon,BRT01: Sunway-Setia Jaya,2026-03-09,376
BRT03: Sunway Lagoon,BRT01: Sunway-Setia Jaya,2026-03-10,405
BRT03: Sunway Lagoon,BRT01: Sunway-Setia Jaya,2026-03-11,359
BRT03: Sunway Lagoon,BRT01: Sunway-Setia Jaya,2026-03-12,331
BRT03: Sunway Lagoon,BRT01: Sunway-Setia Jaya,2026-03-13,346
BRT03: Sunway Lagoon,BRT01: Sunway-Setia Jaya,2026-03-14,287
BRT03: Sunway Lagoon,BRT01: Sunway-Setia Jaya,2026-03-15,242
BRT03: Sunway Lagoon,BRT01: Sunway-Setia Jaya,2026-03-16,406
BRT03: Sunway Lagoon,BRT01: Sunway-Setia Jaya,2026-03-17,393
BRT03: Sunway Lagoon,BRT01: Sunway-Setia Jaya,2026-03-18,413
BRT03: Sunway Lagoon,BRT01: Sunway-Setia Jaya,2026-03-19,398
BRT03: Sunway Lagoon,BRT01: Sunway-Setia Jaya,2026-03-20,236
BRT03: Sunway Lagoon,BRT01: Sunway-Setia Jaya,2026-03-21,282
BRT03: Sunway Lagoon,BRT01: Sunway-Setia Jaya,2026-03-22,237
BRT03: Sunway Lagoon,BRT01: Sunway-Setia Jaya,2026-03-23,195
BRT03: Sunway Lagoon,BRT01: Sunway-Setia Jaya,2026-03-24,347
BRT03: Sunway Lagoon,BRT01: Sunway-Setia Jaya,2026-03-25,323
BRT03: Sunway Lagoon,BRT01: Sunway-Setia Jaya,2026-03-26,359
BRT03: Sunway Lagoon,BRT01: Sunway-Setia Jaya,2026-03-27,374
BRT03: Sunway Lagoon,BRT01: Sunway-Setia Jaya,2026-03-28,255
BRT03: Sunway Lagoon,BRT01: Sunway-Setia Jaya,2026-03-29,192
BRT03: Sunway Lagoon,BRT01: Sunway-Setia Jaya,2026-03-30,353
BRT03: Sunway Lagoon,BRT01: Sunway-Setia Jaya,2026-03-31,351
BRT03: Sunway Lagoon,BRT01: Sunway-Setia Jaya,2026-04-01,377
BRT03: Sunway Lagoon,BRT01: Sunway-Setia Jaya,2026-04-02,398
BRT03: Sunway Lagoon,BRT01: Sunway-Setia Jaya,2026-04-03,420
BRT03: Sunway Lagoon,BRT01: Sunway-Setia Jaya,2026-04-04,287
BRT03: Sunway Lagoon,BRT01: Sunway-Setia Jaya,2026-04-05,218
BRT03: Sunway Lagoon,BRT01: Sunway-Setia Jaya,2026-04-06,346
BRT03: Sunway Lagoon,BRT01: Sunway-Setia Jaya,2026-04-07,340
BRT03: Sunway Lagoon,BRT01: Sunway-Setia Jaya,2026-04-08,364
BRT03: Sunway Lagoon,BRT01: Sunway-Setia Jaya,2026-04-09,370
BRT03: Sunway Lagoon,BRT01: Sunway-Setia Jaya,2026-04-10,333
BRT03: Sunway Lagoon,BRT01: Sunway-Setia Jaya,2026-04-11,282
BRT03: Sunway Lagoon,BRT01: Sunway-Setia Jaya,2026-04-12,210
BRT03: Sunway Lagoon,BRT01: Sunway-Setia Jaya,2026-04-13,310
BRT03: Sunway Lagoon,BRT01: Sunway-Setia Jaya,2026-04-14,371
BRT03: Sunway Lagoon,BRT01: Sunway-Setia Jaya,2026-04-15,401
BRT03: Sunway Lagoon,BRT01: Sunway-Setia Jaya,2026-04-16,383
BRT03: Sunway Lagoon,BRT01: Sunway-Setia Jaya,2026-04-17,398
BRT03: Sunway Lagoon,BRT01: Sunway-Setia Jaya,2026-04-18,418
BRT03: Sunway Lagoon,BRT01: Sunway-Setia Jaya,2026-04-19,313
BRT03: Sunway Lagoon,BRT01: Sunway-Setia Jaya,2026-04-20,354
BRT03: Sunway Lagoon,BRT01: Sunway-Setia Jaya,2026-04-21,326
BRT03: Sunway Lagoon,BRT01: Sunway-Setia Jaya,2026-04-22,351
BRT03: Sunway Lagoon,BRT01: Sunway-Setia Jaya,2026-04-23,363
BRT03: Sunway Lagoon,BRT01: Sunway-Setia Jaya,2026-04-24,396
BRT03: Sunway Lagoon,BRT01: Sunway-Setia Jaya,2026-04-25,257
BRT03: Sunway Lagoon,BRT01: Sunway-Setia Jaya,2026-04-26,214
BRT03: Sunway Lagoon,BRT01: Sunway-Setia Jaya,2026-04-27,254
BRT03: Sunway Lagoon,BRT01: Sunway-Setia Jaya,2026-04-28,297
BRT03: Sunway Lagoon,BRT01: Sunway-Setia Jaya,2026-04-29,300
BRT03: Sunway Lagoon,BRT01: Sunway-Setia Jaya,2026-04-30,356
BRT03: Sunway Lagoon,BRT01: Sunway-Setia Jaya,2026-05-01,255
BRT03: Sunway Lagoon,BRT01: Sunway-Setia Jaya,2026-05-02,224
BRT03: Sunway Lagoon,BRT01: Sunway-Setia Jaya,2026-05-03,234
BRT03: Sunway Lagoon,BRT01: Sunway-Setia Jaya,2026-05-04,293
BRT03: Sunway Lagoon,BRT01: Sunway-Setia Jaya,2026-05-05,298
BRT03: Sunway Lagoon,BRT01: Sunway-Setia Jaya,2026-05-06,303
BRT03: Sunway Lagoon,BRT01: Sunway-Setia Jaya,2026-05-07,298
BRT03: Sunway Lagoon,BRT01: Sunway-Setia Jaya,2026-05-08,371
BRT03: Sunway Lagoon,BRT01: Sunway-Setia Jaya,2026-05-09,301
BRT03: Sunway Lagoon,BRT01: Sunway-Setia Jaya,2026-05-10,241
BRT03: Sunway Lagoon,BRT01: Sunway-Setia Jaya,2026-05-11,311
BRT03: Sunway Lagoon,BRT01: Sunway-Setia Jaya,2026-05-12,327
BRT03: Sunway Lagoon,BRT01: Sunway-Setia Jaya,2026-05-13,356
BRT03: Sunway Lagoon,BRT01: Sunway-Setia Jaya,2026-05-14,341
BRT03: Sunway Lagoon,BRT01: Sunway-Setia Jaya,2026-05-15,332
BRT03: Sunway Lagoon,BRT02: Mentari,2026-01-01,182
BRT03: Sunway Lagoon,BRT02: Mentari,2026-01-02,210
BRT03: Sunway Lagoon,BRT02: Mentari,2026-01-03,176
BRT03: Sunway Lagoon,BRT02: Mentari,2026-01-04,149
BRT03: Sunway Lagoon,BRT02: Mentari,2026-01-05,197
BRT03: Sunway Lagoon,BRT02: Mentari,2026-01-06,218
BRT03: Sunway Lagoon,BRT02: Mentari,2026-01-07,270
BRT03: Sunway Lagoon,BRT02: Mentari,2026-01-08,174
BRT03: Sunway Lagoon,BRT02: Mentari,2026-01-09,219
BRT03: Sunway Lagoon,BRT02: Mentari,2026-01-10,190
BRT03: Sunway Lagoon,BRT02: Mentari,2026-01-11,173
BRT03: Sunway Lagoon,BRT02: Mentari,2026-01-12,188
BRT03: Sunway Lagoon,BRT02: Mentari,2026-01-13,222
BRT03: Sunway Lagoon,BRT02: Mentari,2026-01-14,304
BRT03: Sunway Lagoon,BRT02: Mentari,2026-01-15,211
BRT03: Sunway Lagoon,BRT02: Mentari,2026-01-16,229
BRT03: Sunway Lagoon,BRT02: Mentari,2026-01-17,214
BRT03: Sunway Lagoon,BRT02: Mentari,2026-01-18,171
BRT03: Sunway Lagoon,BRT02: Mentari,2026-01-19,220
BRT03: Sunway Lagoon,BRT02: Mentari,2026-01-20,197
BRT03: Sunway Lagoon,BRT02: Mentari,2026-01-21,269
BRT03: Sunway Lagoon,BRT02: Mentari,2026-01-22,209
BRT03: Sunway Lagoon,BRT02: Mentari,2026-01-23,220
BRT03: Sunway Lagoon,BRT02: Mentari,2026-01-24,186
BRT03: Sunway Lagoon,BRT02: Mentari,2026-01-25,167
BRT03: Sunway Lagoon,BRT02: Mentari,2026-01-26,191
BRT03: Sunway Lagoon,BRT02: Mentari,2026-01-27,201
BRT03: Sunway Lagoon,BRT02: Mentari,2026-01-28,266
BRT03: Sunway Lagoon,BRT02: Mentari,2026-01-29,205
BRT03: Sunway Lagoon,BRT02: Mentari,2026-01-30,230
BRT03: Sunway Lagoon,BRT02: Mentari,2026-01-31,196
BRT03: Sunway Lagoon,BRT02: Mentari,2026-02-01,260
BRT03: Sunway Lagoon,BRT02: Mentari,2026-02-02,211
BRT03: Sunway Lagoon,BRT02: Mentari,2026-02-03,241
BRT03: Sunway Lagoon,BRT02: Mentari,2026-02-04,302
BRT03: Sunway Lagoon,BRT02: Mentari,2026-02-05,223
BRT03: Sunway Lagoon,BRT02: Mentari,2026-02-06,245
BRT03: Sunway Lagoon,BRT02: Mentari,2026-02-07,324
BRT03: Sunway Lagoon,BRT02: Mentari,2026-02-08,339
BRT03: Sunway Lagoon,BRT02: Mentari,2026-02-09,256
BRT03: Sunway Lagoon,BRT02: Mentari,2026-02-10,252
BRT03: Sunway Lagoon,BRT02: Mentari,2026-02-11,301
BRT03: Sunway Lagoon,BRT02: Mentari,2026-02-12,236
BRT03: Sunway Lagoon,BRT02: Mentari,2026-02-13,254
BRT03: Sunway Lagoon,BRT02: Mentari,2026-02-14,207
BRT03: Sunway Lagoon,BRT02: Mentari,2026-02-15,190
BRT03: Sunway Lagoon,BRT02: Mentari,2026-02-16,215
BRT03: Sunway Lagoon,BRT02: Mentari,2026-02-17,145
BRT03: Sunway Lagoon,BRT02: Mentari,2026-02-18,185
BRT03: Sunway Lagoon,BRT02: Mentari,2026-02-19,162
BRT03: Sunway Lagoon,BRT02: Mentari,2026-02-20,197
BRT03: Sunway Lagoon,BRT02: Mentari,2026-02-21,126
BRT03: Sunway Lagoon,BRT02: Mentari,2026-02-22,138
BRT03: Sunway Lagoon,BRT02: Mentari,2026-02-23,207
BRT03: Sunway Lagoon,BRT02: Mentari,2026-02-24,182
BRT03: Sunway Lagoon,BRT02: Mentari,2026-02-25,270
BRT03: Sunway Lagoon,BRT02: Mentari,2026-02-26,217
BRT03: Sunway Lagoon,BRT02: Mentari,2026-02-27,255
BRT03: Sunway Lagoon,BRT02: Mentari,2026-02-28,186
BRT03: Sunway Lagoon,BRT02: Mentari,2026-03-01,186
BRT03: Sunway Lagoon,BRT02: Mentari,2026-03-02,242
BRT03: Sunway Lagoon,BRT02: Mentari,2026-03-03,252
BRT03: Sunway Lagoon,BRT02: Mentari,2026-03-04,270
BRT03: Sunway Lagoon,BRT02: Mentari,2026-03-05,240
BRT03: Sunway Lagoon,BRT02: Mentari,2026-03-06,248
BRT03: Sunway Lagoon,BRT02: Mentari,2026-03-07,188
BRT03: Sunway Lagoon,BRT02: Mentari,2026-03-08,165
BRT03: Sunway Lagoon,BRT02: Mentari,2026-03-09,230
BRT03: Sunway Lagoon,BRT02: Mentari,2026-03-10,239
BRT03: Sunway Lagoon,BRT02: Mentari,2026-03-11,291
BRT03: Sunway Lagoon,BRT02: Mentari,2026-03-12,228
BRT03: Sunway Lagoon,BRT02: Mentari,2026-03-13,250
BRT03: Sunway Lagoon,BRT02: Mentari,2026-03-14,180
BRT03: Sunway Lagoon,BRT02: Mentari,2026-03-15,196
BRT03: Sunway Lagoon,BRT02: Mentari,2026-03-16,252
BRT03: Sunway Lagoon,BRT02: Mentari,2026-03-17,222
BRT03: Sunway Lagoon,BRT02: Mentari,2026-03-18,264
BRT03: Sunway Lagoon,BRT02: Mentari,2026-03-19,235
BRT03: Sunway Lagoon,BRT02: Mentari,2026-03-20,181
BRT03: Sunway Lagoon,BRT02: Mentari,2026-03-21,164
BRT03: Sunway Lagoon,BRT02: Mentari,2026-03-22,183
BRT03: Sunway Lagoon,BRT02: Mentari,2026-03-23,163
BRT03: Sunway Lagoon,BRT02: Mentari,2026-03-24,197
BRT03: Sunway Lagoon,BRT02: Mentari,2026-03-25,250
BRT03: Sunway Lagoon,BRT02: Mentari,2026-03-26,215
BRT03: Sunway Lagoon,BRT02: Mentari,2026-03-27,238
BRT03: Sunway Lagoon,BRT02: Mentari,2026-03-28,158
BRT03: Sunway Lagoon,BRT02: Mentari,2026-03-29,154
BRT03: Sunway Lagoon,BRT02: Mentari,2026-03-30,220
BRT03: Sunway Lagoon,BRT02: Mentari,2026-03-31,255
BRT03: Sunway Lagoon,BRT02: Mentari,2026-04-01,304
BRT03: Sunway Lagoon,BRT02: Mentari,2026-04-02,211
BRT03: Sunway Lagoon,BRT02: Mentari,2026-04-03,280
BRT03: Sunway Lagoon,BRT02: Mentari,2026-04-04,180
BRT03: Sunway Lagoon,BRT02: Mentari,2026-04-05,160
BRT03: Sunway Lagoon,BRT02: Mentari,2026-04-06,240
BRT03: Sunway Lagoon,BRT02: Mentari,2026-04-07,233
BRT03: Sunway Lagoon,BRT02: Mentari,2026-04-08,272
BRT03: Sunway Lagoon,BRT02: Mentari,2026-04-09,258
BRT03: Sunway Lagoon,BRT02: Mentari,2026-04-10,221
BRT03: Sunway Lagoon,BRT02: Mentari,2026-04-11,208
BRT03: Sunway Lagoon,BRT02: Mentari,2026-04-12,169
BRT03: Sunway Lagoon,BRT02: Mentari,2026-04-13,222
BRT03: Sunway Lagoon,BRT02: Mentari,2026-04-14,245
BRT03: Sunway Lagoon,BRT02: Mentari,2026-04-15,291
BRT03: Sunway Lagoon,BRT02: Mentari,2026-04-16,217
BRT03: Sunway Lagoon,BRT02: Mentari,2026-04-17,258
BRT03: Sunway Lagoon,BRT02: Mentari,2026-04-18,286
BRT03: Sunway Lagoon,BRT02: Mentari,2026-04-19,274
BRT03: Sunway Lagoon,BRT02: Mentari,2026-04-20,238
BRT03: Sunway Lagoon,BRT02: Mentari,2026-04-21,251
BRT03: Sunway Lagoon,BRT02: Mentari,2026-04-22,271
BRT03: Sunway Lagoon,BRT02: Mentari,2026-04-23,227
BRT03: Sunway Lagoon,BRT02: Mentari,2026-04-24,245
BRT03: Sunway Lagoon,BRT02: Mentari,2026-04-25,181
BRT03: Sunway Lagoon,BRT02: Mentari,2026-04-26,194
BRT03: Sunway Lagoon,BRT02: Mentari,2026-04-27,218
BRT03: Sunway Lagoon,BRT02: Mentari,2026-04-28,240
BRT03: Sunway Lagoon,BRT02: Mentari,2026-04-29,276
BRT03: Sunway Lagoon,BRT02: Mentari,2026-04-30,242
BRT03: Sunway Lagoon,BRT02: Mentari,2026-05-01,234
BRT03: Sunway Lagoon,BRT02: Mentari,2026-05-02,187
BRT03: Sunway Lagoon,BRT02: Mentari,2026-05-03,157
BRT03: Sunway Lagoon,BRT02: Mentari,2026-05-04,243
BRT03: Sunway Lagoon,BRT02: Mentari,2026-05-05,252
BRT03: Sunway Lagoon,BRT02: Mentari,2026-05-06,290
BRT03: Sunway Lagoon,BRT02: Mentari,2026-05-07,254
BRT03: Sunway Lagoon,BRT02: Mentari,2026-05-08,253
BRT03: Sunway Lagoon,BRT02: Mentari,2026-05-09,218
BRT03: Sunway Lagoon,BRT02: Mentari,2026-05-10,191
BRT03: Sunway Lagoon,BRT02: Mentari,2026-05-11,245
BRT03: Sunway Lagoon,BRT02: Mentari,2026-05-12,232
BRT03: Sunway Lagoon,BRT02: Mentari,2026-05-13,331
BRT03: Sunway Lagoon,BRT02: Mentari,2026-05-14,230
BRT03: Sunway Lagoon,BRT02: Mentari,2026-05-15,253
BRT03: Sunway Lagoon,BRT03: Sunway Lagoon,2026-01-01,49
BRT03: Sunway Lagoon,BRT03: Sunway Lagoon,2026-01-02,44
BRT03: Sunway Lagoon,BRT03: Sunway Lagoon,2026-01-03,40
BRT03: Sunway Lagoon,BRT03: Sunway Lagoon,2026-01-04,35
BRT03: Sunway Lagoon,BRT03: Sunway Lagoon,2026-01-05,28
BRT03: Sunway Lagoon,BRT03: Sunway Lagoon,2026-01-06,54
BRT03: Sunway Lagoon,BRT03: Sunway Lagoon,2026-01-07,30
BRT03: Sunway Lagoon,BRT03: Sunway Lagoon,2026-01-08,41
BRT03: Sunway Lagoon,BRT03: Sunway Lagoon,2026-01-09,40
BRT03: Sunway Lagoon,BRT03: Sunway Lagoon,2026-01-10,43
BRT03: Sunway Lagoon,BRT03: Sunway Lagoon,2026-01-11,31
BRT03: Sunway Lagoon,BRT03: Sunway Lagoon,2026-01-12,28
BRT03: Sunway Lagoon,BRT03: Sunway Lagoon,2026-01-13,80
BRT03: Sunway Lagoon,BRT03: Sunway Lagoon,2026-01-14,37
BRT03: Sunway Lagoon,BRT03: Sunway Lagoon,2026-01-15,38
BRT03: Sunway Lagoon,BRT03: Sunway Lagoon,2026-01-16,43
BRT03: Sunway Lagoon,BRT03: Sunway Lagoon,2026-01-17,38
BRT03: Sunway Lagoon,BRT03: Sunway Lagoon,2026-01-18,21
BRT03: Sunway Lagoon,BRT03: Sunway Lagoon,2026-01-19,36
BRT03: Sunway Lagoon,BRT03: Sunway Lagoon,2026-01-20,42
BRT03: Sunway Lagoon,BRT03: Sunway Lagoon,2026-01-21,44
BRT03: Sunway Lagoon,BRT03: Sunway Lagoon,2026-01-22,45
BRT03: Sunway Lagoon,BRT03: Sunway Lagoon,2026-01-23,38
BRT03: Sunway Lagoon,BRT03: Sunway Lagoon,2026-01-24,49
BRT03: Sunway Lagoon,BRT03: Sunway Lagoon,2026-01-25,51
BRT03: Sunway Lagoon,BRT03: Sunway Lagoon,2026-01-26,38
BRT03: Sunway Lagoon,BRT03: Sunway Lagoon,2026-01-27,21
BRT03: Sunway Lagoon,BRT03: Sunway Lagoon,2026-01-28,36
BRT03: Sunway Lagoon,BRT03: Sunway Lagoon,2026-01-29,45
BRT03: Sunway Lagoon,BRT03: Sunway Lagoon,2026-01-30,35
BRT03: Sunway Lagoon,BRT03: Sunway Lagoon,2026-01-31,55
BRT03: Sunway Lagoon,BRT03: Sunway Lagoon,2026-02-01,50
BRT03: Sunway Lagoon,BRT03: Sunway Lagoon,2026-02-02,55
BRT03: Sunway Lagoon,BRT03: Sunway Lagoon,2026-02-03,36
BRT03: Sunway Lagoon,BRT03: Sunway Lagoon,2026-02-04,39
BRT03: Sunway Lagoon,BRT03: Sunway Lagoon,2026-02-05,38
BRT03: Sunway Lagoon,BRT03: Sunway Lagoon,2026-02-06,47
BRT03: Sunway Lagoon,BRT03: Sunway Lagoon,2026-02-07,79
BRT03: Sunway Lagoon,BRT03: Sunway Lagoon,2026-02-08,64
BRT03: Sunway Lagoon,BRT03: Sunway Lagoon,2026-02-09,47
BRT03: Sunway Lagoon,BRT03: Sunway Lagoon,2026-02-10,44
BRT03: Sunway Lagoon,BRT03: Sunway Lagoon,2026-02-11,47
BRT03: Sunway Lagoon,BRT03: Sunway Lagoon,2026-02-12,55
BRT03: Sunway Lagoon,BRT03: Sunway Lagoon,2026-02-13,42
BRT03: Sunway Lagoon,BRT03: Sunway Lagoon,2026-02-14,34
BRT03: Sunway Lagoon,BRT03: Sunway Lagoon,2026-02-15,36
BRT03: Sunway Lagoon,BRT03: Sunway Lagoon,2026-02-16,46
BRT03: Sunway Lagoon,BRT03: Sunway Lagoon,2026-02-17,52
BRT03: Sunway Lagoon,BRT03: Sunway Lagoon,2026-02-18,34
BRT03: Sunway Lagoon,BRT03: Sunway Lagoon,2026-02-19,21
BRT03: Sunway Lagoon,BRT03: Sunway Lagoon,2026-02-20,23
BRT03: Sunway Lagoon,BRT03: Sunway Lagoon,2026-02-21,33
BRT03: Sunway Lagoon,BRT03: Sunway Lagoon,2026-02-22,28
BRT03: Sunway Lagoon,BRT03: Sunway Lagoon,2026-02-23,37
BRT03: Sunway Lagoon,BRT03: Sunway Lagoon,2026-02-24,45
BRT03: Sunway Lagoon,BRT03: Sunway Lagoon,2026-02-25,49
BRT03: Sunway Lagoon,BRT03: Sunway Lagoon,2026-02-26,37
BRT03: Sunway Lagoon,BRT03: Sunway Lagoon,2026-02-27,47
BRT03: Sunway Lagoon,BRT03: Sunway Lagoon,2026-02-28,33
BRT03: Sunway Lagoon,BRT03: Sunway Lagoon,2026-03-01,39
BRT03: Sunway Lagoon,BRT03: Sunway Lagoon,2026-03-02,28
BRT03: Sunway Lagoon,BRT03: Sunway Lagoon,2026-03-03,51
BRT03: Sunway Lagoon,BRT03: Sunway Lagoon,2026-03-04,34
BRT03: Sunway Lagoon,BRT03: Sunway Lagoon,2026-03-05,38
BRT03: Sunway Lagoon,BRT03: Sunway Lagoon,2026-03-06,46
BRT03: Sunway Lagoon,BRT03: Sunway Lagoon,2026-03-07,51
BRT03: Sunway Lagoon,BRT03: Sunway Lagoon,2026-03-08,40
BRT03: Sunway Lagoon,BRT03: Sunway Lagoon,2026-03-09,44
BRT03: Sunway Lagoon,BRT03: Sunway Lagoon,2026-03-10,33
BRT03: Sunway Lagoon,BRT03: Sunway Lagoon,2026-03-11,45
BRT03: Sunway Lagoon,BRT03: Sunway Lagoon,2026-03-12,22
BRT03: Sunway Lagoon,BRT03: Sunway Lagoon,2026-03-13,43
BRT03: Sunway Lagoon,BRT03: Sunway Lagoon,2026-03-14,33
BRT03: Sunway Lagoon,BRT03: Sunway Lagoon,2026-03-15,22
BRT03: Sunway Lagoon,BRT03: Sunway Lagoon,2026-03-16,23
BRT03: Sunway Lagoon,BRT03: Sunway Lagoon,2026-03-17,63
BRT03: Sunway Lagoon,BRT03: Sunway Lagoon,2026-03-18,35
BRT03: Sunway Lagoon,BRT03: Sunway Lagoon,2026-03-19,37
BRT03: Sunway Lagoon,BRT03: Sunway Lagoon,2026-03-20,26
BRT03: Sunway Lagoon,BRT03: Sunway Lagoon,2026-03-21,31
BRT03: Sunway Lagoon,BRT03: Sunway Lagoon,2026-03-22,60
BRT03: Sunway Lagoon,BRT03: Sunway Lagoon,2026-03-23,35
BRT03: Sunway Lagoon,BRT03: Sunway Lagoon,2026-03-24,37
BRT03: Sunway Lagoon,BRT03: Sunway Lagoon,2026-03-25,30
BRT03: Sunway Lagoon,BRT03: Sunway Lagoon,2026-03-26,35
BRT03: Sunway Lagoon,BRT03: Sunway Lagoon,2026-03-27,35
BRT03: Sunway Lagoon,BRT03: Sunway Lagoon,2026-03-28,21
BRT03: Sunway Lagoon,BRT03: Sunway Lagoon,2026-03-29,26
BRT03: Sunway Lagoon,BRT03: Sunway Lagoon,2026-03-30,40
BRT03: Sunway Lagoon,BRT03: Sunway Lagoon,2026-03-31,46
BRT03: Sunway Lagoon,BRT03: Sunway Lagoon,2026-04-01,20
BRT03: Sunway Lagoon,BRT03: Sunway Lagoon,2026-04-02,40
BRT03: Sunway Lagoon,BRT03: Sunway Lagoon,2026-04-03,40
BRT03: Sunway Lagoon,BRT03: Sunway Lagoon,2026-04-04,41
BRT03: Sunway Lagoon,BRT03: Sunway Lagoon,2026-04-05,28
BRT03: Sunway Lagoon,BRT03: Sunway Lagoon,2026-04-06,35
BRT03: Sunway Lagoon,BRT03: Sunway Lagoon,2026-04-07,34
BRT03: Sunway Lagoon,BRT03: Sunway Lagoon,2026-04-08,38
BRT03: Sunway Lagoon,BRT03: Sunway Lagoon,2026-04-09,37
BRT03: Sunway Lagoon,BRT03: Sunway Lagoon,2026-04-10,47
BRT03: Sunway Lagoon,BRT03: Sunway Lagoon,2026-04-11,62
BRT03: Sunway Lagoon,BRT03: Sunway Lagoon,2026-04-12,34
BRT03: Sunway Lagoon,BRT03: Sunway Lagoon,2026-04-13,41
BRT03: Sunway Lagoon,BRT03: Sunway Lagoon,2026-04-14,45
BRT03: Sunway Lagoon,BRT03: Sunway Lagoon,2026-04-15,40
BRT03: Sunway Lagoon,BRT03: Sunway Lagoon,2026-04-16,43
BRT03: Sunway Lagoon,BRT03: Sunway Lagoon,2026-04-17,48
BRT03: Sunway Lagoon,BRT03: Sunway Lagoon,2026-04-18,91
BRT03: Sunway Lagoon,BRT03: Sunway Lagoon,2026-04-19,64
BRT03: Sunway Lagoon,BRT03: Sunway Lagoon,2026-04-20,40
BRT03: Sunway Lagoon,BRT03: Sunway Lagoon,2026-04-21,46
BRT03: Sunway Lagoon,BRT03: Sunway Lagoon,2026-04-22,27
BRT03: Sunway Lagoon,BRT03: Sunway Lagoon,2026-04-23,40
BRT03: Sunway Lagoon,BRT03: Sunway Lagoon,2026-04-24,25
BRT03: Sunway Lagoon,BRT03: Sunway Lagoon,2026-04-25,39
BRT03: Sunway Lagoon,BRT03: Sunway Lagoon,2026-04-26,30
BRT03: Sunway Lagoon,BRT03: Sunway Lagoon,2026-04-27,32
BRT03: Sunway Lagoon,BRT03: Sunway Lagoon,2026-04-28,43
BRT03: Sunway Lagoon,BRT03: Sunway Lagoon,2026-04-29,42
BRT03: Sunway Lagoon,BRT03: Sunway Lagoon,2026-04-30,43
BRT03: Sunway Lagoon,BRT03: Sunway Lagoon,2026-05-01,46
BRT03: Sunway Lagoon,BRT03: Sunway Lagoon,2026-05-02,41
BRT03: Sunway Lagoon,BRT03: Sunway Lagoon,2026-05-03,43
BRT03: Sunway Lagoon,BRT03: Sunway Lagoon,2026-05-04,36
BRT03: Sunway Lagoon,BRT03: Sunway Lagoon,2026-05-05,34
BRT03: Sunway Lagoon,BRT03: Sunway Lagoon,2026-05-06,31
BRT03: Sunway Lagoon,BRT03: Sunway Lagoon,2026-05-07,32
BRT03: Sunway Lagoon,BRT03: Sunway Lagoon,2026-05-08,28
BRT03: Sunway Lagoon,BRT03: Sunway Lagoon,2026-05-09,58
BRT03: Sunway Lagoon,BRT03: Sunway Lagoon,2026-05-10,47
BRT03: Sunway Lagoon,BRT03: Sunway Lagoon,2026-05-11,21
BRT03: Sunway Lagoon,BRT03: Sunway Lagoon,2026-05-12,32
BRT03: Sunway Lagoon,BRT03: Sunway Lagoon,2026-05-13,33
BRT03: Sunway Lagoon,BRT03: Sunway Lagoon,2026-05-14,25
BRT03: Sunway Lagoon,BRT03: Sunway Lagoon,2026-05-15,38
BRT03: Sunway Lagoon,BRT04: SunMed,2026-01-01,665
BRT03: Sunway Lagoon,BRT04: SunMed,2026-01-02,502
BRT03: Sunway Lagoon,BRT04: SunMed,2026-01-03,475
BRT03: Sunway Lagoon,BRT04: SunMed,2026-01-04,566
BRT03: Sunway Lagoon,BRT04: SunMed,2026-01-05,494
BRT03: Sunway Lagoon,BRT04: SunMed,2026-01-06,478
BRT03: Sunway Lagoon,BRT04: SunMed,2026-01-07,534
BRT03: Sunway Lagoon,BRT04: SunMed,2026-01-08,427
BRT03: Sunway Lagoon,BRT04: SunMed,2026-01-09,654
BRT03: Sunway Lagoon,BRT04: SunMed,2026-01-10,568
BRT03: Sunway Lagoon,BRT04: SunMed,2026-01-11,486
BRT03: Sunway Lagoon,BRT04: SunMed,2026-01-12,466
BRT03: Sunway Lagoon,BRT04: SunMed,2026-01-13,494
BRT03: Sunway Lagoon,BRT04: SunMed,2026-01-14,510
BRT03: Sunway Lagoon,BRT04: SunMed,2026-01-15,484
BRT03: Sunway Lagoon,BRT04: SunMed,2026-01-16,603
BRT03: Sunway Lagoon,BRT04: SunMed,2026-01-17,693
BRT03: Sunway Lagoon,BRT04: SunMed,2026-01-18,543
BRT03: Sunway Lagoon,BRT04: SunMed,2026-01-19,528
BRT03: Sunway Lagoon,BRT04: SunMed,2026-01-20,494
BRT03: Sunway Lagoon,BRT04: SunMed,2026-01-21,547
BRT03: Sunway Lagoon,BRT04: SunMed,2026-01-22,519
BRT03: Sunway Lagoon,BRT04: SunMed,2026-01-23,587
BRT03: Sunway Lagoon,BRT04: SunMed,2026-01-24,640
BRT03: Sunway Lagoon,BRT04: SunMed,2026-01-25,482
BRT03: Sunway Lagoon,BRT04: SunMed,2026-01-26,453
BRT03: Sunway Lagoon,BRT04: SunMed,2026-01-27,475
BRT03: Sunway Lagoon,BRT04: SunMed,2026-01-28,438
BRT03: Sunway Lagoon,BRT04: SunMed,2026-01-29,508
BRT03: Sunway Lagoon,BRT04: SunMed,2026-01-30,638
BRT03: Sunway Lagoon,BRT04: SunMed,2026-01-31,629
BRT03: Sunway Lagoon,BRT04: SunMed,2026-02-01,759
BRT03: Sunway Lagoon,BRT04: SunMed,2026-02-02,635
BRT03: Sunway Lagoon,BRT04: SunMed,2026-02-03,550
BRT03: Sunway Lagoon,BRT04: SunMed,2026-02-04,573
BRT03: Sunway Lagoon,BRT04: SunMed,2026-02-05,613
BRT03: Sunway Lagoon,BRT04: SunMed,2026-02-06,704
BRT03: Sunway Lagoon,BRT04: SunMed,2026-02-07,1083
BRT03: Sunway Lagoon,BRT04: SunMed,2026-02-08,845
BRT03: Sunway Lagoon,BRT04: SunMed,2026-02-09,584
BRT03: Sunway Lagoon,BRT04: SunMed,2026-02-10,659
BRT03: Sunway Lagoon,BRT04: SunMed,2026-02-11,711
BRT03: Sunway Lagoon,BRT04: SunMed,2026-02-12,661
BRT03: Sunway Lagoon,BRT04: SunMed,2026-02-13,708
BRT03: Sunway Lagoon,BRT04: SunMed,2026-02-14,579
BRT03: Sunway Lagoon,BRT04: SunMed,2026-02-15,486
BRT03: Sunway Lagoon,BRT04: SunMed,2026-02-16,470
BRT03: Sunway Lagoon,BRT04: SunMed,2026-02-17,352
BRT03: Sunway Lagoon,BRT04: SunMed,2026-02-18,401
BRT03: Sunway Lagoon,BRT04: SunMed,2026-02-19,399
BRT03: Sunway Lagoon,BRT04: SunMed,2026-02-20,416
BRT03: Sunway Lagoon,BRT04: SunMed,2026-02-21,403
BRT03: Sunway Lagoon,BRT04: SunMed,2026-02-22,373
BRT03: Sunway Lagoon,BRT04: SunMed,2026-02-23,482
BRT03: Sunway Lagoon,BRT04: SunMed,2026-02-24,446
BRT03: Sunway Lagoon,BRT04: SunMed,2026-02-25,554
BRT03: Sunway Lagoon,BRT04: SunMed,2026-02-26,556
BRT03: Sunway Lagoon,BRT04: SunMed,2026-02-27,715
BRT03: Sunway Lagoon,BRT04: SunMed,2026-02-28,633
BRT03: Sunway Lagoon,BRT04: SunMed,2026-03-01,606
BRT03: Sunway Lagoon,BRT04: SunMed,2026-03-02,671
BRT03: Sunway Lagoon,BRT04: SunMed,2026-03-03,763
BRT03: Sunway Lagoon,BRT04: SunMed,2026-03-04,589
BRT03: Sunway Lagoon,BRT04: SunMed,2026-03-05,661
BRT03: Sunway Lagoon,BRT04: SunMed,2026-03-06,722
BRT03: Sunway Lagoon,BRT04: SunMed,2026-03-07,678
BRT03: Sunway Lagoon,BRT04: SunMed,2026-03-08,642
BRT03: Sunway Lagoon,BRT04: SunMed,2026-03-09,576
BRT03: Sunway Lagoon,BRT04: SunMed,2026-03-10,570
BRT03: Sunway Lagoon,BRT04: SunMed,2026-03-11,574
BRT03: Sunway Lagoon,BRT04: SunMed,2026-03-12,551
BRT03: Sunway Lagoon,BRT04: SunMed,2026-03-13,686
BRT03: Sunway Lagoon,BRT04: SunMed,2026-03-14,613
BRT03: Sunway Lagoon,BRT04: SunMed,2026-03-15,577
BRT03: Sunway Lagoon,BRT04: SunMed,2026-03-16,537
BRT03: Sunway Lagoon,BRT04: SunMed,2026-03-17,602
BRT03: Sunway Lagoon,BRT04: SunMed,2026-03-18,577
BRT03: Sunway Lagoon,BRT04: SunMed,2026-03-19,600
BRT03: Sunway Lagoon,BRT04: SunMed,2026-03-20,673
BRT03: Sunway Lagoon,BRT04: SunMed,2026-03-21,689
BRT03: Sunway Lagoon,BRT04: SunMed,2026-03-22,550
BRT03: Sunway Lagoon,BRT04: SunMed,2026-03-23,520
BRT03: Sunway Lagoon,BRT04: SunMed,2026-03-24,534
BRT03: Sunway Lagoon,BRT04: SunMed,2026-03-25,480
BRT03: Sunway Lagoon,BRT04: SunMed,2026-03-26,537
BRT03: Sunway Lagoon,BRT04: SunMed,2026-03-27,527
BRT03: Sunway Lagoon,BRT04: SunMed,2026-03-28,480
BRT03: Sunway Lagoon,BRT04: SunMed,2026-03-29,398
BRT03: Sunway Lagoon,BRT04: SunMed,2026-03-30,442
BRT03: Sunway Lagoon,BRT04: SunMed,2026-03-31,462
BRT03: Sunway Lagoon,BRT04: SunMed,2026-04-01,552
BRT03: Sunway Lagoon,BRT04: SunMed,2026-04-02,542
BRT03: Sunway Lagoon,BRT04: SunMed,2026-04-03,653
BRT03: Sunway Lagoon,BRT04: SunMed,2026-04-04,542
BRT03: Sunway Lagoon,BRT04: SunMed,2026-04-05,423
BRT03: Sunway Lagoon,BRT04: SunMed,2026-04-06,529
BRT03: Sunway Lagoon,BRT04: SunMed,2026-04-07,505
BRT03: Sunway Lagoon,BRT04: SunMed,2026-04-08,478
BRT03: Sunway Lagoon,BRT04: SunMed,2026-04-09,514
BRT03: Sunway Lagoon,BRT04: SunMed,2026-04-10,668
BRT03: Sunway Lagoon,BRT04: SunMed,2026-04-11,616
BRT03: Sunway Lagoon,BRT04: SunMed,2026-04-12,560
BRT03: Sunway Lagoon,BRT04: SunMed,2026-04-13,500
BRT03: Sunway Lagoon,BRT04: SunMed,2026-04-14,533
BRT03: Sunway Lagoon,BRT04: SunMed,2026-04-15,570
BRT03: Sunway Lagoon,BRT04: SunMed,2026-04-16,589
BRT03: Sunway Lagoon,BRT04: SunMed,2026-04-17,655
BRT03: Sunway Lagoon,BRT04: SunMed,2026-04-18,759
BRT03: Sunway Lagoon,BRT04: SunMed,2026-04-19,712
BRT03: Sunway Lagoon,BRT04: SunMed,2026-04-20,509
BRT03: Sunway Lagoon,BRT04: SunMed,2026-04-21,545
BRT03: Sunway Lagoon,BRT04: SunMed,2026-04-22,558
BRT03: Sunway Lagoon,BRT04: SunMed,2026-04-23,571
BRT03: Sunway Lagoon,BRT04: SunMed,2026-04-24,684
BRT03: Sunway Lagoon,BRT04: SunMed,2026-04-25,578
BRT03: Sunway Lagoon,BRT04: SunMed,2026-04-26,543
BRT03: Sunway Lagoon,BRT04: SunMed,2026-04-27,514
BRT03: Sunway Lagoon,BRT04: SunMed,2026-04-28,535
BRT03: Sunway Lagoon,BRT04: SunMed,2026-04-29,505
BRT03: Sunway Lagoon,BRT04: SunMed,2026-04-30,671
BRT03: Sunway Lagoon,BRT04: SunMed,2026-05-01,731
BRT03: Sunway Lagoon,BRT04: SunMed,2026-05-02,692
BRT03: Sunway Lagoon,BRT04: SunMed,2026-05-03,508
BRT03: Sunway Lagoon,BRT04: SunMed,2026-05-04,579
BRT03: Sunway Lagoon,BRT04: SunMed,2026-05-05,566
BRT03: Sunway Lagoon,BRT04: SunMed,2026-05-06,583
BRT03: Sunway Lagoon,BRT04: SunMed,2026-05-07,599
BRT03: Sunway Lagoon,BRT04: SunMed,2026-05-08,819
BRT03: Sunway Lagoon,BRT04: SunMed,2026-05-09,666
BRT03: Sunway Lagoon,BRT04: SunMed,2026-05-10,579
BRT03: Sunway Lagoon,BRT04: SunMed,2026-05-11,493
BRT03: Sunway Lagoon,BRT04: SunMed,2026-05-12,535
BRT03: Sunway Lagoon,BRT04: SunMed,2026-05-13,537
BRT03: Sunway Lagoon,BRT04: SunMed,2026-05-14,622
BRT03: Sunway Lagoon,BRT04: SunMed,2026-05-15,698
BRT03: Sunway Lagoon,BRT05: SunU-Monash,2026-01-01,106
BRT03: Sunway Lagoon,BRT05: SunU-Monash,2026-01-02,161
BRT03: Sunway Lagoon,BRT05: SunU-Monash,2026-01-03,128
BRT03: Sunway Lagoon,BRT05: SunU-Monash,2026-01-04,112
BRT03: Sunway Lagoon,BRT05: SunU-Monash,2026-01-05,146
BRT03: Sunway Lagoon,BRT05: SunU-Monash,2026-01-06,147
BRT03: Sunway Lagoon,BRT05: SunU-Monash,2026-01-07,160
BRT03: Sunway Lagoon,BRT05: SunU-Monash,2026-01-08,157
BRT03: Sunway Lagoon,BRT05: SunU-Monash,2026-01-09,158
BRT03: Sunway Lagoon,BRT05: SunU-Monash,2026-01-10,138
BRT03: Sunway Lagoon,BRT05: SunU-Monash,2026-01-11,83
BRT03: Sunway Lagoon,BRT05: SunU-Monash,2026-01-12,143
BRT03: Sunway Lagoon,BRT05: SunU-Monash,2026-01-13,175
BRT03: Sunway Lagoon,BRT05: SunU-Monash,2026-01-14,177
BRT03: Sunway Lagoon,BRT05: SunU-Monash,2026-01-15,166
BRT03: Sunway Lagoon,BRT05: SunU-Monash,2026-01-16,162
BRT03: Sunway Lagoon,BRT05: SunU-Monash,2026-01-17,195
BRT03: Sunway Lagoon,BRT05: SunU-Monash,2026-01-18,132
BRT03: Sunway Lagoon,BRT05: SunU-Monash,2026-01-19,177
BRT03: Sunway Lagoon,BRT05: SunU-Monash,2026-01-20,196
BRT03: Sunway Lagoon,BRT05: SunU-Monash,2026-01-21,205
BRT03: Sunway Lagoon,BRT05: SunU-Monash,2026-01-22,192
BRT03: Sunway Lagoon,BRT05: SunU-Monash,2026-01-23,203
BRT03: Sunway Lagoon,BRT05: SunU-Monash,2026-01-24,139
BRT03: Sunway Lagoon,BRT05: SunU-Monash,2026-01-25,125
BRT03: Sunway Lagoon,BRT05: SunU-Monash,2026-01-26,162
BRT03: Sunway Lagoon,BRT05: SunU-Monash,2026-01-27,145
BRT03: Sunway Lagoon,BRT05: SunU-Monash,2026-01-28,155
BRT03: Sunway Lagoon,BRT05: SunU-Monash,2026-01-29,147
BRT03: Sunway Lagoon,BRT05: SunU-Monash,2026-01-30,189
BRT03: Sunway Lagoon,BRT05: SunU-Monash,2026-01-31,163
BRT03: Sunway Lagoon,BRT05: SunU-Monash,2026-02-01,137
BRT03: Sunway Lagoon,BRT05: SunU-Monash,2026-02-02,143
BRT03: Sunway Lagoon,BRT05: SunU-Monash,2026-02-03,187
BRT03: Sunway Lagoon,BRT05: SunU-Monash,2026-02-04,154
BRT03: Sunway Lagoon,BRT05: SunU-Monash,2026-02-05,182
BRT03: Sunway Lagoon,BRT05: SunU-Monash,2026-02-06,220
BRT03: Sunway Lagoon,BRT05: SunU-Monash,2026-02-07,231
BRT03: Sunway Lagoon,BRT05: SunU-Monash,2026-02-08,179
BRT03: Sunway Lagoon,BRT05: SunU-Monash,2026-02-09,149
BRT03: Sunway Lagoon,BRT05: SunU-Monash,2026-02-10,170
BRT03: Sunway Lagoon,BRT05: SunU-Monash,2026-02-11,203
BRT03: Sunway Lagoon,BRT05: SunU-Monash,2026-02-12,206
BRT03: Sunway Lagoon,BRT05: SunU-Monash,2026-02-13,203
BRT03: Sunway Lagoon,BRT05: SunU-Monash,2026-02-14,122
BRT03: Sunway Lagoon,BRT05: SunU-Monash,2026-02-15,75
BRT03: Sunway Lagoon,BRT05: SunU-Monash,2026-02-16,85
BRT03: Sunway Lagoon,BRT05: SunU-Monash,2026-02-17,66
BRT03: Sunway Lagoon,BRT05: SunU-Monash,2026-02-18,62
BRT03: Sunway Lagoon,BRT05: SunU-Monash,2026-02-19,76
BRT03: Sunway Lagoon,BRT05: SunU-Monash,2026-02-20,109
BRT03: Sunway Lagoon,BRT05: SunU-Monash,2026-02-21,108
BRT03: Sunway Lagoon,BRT05: SunU-Monash,2026-02-22,96
BRT03: Sunway Lagoon,BRT05: SunU-Monash,2026-02-23,226
BRT03: Sunway Lagoon,BRT05: SunU-Monash,2026-02-24,188
BRT03: Sunway Lagoon,BRT05: SunU-Monash,2026-02-25,199
BRT03: Sunway Lagoon,BRT05: SunU-Monash,2026-02-26,254
BRT03: Sunway Lagoon,BRT05: SunU-Monash,2026-02-27,291
BRT03: Sunway Lagoon,BRT05: SunU-Monash,2026-02-28,191
BRT03: Sunway Lagoon,BRT05: SunU-Monash,2026-03-01,227
BRT03: Sunway Lagoon,BRT05: SunU-Monash,2026-03-02,394
BRT03: Sunway Lagoon,BRT05: SunU-Monash,2026-03-03,375
BRT03: Sunway Lagoon,BRT05: SunU-Monash,2026-03-04,398
BRT03: Sunway Lagoon,BRT05: SunU-Monash,2026-03-05,376
BRT03: Sunway Lagoon,BRT05: SunU-Monash,2026-03-06,349
BRT03: Sunway Lagoon,BRT05: SunU-Monash,2026-03-07,227
BRT03: Sunway Lagoon,BRT05: SunU-Monash,2026-03-08,204
BRT03: Sunway Lagoon,BRT05: SunU-Monash,2026-03-09,326
BRT03: Sunway Lagoon,BRT05: SunU-Monash,2026-03-10,351
BRT03: Sunway Lagoon,BRT05: SunU-Monash,2026-03-11,333
BRT03: Sunway Lagoon,BRT05: SunU-Monash,2026-03-12,329
BRT03: Sunway Lagoon,BRT05: SunU-Monash,2026-03-13,401
BRT03: Sunway Lagoon,BRT05: SunU-Monash,2026-03-14,225
BRT03: Sunway Lagoon,BRT05: SunU-Monash,2026-03-15,163
BRT03: Sunway Lagoon,BRT05: SunU-Monash,2026-03-16,341
BRT03: Sunway Lagoon,BRT05: SunU-Monash,2026-03-17,355
BRT03: Sunway Lagoon,BRT05: SunU-Monash,2026-03-18,347
BRT03: Sunway Lagoon,BRT05: SunU-Monash,2026-03-19,345
BRT03: Sunway Lagoon,BRT05: SunU-Monash,2026-03-20,235
BRT03: Sunway Lagoon,BRT05: SunU-Monash,2026-03-21,169
BRT03: Sunway Lagoon,BRT05: SunU-Monash,2026-03-22,130
BRT03: Sunway Lagoon,BRT05: SunU-Monash,2026-03-23,159
BRT03: Sunway Lagoon,BRT05: SunU-Monash,2026-03-24,283
BRT03: Sunway Lagoon,BRT05: SunU-Monash,2026-03-25,294
BRT03: Sunway Lagoon,BRT05: SunU-Monash,2026-03-26,260
BRT03: Sunway Lagoon,BRT05: SunU-Monash,2026-03-27,314
BRT03: Sunway Lagoon,BRT05: SunU-Monash,2026-03-28,178
BRT03: Sunway Lagoon,BRT05: SunU-Monash,2026-03-29,146
BRT03: Sunway Lagoon,BRT05: SunU-Monash,2026-03-30,227
BRT03: Sunway Lagoon,BRT05: SunU-Monash,2026-03-31,268
BRT03: Sunway Lagoon,BRT05: SunU-Monash,2026-04-01,292
BRT03: Sunway Lagoon,BRT05: SunU-Monash,2026-04-02,303
BRT03: Sunway Lagoon,BRT05: SunU-Monash,2026-04-03,349
BRT03: Sunway Lagoon,BRT05: SunU-Monash,2026-04-04,151
BRT03: Sunway Lagoon,BRT05: SunU-Monash,2026-04-05,109
BRT03: Sunway Lagoon,BRT05: SunU-Monash,2026-04-06,197
BRT03: Sunway Lagoon,BRT05: SunU-Monash,2026-04-07,225
BRT03: Sunway Lagoon,BRT05: SunU-Monash,2026-04-08,178
BRT03: Sunway Lagoon,BRT05: SunU-Monash,2026-04-09,169
BRT03: Sunway Lagoon,BRT05: SunU-Monash,2026-04-10,260
BRT03: Sunway Lagoon,BRT05: SunU-Monash,2026-04-11,413
BRT03: Sunway Lagoon,BRT05: SunU-Monash,2026-04-12,234
BRT03: Sunway Lagoon,BRT05: SunU-Monash,2026-04-13,253
BRT03: Sunway Lagoon,BRT05: SunU-Monash,2026-04-14,267
BRT03: Sunway Lagoon,BRT05: SunU-Monash,2026-04-15,302
BRT03: Sunway Lagoon,BRT05: SunU-Monash,2026-04-16,269
BRT03: Sunway Lagoon,BRT05: SunU-Monash,2026-04-17,310
BRT03: Sunway Lagoon,BRT05: SunU-Monash,2026-04-18,262
BRT03: Sunway Lagoon,BRT05: SunU-Monash,2026-04-19,214
BRT03: Sunway Lagoon,BRT05: SunU-Monash,2026-04-20,264
BRT03: Sunway Lagoon,BRT05: SunU-Monash,2026-04-21,290
BRT03: Sunway Lagoon,BRT05: SunU-Monash,2026-04-22,321
BRT03: Sunway Lagoon,BRT05: SunU-Monash,2026-04-23,288
BRT03: Sunway Lagoon,BRT05: SunU-Monash,2026-04-24,369
BRT03: Sunway Lagoon,BRT05: SunU-Monash,2026-04-25,199
BRT03: Sunway Lagoon,BRT05: SunU-Monash,2026-04-26,147
BRT03: Sunway Lagoon,BRT05: SunU-Monash,2026-04-27,287
BRT03: Sunway Lagoon,BRT05: SunU-Monash,2026-04-28,267
BRT03: Sunway Lagoon,BRT05: SunU-Monash,2026-04-29,335
BRT03: Sunway Lagoon,BRT05: SunU-Monash,2026-04-30,349
BRT03: Sunway Lagoon,BRT05: SunU-Monash,2026-05-01,226
BRT03: Sunway Lagoon,BRT05: SunU-Monash,2026-05-02,177
BRT03: Sunway Lagoon,BRT05: SunU-Monash,2026-05-03,144
BRT03: Sunway Lagoon,BRT05: SunU-Monash,2026-05-04,320
BRT03: Sunway Lagoon,BRT05: SunU-Monash,2026-05-05,302
BRT03: Sunway Lagoon,BRT05: SunU-Monash,2026-05-06,344
BRT03: Sunway Lagoon,BRT05: SunU-Monash,2026-05-07,340
BRT03: Sunway Lagoon,BRT05: SunU-Monash,2026-05-08,324
BRT03: Sunway Lagoon,BRT05: SunU-Monash,2026-05-09,218
BRT03: Sunway Lagoon,BRT05: SunU-Monash,2026-05-10,180
BRT03: Sunway Lagoon,BRT05: SunU-Monash,2026-05-11,317
BRT03: Sunway Lagoon,BRT05: SunU-Monash,2026-05-12,320
BRT03: Sunway Lagoon,BRT05: SunU-Monash,2026-05-13,319
BRT03: Sunway Lagoon,BRT05: SunU-Monash,2026-05-14,355
BRT03: Sunway Lagoon,BRT05: SunU-Monash,2026-05-15,375
BRT03: Sunway Lagoon,BRT06: South Quay-USJ 1,2026-01-01,272
BRT03: Sunway Lagoon,BRT06: South Quay-USJ 1,2026-01-02,259
BRT03: Sunway Lagoon,BRT06: South Quay-USJ 1,2026-01-03,216
BRT03: Sunway Lagoon,BRT06: South Quay-USJ 1,2026-01-04,217
BRT03: Sunway Lagoon,BRT06: South Quay-USJ 1,2026-01-05,259
BRT03: Sunway Lagoon,BRT06: South Quay-USJ 1,2026-01-06,279
BRT03: Sunway Lagoon,BRT06: South Quay-USJ 1,2026-01-07,253
BRT03: Sunway Lagoon,BRT06: South Quay-USJ 1,2026-01-08,256
BRT03: Sunway Lagoon,BRT06: South Quay-USJ 1,2026-01-09,298
BRT03: Sunway Lagoon,BRT06: South Quay-USJ 1,2026-01-10,294
BRT03: Sunway Lagoon,BRT06: South Quay-USJ 1,2026-01-11,248
BRT03: Sunway Lagoon,BRT06: South Quay-USJ 1,2026-01-12,266
BRT03: Sunway Lagoon,BRT06: South Quay-USJ 1,2026-01-13,271
BRT03: Sunway Lagoon,BRT06: South Quay-USJ 1,2026-01-14,280
BRT03: Sunway Lagoon,BRT06: South Quay-USJ 1,2026-01-15,289
BRT03: Sunway Lagoon,BRT06: South Quay-USJ 1,2026-01-16,327
BRT03: Sunway Lagoon,BRT06: South Quay-USJ 1,2026-01-17,284
BRT03: Sunway Lagoon,BRT06: South Quay-USJ 1,2026-01-18,257
BRT03: Sunway Lagoon,BRT06: South Quay-USJ 1,2026-01-19,269
BRT03: Sunway Lagoon,BRT06: South Quay-USJ 1,2026-01-20,287
BRT03: Sunway Lagoon,BRT06: South Quay-USJ 1,2026-01-21,303
BRT03: Sunway Lagoon,BRT06: South Quay-USJ 1,2026-01-22,262
BRT03: Sunway Lagoon,BRT06: South Quay-USJ 1,2026-01-23,300
BRT03: Sunway Lagoon,BRT06: South Quay-USJ 1,2026-01-24,286
BRT03: Sunway Lagoon,BRT06: South Quay-USJ 1,2026-01-25,256
BRT03: Sunway Lagoon,BRT06: South Quay-USJ 1,2026-01-26,249
BRT03: Sunway Lagoon,BRT06: South Quay-USJ 1,2026-01-27,244
BRT03: Sunway Lagoon,BRT06: South Quay-USJ 1,2026-01-28,276
BRT03: Sunway Lagoon,BRT06: South Quay-USJ 1,2026-01-29,270
BRT03: Sunway Lagoon,BRT06: South Quay-USJ 1,2026-01-30,314
BRT03: Sunway Lagoon,BRT06: South Quay-USJ 1,2026-01-31,260
BRT03: Sunway Lagoon,BRT06: South Quay-USJ 1,2026-02-01,272
BRT03: Sunway Lagoon,BRT06: South Quay-USJ 1,2026-02-02,242
BRT03: Sunway Lagoon,BRT06: South Quay-USJ 1,2026-02-03,286
BRT03: Sunway Lagoon,BRT06: South Quay-USJ 1,2026-02-04,290
BRT03: Sunway Lagoon,BRT06: South Quay-USJ 1,2026-02-05,318
BRT03: Sunway Lagoon,BRT06: South Quay-USJ 1,2026-02-06,360
BRT03: Sunway Lagoon,BRT06: South Quay-USJ 1,2026-02-07,348
BRT03: Sunway Lagoon,BRT06: South Quay-USJ 1,2026-02-08,398
BRT03: Sunway Lagoon,BRT06: South Quay-USJ 1,2026-02-09,328
BRT03: Sunway Lagoon,BRT06: South Quay-USJ 1,2026-02-10,343
BRT03: Sunway Lagoon,BRT06: South Quay-USJ 1,2026-02-11,328
BRT03: Sunway Lagoon,BRT06: South Quay-USJ 1,2026-02-12,333
BRT03: Sunway Lagoon,BRT06: South Quay-USJ 1,2026-02-13,358
BRT03: Sunway Lagoon,BRT06: South Quay-USJ 1,2026-02-14,264
BRT03: Sunway Lagoon,BRT06: South Quay-USJ 1,2026-02-15,201
BRT03: Sunway Lagoon,BRT06: South Quay-USJ 1,2026-02-16,225
BRT03: Sunway Lagoon,BRT06: South Quay-USJ 1,2026-02-17,200
BRT03: Sunway Lagoon,BRT06: South Quay-USJ 1,2026-02-18,215
BRT03: Sunway Lagoon,BRT06: South Quay-USJ 1,2026-02-19,190
BRT03: Sunway Lagoon,BRT06: South Quay-USJ 1,2026-02-20,160
BRT03: Sunway Lagoon,BRT06: South Quay-USJ 1,2026-02-21,180
BRT03: Sunway Lagoon,BRT06: South Quay-USJ 1,2026-02-22,235
BRT03: Sunway Lagoon,BRT06: South Quay-USJ 1,2026-02-23,267
BRT03: Sunway Lagoon,BRT06: South Quay-USJ 1,2026-02-24,265
BRT03: Sunway Lagoon,BRT06: South Quay-USJ 1,2026-02-25,266
BRT03: Sunway Lagoon,BRT06: South Quay-USJ 1,2026-02-26,295
BRT03: Sunway Lagoon,BRT06: South Quay-USJ 1,2026-02-27,357
BRT03: Sunway Lagoon,BRT06: South Quay-USJ 1,2026-02-28,272
BRT03: Sunway Lagoon,BRT06: South Quay-USJ 1,2026-03-01,359
BRT03: Sunway Lagoon,BRT06: South Quay-USJ 1,2026-03-02,347
BRT03: Sunway Lagoon,BRT06: South Quay-USJ 1,2026-03-03,367
BRT03: Sunway Lagoon,BRT06: South Quay-USJ 1,2026-03-04,309
BRT03: Sunway Lagoon,BRT06: South Quay-USJ 1,2026-03-05,332
BRT03: Sunway Lagoon,BRT06: South Quay-USJ 1,2026-03-06,374
BRT03: Sunway Lagoon,BRT06: South Quay-USJ 1,2026-03-07,294
BRT03: Sunway Lagoon,BRT06: South Quay-USJ 1,2026-03-08,299
BRT03: Sunway Lagoon,BRT06: South Quay-USJ 1,2026-03-09,305
BRT03: Sunway Lagoon,BRT06: South Quay-USJ 1,2026-03-10,290
BRT03: Sunway Lagoon,BRT06: South Quay-USJ 1,2026-03-11,350
BRT03: Sunway Lagoon,BRT06: South Quay-USJ 1,2026-03-12,340
BRT03: Sunway Lagoon,BRT06: South Quay-USJ 1,2026-03-13,360
BRT03: Sunway Lagoon,BRT06: South Quay-USJ 1,2026-03-14,330
BRT03: Sunway Lagoon,BRT06: South Quay-USJ 1,2026-03-15,308
BRT03: Sunway Lagoon,BRT06: South Quay-USJ 1,2026-03-16,302
BRT03: Sunway Lagoon,BRT06: South Quay-USJ 1,2026-03-17,324
BRT03: Sunway Lagoon,BRT06: South Quay-USJ 1,2026-03-18,357
BRT03: Sunway Lagoon,BRT06: South Quay-USJ 1,2026-03-19,342
BRT03: Sunway Lagoon,BRT06: South Quay-USJ 1,2026-03-20,306
BRT03: Sunway Lagoon,BRT06: South Quay-USJ 1,2026-03-21,299
BRT03: Sunway Lagoon,BRT06: South Quay-USJ 1,2026-03-22,295
BRT03: Sunway Lagoon,BRT06: South Quay-USJ 1,2026-03-23,276
BRT03: Sunway Lagoon,BRT06: South Quay-USJ 1,2026-03-24,227
BRT03: Sunway Lagoon,BRT06: South Quay-USJ 1,2026-03-25,266
BRT03: Sunway Lagoon,BRT06: South Quay-USJ 1,2026-03-26,219
BRT03: Sunway Lagoon,BRT06: South Quay-USJ 1,2026-03-27,271
BRT03: Sunway Lagoon,BRT06: South Quay-USJ 1,2026-03-28,232
BRT03: Sunway Lagoon,BRT06: South Quay-USJ 1,2026-03-29,270
BRT03: Sunway Lagoon,BRT06: South Quay-USJ 1,2026-03-30,238
BRT03: Sunway Lagoon,BRT06: South Quay-USJ 1,2026-03-31,298
BRT03: Sunway Lagoon,BRT06: South Quay-USJ 1,2026-04-01,296
BRT03: Sunway Lagoon,BRT06: South Quay-USJ 1,2026-04-02,333
BRT03: Sunway Lagoon,BRT06: South Quay-USJ 1,2026-04-03,354
BRT03: Sunway Lagoon,BRT06: South Quay-USJ 1,2026-04-04,295
BRT03: Sunway Lagoon,BRT06: South Quay-USJ 1,2026-04-05,270
BRT03: Sunway Lagoon,BRT06: South Quay-USJ 1,2026-04-06,284
BRT03: Sunway Lagoon,BRT06: South Quay-USJ 1,2026-04-07,250
BRT03: Sunway Lagoon,BRT06: South Quay-USJ 1,2026-04-08,270
BRT03: Sunway Lagoon,BRT06: South Quay-USJ 1,2026-04-09,276
BRT03: Sunway Lagoon,BRT06: South Quay-USJ 1,2026-04-10,270
BRT03: Sunway Lagoon,BRT06: South Quay-USJ 1,2026-04-11,299
BRT03: Sunway Lagoon,BRT06: South Quay-USJ 1,2026-04-12,278
BRT03: Sunway Lagoon,BRT06: South Quay-USJ 1,2026-04-13,273
BRT03: Sunway Lagoon,BRT06: South Quay-USJ 1,2026-04-14,279
BRT03: Sunway Lagoon,BRT06: South Quay-USJ 1,2026-04-15,292
BRT03: Sunway Lagoon,BRT06: South Quay-USJ 1,2026-04-16,249
BRT03: Sunway Lagoon,BRT06: South Quay-USJ 1,2026-04-17,320
BRT03: Sunway Lagoon,BRT06: South Quay-USJ 1,2026-04-18,352
BRT03: Sunway Lagoon,BRT06: South Quay-USJ 1,2026-04-19,300
BRT03: Sunway Lagoon,BRT06: South Quay-USJ 1,2026-04-20,284
BRT03: Sunway Lagoon,BRT06: South Quay-USJ 1,2026-04-21,266
BRT03: Sunway Lagoon,BRT06: South Quay-USJ 1,2026-04-22,281
BRT03: Sunway Lagoon,BRT06: South Quay-USJ 1,2026-04-23,257
BRT03: Sunway Lagoon,BRT06: South Quay-USJ 1,2026-04-24,337
BRT03: Sunway Lagoon,BRT06: South Quay-USJ 1,2026-04-25,277
BRT03: Sunway Lagoon,BRT06: South Quay-USJ 1,2026-04-26,258
BRT03: Sunway Lagoon,BRT06: South Quay-USJ 1,2026-04-27,266
BRT03: Sunway Lagoon,BRT06: South Quay-USJ 1,2026-04-28,272
BRT03: Sunway Lagoon,BRT06: South Quay-USJ 1,2026-04-29,283
BRT03: Sunway Lagoon,BRT06: South Quay-USJ 1,2026-04-30,295
BRT03: Sunway Lagoon,BRT06: South Quay-USJ 1,2026-05-01,309
BRT03: Sunway Lagoon,BRT06: South Quay-USJ 1,2026-05-02,298
BRT03: Sunway Lagoon,BRT06: South Quay-USJ 1,2026-05-03,277
BRT03: Sunway Lagoon,BRT06: South Quay-USJ 1,2026-05-04,302
BRT03: Sunway Lagoon,BRT06: South Quay-USJ 1,2026-05-05,324
BRT03: Sunway Lagoon,BRT06: South Quay-USJ 1,2026-05-06,322
BRT03: Sunway Lagoon,BRT06: South Quay-USJ 1,2026-05-07,310
BRT03: Sunway Lagoon,BRT06: South Quay-USJ 1,2026-05-08,339
BRT03: Sunway Lagoon,BRT06: South Quay-USJ 1,2026-05-09,338
BRT03: Sunway Lagoon,BRT06: South Quay-USJ 1,2026-05-10,265
BRT03: Sunway Lagoon,BRT06: South Quay-USJ 1,2026-05-11,288
BRT03: Sunway Lagoon,BRT06: South Quay-USJ 1,2026-05-12,261
BRT03: Sunway Lagoon,BRT06: South Quay-USJ 1,2026-05-13,293
BRT03: Sunway Lagoon,BRT06: South Quay-USJ 1,2026-05-14,310
BRT03: Sunway Lagoon,BRT06: South Quay-USJ 1,2026-05-15,295
BRT03: Sunway Lagoon,BRT07: USJ 7,2026-01-01,1257
BRT03: Sunway Lagoon,BRT07: USJ 7,2026-01-02,1206
BRT03: Sunway Lagoon,BRT07: USJ 7,2026-01-03,1009
BRT03: Sunway Lagoon,BRT07: USJ 7,2026-01-04,821
BRT03: Sunway Lagoon,BRT07: USJ 7,2026-01-05,1263
BRT03: Sunway Lagoon,BRT07: USJ 7,2026-01-06,1402
BRT03: Sunway Lagoon,BRT07: USJ 7,2026-01-07,1421
BRT03: Sunway Lagoon,BRT07: USJ 7,2026-01-08,1274
BRT03: Sunway Lagoon,BRT07: USJ 7,2026-01-09,1369
BRT03: Sunway Lagoon,BRT07: USJ 7,2026-01-10,1087
BRT03: Sunway Lagoon,BRT07: USJ 7,2026-01-11,833
BRT03: Sunway Lagoon,BRT07: USJ 7,2026-01-12,1170
BRT03: Sunway Lagoon,BRT07: USJ 7,2026-01-13,1354
BRT03: Sunway Lagoon,BRT07: USJ 7,2026-01-14,1317
BRT03: Sunway Lagoon,BRT07: USJ 7,2026-01-15,1329
BRT03: Sunway Lagoon,BRT07: USJ 7,2026-01-16,1431
BRT03: Sunway Lagoon,BRT07: USJ 7,2026-01-17,1227
BRT03: Sunway Lagoon,BRT07: USJ 7,2026-01-18,1005
BRT03: Sunway Lagoon,BRT07: USJ 7,2026-01-19,1279
BRT03: Sunway Lagoon,BRT07: USJ 7,2026-01-20,1326
BRT03: Sunway Lagoon,BRT07: USJ 7,2026-01-21,1582
BRT03: Sunway Lagoon,BRT07: USJ 7,2026-01-22,1353
BRT03: Sunway Lagoon,BRT07: USJ 7,2026-01-23,1372
BRT03: Sunway Lagoon,BRT07: USJ 7,2026-01-24,1179
BRT03: Sunway Lagoon,BRT07: USJ 7,2026-01-25,959
BRT03: Sunway Lagoon,BRT07: USJ 7,2026-01-26,1211
BRT03: Sunway Lagoon,BRT07: USJ 7,2026-01-27,1275
BRT03: Sunway Lagoon,BRT07: USJ 7,2026-01-28,1356
BRT03: Sunway Lagoon,BRT07: USJ 7,2026-01-29,1290
BRT03: Sunway Lagoon,BRT07: USJ 7,2026-01-30,1549
BRT03: Sunway Lagoon,BRT07: USJ 7,2026-01-31,1281
BRT03: Sunway Lagoon,BRT07: USJ 7,2026-02-01,1226
BRT03: Sunway Lagoon,BRT07: USJ 7,2026-02-02,1044
BRT03: Sunway Lagoon,BRT07: USJ 7,2026-02-03,1442
BRT03: Sunway Lagoon,BRT07: USJ 7,2026-02-04,1493
BRT03: Sunway Lagoon,BRT07: USJ 7,2026-02-05,1468
BRT03: Sunway Lagoon,BRT07: USJ 7,2026-02-06,1475
BRT03: Sunway Lagoon,BRT07: USJ 7,2026-02-07,2145
BRT03: Sunway Lagoon,BRT07: USJ 7,2026-02-08,1734
BRT03: Sunway Lagoon,BRT07: USJ 7,2026-02-09,1486
BRT03: Sunway Lagoon,BRT07: USJ 7,2026-02-10,1573
BRT03: Sunway Lagoon,BRT07: USJ 7,2026-02-11,1727
BRT03: Sunway Lagoon,BRT07: USJ 7,2026-02-12,1692
BRT03: Sunway Lagoon,BRT07: USJ 7,2026-02-13,1707
BRT03: Sunway Lagoon,BRT07: USJ 7,2026-02-14,1234
BRT03: Sunway Lagoon,BRT07: USJ 7,2026-02-15,938
BRT03: Sunway Lagoon,BRT07: USJ 7,2026-02-16,1094
BRT03: Sunway Lagoon,BRT07: USJ 7,2026-02-17,779
BRT03: Sunway Lagoon,BRT07: USJ 7,2026-02-18,875
BRT03: Sunway Lagoon,BRT07: USJ 7,2026-02-19,958
BRT03: Sunway Lagoon,BRT07: USJ 7,2026-02-20,1000
BRT03: Sunway Lagoon,BRT07: USJ 7,2026-02-21,795
BRT03: Sunway Lagoon,BRT07: USJ 7,2026-02-22,605
BRT03: Sunway Lagoon,BRT07: USJ 7,2026-02-23,1144
BRT03: Sunway Lagoon,BRT07: USJ 7,2026-02-24,1226
BRT03: Sunway Lagoon,BRT07: USJ 7,2026-02-25,1320
BRT03: Sunway Lagoon,BRT07: USJ 7,2026-02-26,1362
BRT03: Sunway Lagoon,BRT07: USJ 7,2026-02-27,1460
BRT03: Sunway Lagoon,BRT07: USJ 7,2026-02-28,1172
BRT03: Sunway Lagoon,BRT07: USJ 7,2026-03-01,900
BRT03: Sunway Lagoon,BRT07: USJ 7,2026-03-02,1399
BRT03: Sunway Lagoon,BRT07: USJ 7,2026-03-03,1366
BRT03: Sunway Lagoon,BRT07: USJ 7,2026-03-04,1519
BRT03: Sunway Lagoon,BRT07: USJ 7,2026-03-05,1470
BRT03: Sunway Lagoon,BRT07: USJ 7,2026-03-06,1564
BRT03: Sunway Lagoon,BRT07: USJ 7,2026-03-07,1141
BRT03: Sunway Lagoon,BRT07: USJ 7,2026-03-08,957
BRT03: Sunway Lagoon,BRT07: USJ 7,2026-03-09,1301
BRT03: Sunway Lagoon,BRT07: USJ 7,2026-03-10,1416
BRT03: Sunway Lagoon,BRT07: USJ 7,2026-03-11,1357
BRT03: Sunway Lagoon,BRT07: USJ 7,2026-03-12,1375
BRT03: Sunway Lagoon,BRT07: USJ 7,2026-03-13,1460
BRT03: Sunway Lagoon,BRT07: USJ 7,2026-03-14,1236
BRT03: Sunway Lagoon,BRT07: USJ 7,2026-03-15,948
BRT03: Sunway Lagoon,BRT07: USJ 7,2026-03-16,1314
BRT03: Sunway Lagoon,BRT07: USJ 7,2026-03-17,1496
BRT03: Sunway Lagoon,BRT07: USJ 7,2026-03-18,1680
BRT03: Sunway Lagoon,BRT07: USJ 7,2026-03-19,1353
BRT03: Sunway Lagoon,BRT07: USJ 7,2026-03-20,1046
BRT03: Sunway Lagoon,BRT07: USJ 7,2026-03-21,1161
BRT03: Sunway Lagoon,BRT07: USJ 7,2026-03-22,1174
BRT03: Sunway Lagoon,BRT07: USJ 7,2026-03-23,900
BRT03: Sunway Lagoon,BRT07: USJ 7,2026-03-24,1254
BRT03: Sunway Lagoon,BRT07: USJ 7,2026-03-25,1322
BRT03: Sunway Lagoon,BRT07: USJ 7,2026-03-26,1371
BRT03: Sunway Lagoon,BRT07: USJ 7,2026-03-27,1235
BRT03: Sunway Lagoon,BRT07: USJ 7,2026-03-28,929
BRT03: Sunway Lagoon,BRT07: USJ 7,2026-03-29,753
BRT03: Sunway Lagoon,BRT07: USJ 7,2026-03-30,1254
BRT03: Sunway Lagoon,BRT07: USJ 7,2026-03-31,1486
BRT03: Sunway Lagoon,BRT07: USJ 7,2026-04-01,1360
BRT03: Sunway Lagoon,BRT07: USJ 7,2026-04-02,1416
BRT03: Sunway Lagoon,BRT07: USJ 7,2026-04-03,1468
BRT03: Sunway Lagoon,BRT07: USJ 7,2026-04-04,1222
BRT03: Sunway Lagoon,BRT07: USJ 7,2026-04-05,949
BRT03: Sunway Lagoon,BRT07: USJ 7,2026-04-06,1277
BRT03: Sunway Lagoon,BRT07: USJ 7,2026-04-07,1262
BRT03: Sunway Lagoon,BRT07: USJ 7,2026-04-08,1376
BRT03: Sunway Lagoon,BRT07: USJ 7,2026-04-09,1294
BRT03: Sunway Lagoon,BRT07: USJ 7,2026-04-10,1349
BRT03: Sunway Lagoon,BRT07: USJ 7,2026-04-11,1301
BRT03: Sunway Lagoon,BRT07: USJ 7,2026-04-12,932
BRT03: Sunway Lagoon,BRT07: USJ 7,2026-04-13,1397
BRT03: Sunway Lagoon,BRT07: USJ 7,2026-04-14,1239
BRT03: Sunway Lagoon,BRT07: USJ 7,2026-04-15,1538
BRT03: Sunway Lagoon,BRT07: USJ 7,2026-04-16,1355
BRT03: Sunway Lagoon,BRT07: USJ 7,2026-04-17,1550
BRT03: Sunway Lagoon,BRT07: USJ 7,2026-04-18,2752
BRT03: Sunway Lagoon,BRT07: USJ 7,2026-04-19,2272
BRT03: Sunway Lagoon,BRT07: USJ 7,2026-04-20,1351
BRT03: Sunway Lagoon,BRT07: USJ 7,2026-04-21,1284
BRT03: Sunway Lagoon,BRT07: USJ 7,2026-04-22,1365
BRT03: Sunway Lagoon,BRT07: USJ 7,2026-04-23,1329
BRT03: Sunway Lagoon,BRT07: USJ 7,2026-04-24,1417
BRT03: Sunway Lagoon,BRT07: USJ 7,2026-04-25,1058
BRT03: Sunway Lagoon,BRT07: USJ 7,2026-04-26,905
BRT03: Sunway Lagoon,BRT07: USJ 7,2026-04-27,1215
BRT03: Sunway Lagoon,BRT07: USJ 7,2026-04-28,1243
BRT03: Sunway Lagoon,BRT07: USJ 7,2026-04-29,1457
BRT03: Sunway Lagoon,BRT07: USJ 7,2026-04-30,1548
BRT03: Sunway Lagoon,BRT07: USJ 7,2026-05-01,1301
BRT03: Sunway Lagoon,BRT07: USJ 7,2026-05-02,1473
BRT03: Sunway Lagoon,BRT07: USJ 7,2026-05-03,869
BRT03: Sunway Lagoon,BRT07: USJ 7,2026-05-04,1291
BRT03: Sunway Lagoon,BRT07: USJ 7,2026-05-05,1387
BRT03: Sunway Lagoon,BRT07: USJ 7,2026-05-06,1554
BRT03: Sunway Lagoon,BRT07: USJ 7,2026-05-07,1413
BRT03: Sunway Lagoon,BRT07: USJ 7,2026-05-08,1480
BRT03: Sunway Lagoon,BRT07: USJ 7,2026-05-09,1299
BRT03: Sunway Lagoon,BRT07: USJ 7,2026-05-10,914
BRT03: Sunway Lagoon,BRT07: USJ 7,2026-05-11,1297
BRT03: Sunway Lagoon,BRT07: USJ 7,2026-05-12,1335
BRT03: Sunway Lagoon,BRT07: USJ 7,2026-05-13,1430
BRT03: Sunway Lagoon,BRT07: USJ 7,2026-05-14,1407
BRT03: Sunway Lagoon,BRT07: USJ 7,2026-05-15,1466
BRT04: SunMed,A0: All Stations,2026-01-01,2132
BRT04: SunMed,A0: All Stations,2026-01-02,2815
BRT04: SunMed,A0: All Stations,2026-01-03,2327
BRT04: SunMed,A0: All Stations,2026-01-04,2085
BRT04: SunMed,A0: All Stations,2026-01-05,3467
BRT04: SunMed,A0: All Stations,2026-01-06,3655
BRT04: SunMed,A0: All Stations,2026-01-07,3731
BRT04: SunMed,A0: All Stations,2026-01-08,3479
BRT04: SunMed,A0: All Stations,2026-01-09,3718
BRT04: SunMed,A0: All Stations,2026-01-10,2700
BRT04: SunMed,A0: All Stations,2026-01-11,2105
BRT04: SunMed,A0: All Stations,2026-01-12,3479
BRT04: SunMed,A0: All Stations,2026-01-13,3799
BRT04: SunMed,A0: All Stations,2026-01-14,4033
BRT04: SunMed,A0: All Stations,2026-01-15,3834
BRT04: SunMed,A0: All Stations,2026-01-16,3904
BRT04: SunMed,A0: All Stations,2026-01-17,2820
BRT04: SunMed,A0: All Stations,2026-01-18,2221
BRT04: SunMed,A0: All Stations,2026-01-19,3809
BRT04: SunMed,A0: All Stations,2026-01-20,3989
BRT04: SunMed,A0: All Stations,2026-01-21,3958
BRT04: SunMed,A0: All Stations,2026-01-22,3939
BRT04: SunMed,A0: All Stations,2026-01-23,3926
BRT04: SunMed,A0: All Stations,2026-01-24,2711
BRT04: SunMed,A0: All Stations,2026-01-25,2057
BRT04: SunMed,A0: All Stations,2026-01-26,3509
BRT04: SunMed,A0: All Stations,2026-01-27,3718
BRT04: SunMed,A0: All Stations,2026-01-28,3751
BRT04: SunMed,A0: All Stations,2026-01-29,3759
BRT04: SunMed,A0: All Stations,2026-01-30,3911
BRT04: SunMed,A0: All Stations,2026-01-31,2676
BRT04: SunMed,A0: All Stations,2026-02-01,2436
BRT04: SunMed,A0: All Stations,2026-02-02,2391
BRT04: SunMed,A0: All Stations,2026-02-03,4189
BRT04: SunMed,A0: All Stations,2026-02-04,4440
BRT04: SunMed,A0: All Stations,2026-02-05,4403
BRT04: SunMed,A0: All Stations,2026-02-06,4656
BRT04: SunMed,A0: All Stations,2026-02-07,3758
BRT04: SunMed,A0: All Stations,2026-02-08,2779
BRT04: SunMed,A0: All Stations,2026-02-09,4280
BRT04: SunMed,A0: All Stations,2026-02-10,4683
BRT04: SunMed,A0: All Stations,2026-02-11,4837
BRT04: SunMed,A0: All Stations,2026-02-12,4757
BRT04: SunMed,A0: All Stations,2026-02-13,4416
BRT04: SunMed,A0: All Stations,2026-02-14,2701
BRT04: SunMed,A0: All Stations,2026-02-15,1893
BRT04: SunMed,A0: All Stations,2026-02-16,2415
BRT04: SunMed,A0: All Stations,2026-02-17,1582
BRT04: SunMed,A0: All Stations,2026-02-18,1689
BRT04: SunMed,A0: All Stations,2026-02-19,2208
BRT04: SunMed,A0: All Stations,2026-02-20,2351
BRT04: SunMed,A0: All Stations,2026-02-21,1864
BRT04: SunMed,A0: All Stations,2026-02-22,1618
BRT04: SunMed,A0: All Stations,2026-02-23,3769
BRT04: SunMed,A0: All Stations,2026-02-24,3932
BRT04: SunMed,A0: All Stations,2026-02-25,4188
BRT04: SunMed,A0: All Stations,2026-02-26,4362
BRT04: SunMed,A0: All Stations,2026-02-27,4323
BRT04: SunMed,A0: All Stations,2026-02-28,2965
BRT04: SunMed,A0: All Stations,2026-03-01,2507
BRT04: SunMed,A0: All Stations,2026-03-02,5081
BRT04: SunMed,A0: All Stations,2026-03-03,5306
BRT04: SunMed,A0: All Stations,2026-03-04,4957
BRT04: SunMed,A0: All Stations,2026-03-05,4918
BRT04: SunMed,A0: All Stations,2026-03-06,4818
BRT04: SunMed,A0: All Stations,2026-03-07,2634
BRT04: SunMed,A0: All Stations,2026-03-08,2377
BRT04: SunMed,A0: All Stations,2026-03-09,4570
BRT04: SunMed,A0: All Stations,2026-03-10,4806
BRT04: SunMed,A0: All Stations,2026-03-11,4751
BRT04: SunMed,A0: All Stations,2026-03-12,4675
BRT04: SunMed,A0: All Stations,2026-03-13,4679
BRT04: SunMed,A0: All Stations,2026-03-14,2990
BRT04: SunMed,A0: All Stations,2026-03-15,2317
BRT04: SunMed,A0: All Stations,2026-03-16,4490
BRT04: SunMed,A0: All Stations,2026-03-17,4908
BRT04: SunMed,A0: All Stations,2026-03-18,4836
BRT04: SunMed,A0: All Stations,2026-03-19,4216
BRT04: SunMed,A0: All Stations,2026-03-20,2378
BRT04: SunMed,A0: All Stations,2026-03-21,2340
BRT04: SunMed,A0: All Stations,2026-03-22,2253
BRT04: SunMed,A0: All Stations,2026-03-23,2024
BRT04: SunMed,A0: All Stations,2026-03-24,3424
BRT04: SunMed,A0: All Stations,2026-03-25,3703
BRT04: SunMed,A0: All Stations,2026-03-26,3654
BRT04: SunMed,A0: All Stations,2026-03-27,3598
BRT04: SunMed,A0: All Stations,2026-03-28,2432
BRT04: SunMed,A0: All Stations,2026-03-29,1985
BRT04: SunMed,A0: All Stations,2026-03-30,3950
BRT04: SunMed,A0: All Stations,2026-03-31,4167
BRT04: SunMed,A0: All Stations,2026-04-01,4250
BRT04: SunMed,A0: All Stations,2026-04-02,4101
BRT04: SunMed,A0: All Stations,2026-04-03,3975
BRT04: SunMed,A0: All Stations,2026-04-04,2781
BRT04: SunMed,A0: All Stations,2026-04-05,2180
BRT04: SunMed,A0: All Stations,2026-04-06,3691
BRT04: SunMed,A0: All Stations,2026-04-07,3870
BRT04: SunMed,A0: All Stations,2026-04-08,3681
BRT04: SunMed,A0: All Stations,2026-04-09,3753
BRT04: SunMed,A0: All Stations,2026-04-10,3854
BRT04: SunMed,A0: All Stations,2026-04-11,2861
BRT04: SunMed,A0: All Stations,2026-04-12,2322
BRT04: SunMed,A0: All Stations,2026-04-13,4423
BRT04: SunMed,A0: All Stations,2026-04-14,4544
BRT04: SunMed,A0: All Stations,2026-04-15,4615
BRT04: SunMed,A0: All Stations,2026-04-16,4516
BRT04: SunMed,A0: All Stations,2026-04-17,4324
BRT04: SunMed,A0: All Stations,2026-04-18,3253
BRT04: SunMed,A0: All Stations,2026-04-19,2351
BRT04: SunMed,A0: All Stations,2026-04-20,4678
BRT04: SunMed,A0: All Stations,2026-04-21,4843
BRT04: SunMed,A0: All Stations,2026-04-22,4885
BRT04: SunMed,A0: All Stations,2026-04-23,4788
BRT04: SunMed,A0: All Stations,2026-04-24,4424
BRT04: SunMed,A0: All Stations,2026-04-25,2946
BRT04: SunMed,A0: All Stations,2026-04-26,2568
BRT04: SunMed,A0: All Stations,2026-04-27,4713
BRT04: SunMed,A0: All Stations,2026-04-28,4902
BRT04: SunMed,A0: All Stations,2026-04-29,5202
BRT04: SunMed,A0: All Stations,2026-04-30,5301
BRT04: SunMed,A0: All Stations,2026-05-01,2724
BRT04: SunMed,A0: All Stations,2026-05-02,3070
BRT04: SunMed,A0: All Stations,2026-05-03,2371
BRT04: SunMed,A0: All Stations,2026-05-04,4904
BRT04: SunMed,A0: All Stations,2026-05-05,5265
BRT04: SunMed,A0: All Stations,2026-05-06,5270
BRT04: SunMed,A0: All Stations,2026-05-07,5266
BRT04: SunMed,A0: All Stations,2026-05-08,4939
BRT04: SunMed,A0: All Stations,2026-05-09,3035
BRT04: SunMed,A0: All Stations,2026-05-10,2427
BRT04: SunMed,A0: All Stations,2026-05-11,5087
BRT04: SunMed,A0: All Stations,2026-05-12,5205
BRT04: SunMed,A0: All Stations,2026-05-13,5238
BRT04: SunMed,A0: All Stations,2026-05-14,5221
BRT04: SunMed,A0: All Stations,2026-05-15,4771
BRT04: SunMed,BRT01: Sunway-Setia Jaya,2026-01-01,115
BRT04: SunMed,BRT01: Sunway-Setia Jaya,2026-01-02,246
BRT04: SunMed,BRT01: Sunway-Setia Jaya,2026-01-03,191
BRT04: SunMed,BRT01: Sunway-Setia Jaya,2026-01-04,133
BRT04: SunMed,BRT01: Sunway-Setia Jaya,2026-01-05,272
BRT04: SunMed,BRT01: Sunway-Setia Jaya,2026-01-06,305
BRT04: SunMed,BRT01: Sunway-Setia Jaya,2026-01-07,308
BRT04: SunMed,BRT01: Sunway-Setia Jaya,2026-01-08,277
BRT04: SunMed,BRT01: Sunway-Setia Jaya,2026-01-09,310
BRT04: SunMed,BRT01: Sunway-Setia Jaya,2026-01-10,220
BRT04: SunMed,BRT01: Sunway-Setia Jaya,2026-01-11,126
BRT04: SunMed,BRT01: Sunway-Setia Jaya,2026-01-12,344
BRT04: SunMed,BRT01: Sunway-Setia Jaya,2026-01-13,323
BRT04: SunMed,BRT01: Sunway-Setia Jaya,2026-01-14,318
BRT04: SunMed,BRT01: Sunway-Setia Jaya,2026-01-15,340
BRT04: SunMed,BRT01: Sunway-Setia Jaya,2026-01-16,337
BRT04: SunMed,BRT01: Sunway-Setia Jaya,2026-01-17,218
BRT04: SunMed,BRT01: Sunway-Setia Jaya,2026-01-18,130
BRT04: SunMed,BRT01: Sunway-Setia Jaya,2026-01-19,297
BRT04: SunMed,BRT01: Sunway-Setia Jaya,2026-01-20,305
BRT04: SunMed,BRT01: Sunway-Setia Jaya,2026-01-21,309
BRT04: SunMed,BRT01: Sunway-Setia Jaya,2026-01-22,320
BRT04: SunMed,BRT01: Sunway-Setia Jaya,2026-01-23,339
BRT04: SunMed,BRT01: Sunway-Setia Jaya,2026-01-24,217
BRT04: SunMed,BRT01: Sunway-Setia Jaya,2026-01-25,141
BRT04: SunMed,BRT01: Sunway-Setia Jaya,2026-01-26,318
BRT04: SunMed,BRT01: Sunway-Setia Jaya,2026-01-27,311
BRT04: SunMed,BRT01: Sunway-Setia Jaya,2026-01-28,335
BRT04: SunMed,BRT01: Sunway-Setia Jaya,2026-01-29,333
BRT04: SunMed,BRT01: Sunway-Setia Jaya,2026-01-30,328
BRT04: SunMed,BRT01: Sunway-Setia Jaya,2026-01-31,209
BRT04: SunMed,BRT01: Sunway-Setia Jaya,2026-02-01,156
BRT04: SunMed,BRT01: Sunway-Setia Jaya,2026-02-02,183
BRT04: SunMed,BRT01: Sunway-Setia Jaya,2026-02-03,398
BRT04: SunMed,BRT01: Sunway-Setia Jaya,2026-02-04,367
BRT04: SunMed,BRT01: Sunway-Setia Jaya,2026-02-05,383
BRT04: SunMed,BRT01: Sunway-Setia Jaya,2026-02-06,381
BRT04: SunMed,BRT01: Sunway-Setia Jaya,2026-02-07,249
BRT04: SunMed,BRT01: Sunway-Setia Jaya,2026-02-08,158
BRT04: SunMed,BRT01: Sunway-Setia Jaya,2026-02-09,370
BRT04: SunMed,BRT01: Sunway-Setia Jaya,2026-02-10,417
BRT04: SunMed,BRT01: Sunway-Setia Jaya,2026-02-11,402
BRT04: SunMed,BRT01: Sunway-Setia Jaya,2026-02-12,415
BRT04: SunMed,BRT01: Sunway-Setia Jaya,2026-02-13,368
BRT04: SunMed,BRT01: Sunway-Setia Jaya,2026-02-14,208
BRT04: SunMed,BRT01: Sunway-Setia Jaya,2026-02-15,152
BRT04: SunMed,BRT01: Sunway-Setia Jaya,2026-02-16,223
BRT04: SunMed,BRT01: Sunway-Setia Jaya,2026-02-17,109
BRT04: SunMed,BRT01: Sunway-Setia Jaya,2026-02-18,137
BRT04: SunMed,BRT01: Sunway-Setia Jaya,2026-02-19,191
BRT04: SunMed,BRT01: Sunway-Setia Jaya,2026-02-20,206
BRT04: SunMed,BRT01: Sunway-Setia Jaya,2026-02-21,176
BRT04: SunMed,BRT01: Sunway-Setia Jaya,2026-02-22,146
BRT04: SunMed,BRT01: Sunway-Setia Jaya,2026-02-23,333
BRT04: SunMed,BRT01: Sunway-Setia Jaya,2026-02-24,379
BRT04: SunMed,BRT01: Sunway-Setia Jaya,2026-02-25,369
BRT04: SunMed,BRT01: Sunway-Setia Jaya,2026-02-26,365
BRT04: SunMed,BRT01: Sunway-Setia Jaya,2026-02-27,406
BRT04: SunMed,BRT01: Sunway-Setia Jaya,2026-02-28,253
BRT04: SunMed,BRT01: Sunway-Setia Jaya,2026-03-01,178
BRT04: SunMed,BRT01: Sunway-Setia Jaya,2026-03-02,437
BRT04: SunMed,BRT01: Sunway-Setia Jaya,2026-03-03,418
BRT04: SunMed,BRT01: Sunway-Setia Jaya,2026-03-04,395
BRT04: SunMed,BRT01: Sunway-Setia Jaya,2026-03-05,401
BRT04: SunMed,BRT01: Sunway-Setia Jaya,2026-03-06,365
BRT04: SunMed,BRT01: Sunway-Setia Jaya,2026-03-07,224
BRT04: SunMed,BRT01: Sunway-Setia Jaya,2026-03-08,169
BRT04: SunMed,BRT01: Sunway-Setia Jaya,2026-03-09,378
BRT04: SunMed,BRT01: Sunway-Setia Jaya,2026-03-10,358
BRT04: SunMed,BRT01: Sunway-Setia Jaya,2026-03-11,357
BRT04: SunMed,BRT01: Sunway-Setia Jaya,2026-03-12,357
BRT04: SunMed,BRT01: Sunway-Setia Jaya,2026-03-13,336
BRT04: SunMed,BRT01: Sunway-Setia Jaya,2026-03-14,256
BRT04: SunMed,BRT01: Sunway-Setia Jaya,2026-03-15,167
BRT04: SunMed,BRT01: Sunway-Setia Jaya,2026-03-16,383
BRT04: SunMed,BRT01: Sunway-Setia Jaya,2026-03-17,393
BRT04: SunMed,BRT01: Sunway-Setia Jaya,2026-03-18,390
BRT04: SunMed,BRT01: Sunway-Setia Jaya,2026-03-19,323
BRT04: SunMed,BRT01: Sunway-Setia Jaya,2026-03-20,175
BRT04: SunMed,BRT01: Sunway-Setia Jaya,2026-03-21,147
BRT04: SunMed,BRT01: Sunway-Setia Jaya,2026-03-22,159
BRT04: SunMed,BRT01: Sunway-Setia Jaya,2026-03-23,167
BRT04: SunMed,BRT01: Sunway-Setia Jaya,2026-03-24,265
BRT04: SunMed,BRT01: Sunway-Setia Jaya,2026-03-25,283
BRT04: SunMed,BRT01: Sunway-Setia Jaya,2026-03-26,323
BRT04: SunMed,BRT01: Sunway-Setia Jaya,2026-03-27,300
BRT04: SunMed,BRT01: Sunway-Setia Jaya,2026-03-28,238
BRT04: SunMed,BRT01: Sunway-Setia Jaya,2026-03-29,163
BRT04: SunMed,BRT01: Sunway-Setia Jaya,2026-03-30,316
BRT04: SunMed,BRT01: Sunway-Setia Jaya,2026-03-31,356
BRT04: SunMed,BRT01: Sunway-Setia Jaya,2026-04-01,327
BRT04: SunMed,BRT01: Sunway-Setia Jaya,2026-04-02,331
BRT04: SunMed,BRT01: Sunway-Setia Jaya,2026-04-03,304
BRT04: SunMed,BRT01: Sunway-Setia Jaya,2026-04-04,248
BRT04: SunMed,BRT01: Sunway-Setia Jaya,2026-04-05,150
BRT04: SunMed,BRT01: Sunway-Setia Jaya,2026-04-06,338
BRT04: SunMed,BRT01: Sunway-Setia Jaya,2026-04-07,329
BRT04: SunMed,BRT01: Sunway-Setia Jaya,2026-04-08,319
BRT04: SunMed,BRT01: Sunway-Setia Jaya,2026-04-09,322
BRT04: SunMed,BRT01: Sunway-Setia Jaya,2026-04-10,305
BRT04: SunMed,BRT01: Sunway-Setia Jaya,2026-04-11,227
BRT04: SunMed,BRT01: Sunway-Setia Jaya,2026-04-12,173
BRT04: SunMed,BRT01: Sunway-Setia Jaya,2026-04-13,359
BRT04: SunMed,BRT01: Sunway-Setia Jaya,2026-04-14,366
BRT04: SunMed,BRT01: Sunway-Setia Jaya,2026-04-15,356
BRT04: SunMed,BRT01: Sunway-Setia Jaya,2026-04-16,347
BRT04: SunMed,BRT01: Sunway-Setia Jaya,2026-04-17,345
BRT04: SunMed,BRT01: Sunway-Setia Jaya,2026-04-18,280
BRT04: SunMed,BRT01: Sunway-Setia Jaya,2026-04-19,150
BRT04: SunMed,BRT01: Sunway-Setia Jaya,2026-04-20,375
BRT04: SunMed,BRT01: Sunway-Setia Jaya,2026-04-21,378
BRT04: SunMed,BRT01: Sunway-Setia Jaya,2026-04-22,377
BRT04: SunMed,BRT01: Sunway-Setia Jaya,2026-04-23,407
BRT04: SunMed,BRT01: Sunway-Setia Jaya,2026-04-24,338
BRT04: SunMed,BRT01: Sunway-Setia Jaya,2026-04-25,248
BRT04: SunMed,BRT01: Sunway-Setia Jaya,2026-04-26,177
BRT04: SunMed,BRT01: Sunway-Setia Jaya,2026-04-27,428
BRT04: SunMed,BRT01: Sunway-Setia Jaya,2026-04-28,425
BRT04: SunMed,BRT01: Sunway-Setia Jaya,2026-04-29,412
BRT04: SunMed,BRT01: Sunway-Setia Jaya,2026-04-30,403
BRT04: SunMed,BRT01: Sunway-Setia Jaya,2026-05-01,186
BRT04: SunMed,BRT01: Sunway-Setia Jaya,2026-05-02,227
BRT04: SunMed,BRT01: Sunway-Setia Jaya,2026-05-03,151
BRT04: SunMed,BRT01: Sunway-Setia Jaya,2026-05-04,390
BRT04: SunMed,BRT01: Sunway-Setia Jaya,2026-05-05,431
BRT04: SunMed,BRT01: Sunway-Setia Jaya,2026-05-06,422
BRT04: SunMed,BRT01: Sunway-Setia Jaya,2026-05-07,462
BRT04: SunMed,BRT01: Sunway-Setia Jaya,2026-05-08,354
BRT04: SunMed,BRT01: Sunway-Setia Jaya,2026-05-09,246
BRT04: SunMed,BRT01: Sunway-Setia Jaya,2026-05-10,176
BRT04: SunMed,BRT01: Sunway-Setia Jaya,2026-05-11,403
BRT04: SunMed,BRT01: Sunway-Setia Jaya,2026-05-12,420
BRT04: SunMed,BRT01: Sunway-Setia Jaya,2026-05-13,399
BRT04: SunMed,BRT01: Sunway-Setia Jaya,2026-05-14,433
BRT04: SunMed,BRT01: Sunway-Setia Jaya,2026-05-15,355
BRT04: SunMed,BRT02: Mentari,2026-01-01,162
BRT04: SunMed,BRT02: Mentari,2026-01-02,273
BRT04: SunMed,BRT02: Mentari,2026-01-03,287
BRT04: SunMed,BRT02: Mentari,2026-01-04,247
BRT04: SunMed,BRT02: Mentari,2026-01-05,319
BRT04: SunMed,BRT02: Mentari,2026-01-06,319
BRT04: SunMed,BRT02: Mentari,2026-01-07,389
BRT04: SunMed,BRT02: Mentari,2026-01-08,291
BRT04: SunMed,BRT02: Mentari,2026-01-09,344
BRT04: SunMed,BRT02: Mentari,2026-01-10,316
BRT04: SunMed,BRT02: Mentari,2026-01-11,290
BRT04: SunMed,BRT02: Mentari,2026-01-12,318
BRT04: SunMed,BRT02: Mentari,2026-01-13,321
BRT04: SunMed,BRT02: Mentari,2026-01-14,429
BRT04: SunMed,BRT02: Mentari,2026-01-15,349
BRT04: SunMed,BRT02: Mentari,2026-01-16,349
BRT04: SunMed,BRT02: Mentari,2026-01-17,293
BRT04: SunMed,BRT02: Mentari,2026-01-18,300
BRT04: SunMed,BRT02: Mentari,2026-01-19,324
BRT04: SunMed,BRT02: Mentari,2026-01-20,334
BRT04: SunMed,BRT02: Mentari,2026-01-21,407
BRT04: SunMed,BRT02: Mentari,2026-01-22,339
BRT04: SunMed,BRT02: Mentari,2026-01-23,366
BRT04: SunMed,BRT02: Mentari,2026-01-24,287
BRT04: SunMed,BRT02: Mentari,2026-01-25,285
BRT04: SunMed,BRT02: Mentari,2026-01-26,312
BRT04: SunMed,BRT02: Mentari,2026-01-27,336
BRT04: SunMed,BRT02: Mentari,2026-01-28,375
BRT04: SunMed,BRT02: Mentari,2026-01-29,323
BRT04: SunMed,BRT02: Mentari,2026-01-30,370
BRT04: SunMed,BRT02: Mentari,2026-01-31,282
BRT04: SunMed,BRT02: Mentari,2026-02-01,282
BRT04: SunMed,BRT02: Mentari,2026-02-02,246
BRT04: SunMed,BRT02: Mentari,2026-02-03,388
BRT04: SunMed,BRT02: Mentari,2026-02-04,481
BRT04: SunMed,BRT02: Mentari,2026-02-05,408
BRT04: SunMed,BRT02: Mentari,2026-02-06,434
BRT04: SunMed,BRT02: Mentari,2026-02-07,332
BRT04: SunMed,BRT02: Mentari,2026-02-08,361
BRT04: SunMed,BRT02: Mentari,2026-02-09,372
BRT04: SunMed,BRT02: Mentari,2026-02-10,411
BRT04: SunMed,BRT02: Mentari,2026-02-11,465
BRT04: SunMed,BRT02: Mentari,2026-02-12,415
BRT04: SunMed,BRT02: Mentari,2026-02-13,412
BRT04: SunMed,BRT02: Mentari,2026-02-14,326
BRT04: SunMed,BRT02: Mentari,2026-02-15,276
BRT04: SunMed,BRT02: Mentari,2026-02-16,266
BRT04: SunMed,BRT02: Mentari,2026-02-17,179
BRT04: SunMed,BRT02: Mentari,2026-02-18,278
BRT04: SunMed,BRT02: Mentari,2026-02-19,293
BRT04: SunMed,BRT02: Mentari,2026-02-20,316
BRT04: SunMed,BRT02: Mentari,2026-02-21,278
BRT04: SunMed,BRT02: Mentari,2026-02-22,244
BRT04: SunMed,BRT02: Mentari,2026-02-23,350
BRT04: SunMed,BRT02: Mentari,2026-02-24,385
BRT04: SunMed,BRT02: Mentari,2026-02-25,416
BRT04: SunMed,BRT02: Mentari,2026-02-26,424
BRT04: SunMed,BRT02: Mentari,2026-02-27,395
BRT04: SunMed,BRT02: Mentari,2026-02-28,338
BRT04: SunMed,BRT02: Mentari,2026-03-01,331
BRT04: SunMed,BRT02: Mentari,2026-03-02,400
BRT04: SunMed,BRT02: Mentari,2026-03-03,437
BRT04: SunMed,BRT02: Mentari,2026-03-04,473
BRT04: SunMed,BRT02: Mentari,2026-03-05,387
BRT04: SunMed,BRT02: Mentari,2026-03-06,435
BRT04: SunMed,BRT02: Mentari,2026-03-07,287
BRT04: SunMed,BRT02: Mentari,2026-03-08,327
BRT04: SunMed,BRT02: Mentari,2026-03-09,362
BRT04: SunMed,BRT02: Mentari,2026-03-10,435
BRT04: SunMed,BRT02: Mentari,2026-03-11,428
BRT04: SunMed,BRT02: Mentari,2026-03-12,388
BRT04: SunMed,BRT02: Mentari,2026-03-13,433
BRT04: SunMed,BRT02: Mentari,2026-03-14,328
BRT04: SunMed,BRT02: Mentari,2026-03-15,296
BRT04: SunMed,BRT02: Mentari,2026-03-16,393
BRT04: SunMed,BRT02: Mentari,2026-03-17,370
BRT04: SunMed,BRT02: Mentari,2026-03-18,423
BRT04: SunMed,BRT02: Mentari,2026-03-19,311
BRT04: SunMed,BRT02: Mentari,2026-03-20,228
BRT04: SunMed,BRT02: Mentari,2026-03-21,203
BRT04: SunMed,BRT02: Mentari,2026-03-22,237
BRT04: SunMed,BRT02: Mentari,2026-03-23,201
BRT04: SunMed,BRT02: Mentari,2026-03-24,304
BRT04: SunMed,BRT02: Mentari,2026-03-25,365
BRT04: SunMed,BRT02: Mentari,2026-03-26,308
BRT04: SunMed,BRT02: Mentari,2026-03-27,327
BRT04: SunMed,BRT02: Mentari,2026-03-28,304
BRT04: SunMed,BRT02: Mentari,2026-03-29,267
BRT04: SunMed,BRT02: Mentari,2026-03-30,353
BRT04: SunMed,BRT02: Mentari,2026-03-31,346
BRT04: SunMed,BRT02: Mentari,2026-04-01,389
BRT04: SunMed,BRT02: Mentari,2026-04-02,361
BRT04: SunMed,BRT02: Mentari,2026-04-03,390
BRT04: SunMed,BRT02: Mentari,2026-04-04,308
BRT04: SunMed,BRT02: Mentari,2026-04-05,346
BRT04: SunMed,BRT02: Mentari,2026-04-06,335
BRT04: SunMed,BRT02: Mentari,2026-04-07,373
BRT04: SunMed,BRT02: Mentari,2026-04-08,382
BRT04: SunMed,BRT02: Mentari,2026-04-09,361
BRT04: SunMed,BRT02: Mentari,2026-04-10,369
BRT04: SunMed,BRT02: Mentari,2026-04-11,300
BRT04: SunMed,BRT02: Mentari,2026-04-12,302
BRT04: SunMed,BRT02: Mentari,2026-04-13,345
BRT04: SunMed,BRT02: Mentari,2026-04-14,373
BRT04: SunMed,BRT02: Mentari,2026-04-15,426
BRT04: SunMed,BRT02: Mentari,2026-04-16,365
BRT04: SunMed,BRT02: Mentari,2026-04-17,405
BRT04: SunMed,BRT02: Mentari,2026-04-18,334
BRT04: SunMed,BRT02: Mentari,2026-04-19,265
BRT04: SunMed,BRT02: Mentari,2026-04-20,375
BRT04: SunMed,BRT02: Mentari,2026-04-21,366
BRT04: SunMed,BRT02: Mentari,2026-04-22,474
BRT04: SunMed,BRT02: Mentari,2026-04-23,389
BRT04: SunMed,BRT02: Mentari,2026-04-24,359
BRT04: SunMed,BRT02: Mentari,2026-04-25,301
BRT04: SunMed,BRT02: Mentari,2026-04-26,301
BRT04: SunMed,BRT02: Mentari,2026-04-27,374
BRT04: SunMed,BRT02: Mentari,2026-04-28,391
BRT04: SunMed,BRT02: Mentari,2026-04-29,465
BRT04: SunMed,BRT02: Mentari,2026-04-30,401
BRT04: SunMed,BRT02: Mentari,2026-05-01,252
BRT04: SunMed,BRT02: Mentari,2026-05-02,289
BRT04: SunMed,BRT02: Mentari,2026-05-03,282
BRT04: SunMed,BRT02: Mentari,2026-05-04,427
BRT04: SunMed,BRT02: Mentari,2026-05-05,431
BRT04: SunMed,BRT02: Mentari,2026-05-06,461
BRT04: SunMed,BRT02: Mentari,2026-05-07,436
BRT04: SunMed,BRT02: Mentari,2026-05-08,418
BRT04: SunMed,BRT02: Mentari,2026-05-09,380
BRT04: SunMed,BRT02: Mentari,2026-05-10,328
BRT04: SunMed,BRT02: Mentari,2026-05-11,443
BRT04: SunMed,BRT02: Mentari,2026-05-12,436
BRT04: SunMed,BRT02: Mentari,2026-05-13,508
BRT04: SunMed,BRT02: Mentari,2026-05-14,421
BRT04: SunMed,BRT02: Mentari,2026-05-15,421
BRT04: SunMed,BRT03: Sunway Lagoon,2026-01-01,754
BRT04: SunMed,BRT03: Sunway Lagoon,2026-01-02,596
BRT04: SunMed,BRT03: Sunway Lagoon,2026-01-03,574
BRT04: SunMed,BRT03: Sunway Lagoon,2026-01-04,616
BRT04: SunMed,BRT03: Sunway Lagoon,2026-01-05,584
BRT04: SunMed,BRT03: Sunway Lagoon,2026-01-06,572
BRT04: SunMed,BRT03: Sunway Lagoon,2026-01-07,604
BRT04: SunMed,BRT03: Sunway Lagoon,2026-01-08,527
BRT04: SunMed,BRT03: Sunway Lagoon,2026-01-09,748
BRT04: SunMed,BRT03: Sunway Lagoon,2026-01-10,644
BRT04: SunMed,BRT03: Sunway Lagoon,2026-01-11,538
BRT04: SunMed,BRT03: Sunway Lagoon,2026-01-12,496
BRT04: SunMed,BRT03: Sunway Lagoon,2026-01-13,618
BRT04: SunMed,BRT03: Sunway Lagoon,2026-01-14,562
BRT04: SunMed,BRT03: Sunway Lagoon,2026-01-15,570
BRT04: SunMed,BRT03: Sunway Lagoon,2026-01-16,737
BRT04: SunMed,BRT03: Sunway Lagoon,2026-01-17,802
BRT04: SunMed,BRT03: Sunway Lagoon,2026-01-18,557
BRT04: SunMed,BRT03: Sunway Lagoon,2026-01-19,613
BRT04: SunMed,BRT03: Sunway Lagoon,2026-01-20,592
BRT04: SunMed,BRT03: Sunway Lagoon,2026-01-21,668
BRT04: SunMed,BRT03: Sunway Lagoon,2026-01-22,634
BRT04: SunMed,BRT03: Sunway Lagoon,2026-01-23,692
BRT04: SunMed,BRT03: Sunway Lagoon,2026-01-24,680
BRT04: SunMed,BRT03: Sunway Lagoon,2026-01-25,570
BRT04: SunMed,BRT03: Sunway Lagoon,2026-01-26,540
BRT04: SunMed,BRT03: Sunway Lagoon,2026-01-27,549
BRT04: SunMed,BRT03: Sunway Lagoon,2026-01-28,550
BRT04: SunMed,BRT03: Sunway Lagoon,2026-01-29,529
BRT04: SunMed,BRT03: Sunway Lagoon,2026-01-30,745
BRT04: SunMed,BRT03: Sunway Lagoon,2026-01-31,634
BRT04: SunMed,BRT03: Sunway Lagoon,2026-02-01,756
BRT04: SunMed,BRT03: Sunway Lagoon,2026-02-02,697
BRT04: SunMed,BRT03: Sunway Lagoon,2026-02-03,672
BRT04: SunMed,BRT03: Sunway Lagoon,2026-02-04,659
BRT04: SunMed,BRT03: Sunway Lagoon,2026-02-05,700
BRT04: SunMed,BRT03: Sunway Lagoon,2026-02-06,873
BRT04: SunMed,BRT03: Sunway Lagoon,2026-02-07,1254
BRT04: SunMed,BRT03: Sunway Lagoon,2026-02-08,879
BRT04: SunMed,BRT03: Sunway Lagoon,2026-02-09,655
BRT04: SunMed,BRT03: Sunway Lagoon,2026-02-10,725
BRT04: SunMed,BRT03: Sunway Lagoon,2026-02-11,782
BRT04: SunMed,BRT03: Sunway Lagoon,2026-02-12,751
BRT04: SunMed,BRT03: Sunway Lagoon,2026-02-13,761
BRT04: SunMed,BRT03: Sunway Lagoon,2026-02-14,585
BRT04: SunMed,BRT03: Sunway Lagoon,2026-02-15,462
BRT04: SunMed,BRT03: Sunway Lagoon,2026-02-16,529
BRT04: SunMed,BRT03: Sunway Lagoon,2026-02-17,387
BRT04: SunMed,BRT03: Sunway Lagoon,2026-02-18,392
BRT04: SunMed,BRT03: Sunway Lagoon,2026-02-19,438
BRT04: SunMed,BRT03: Sunway Lagoon,2026-02-20,547
BRT04: SunMed,BRT03: Sunway Lagoon,2026-02-21,415
BRT04: SunMed,BRT03: Sunway Lagoon,2026-02-22,389
BRT04: SunMed,BRT03: Sunway Lagoon,2026-02-23,533
BRT04: SunMed,BRT03: Sunway Lagoon,2026-02-24,540
BRT04: SunMed,BRT03: Sunway Lagoon,2026-02-25,592
BRT04: SunMed,BRT03: Sunway Lagoon,2026-02-26,612
BRT04: SunMed,BRT03: Sunway Lagoon,2026-02-27,800
BRT04: SunMed,BRT03: Sunway Lagoon,2026-02-28,706
BRT04: SunMed,BRT03: Sunway Lagoon,2026-03-01,653
BRT04: SunMed,BRT03: Sunway Lagoon,2026-03-02,709
BRT04: SunMed,BRT03: Sunway Lagoon,2026-03-03,746
BRT04: SunMed,BRT03: Sunway Lagoon,2026-03-04,710
BRT04: SunMed,BRT03: Sunway Lagoon,2026-03-05,721
BRT04: SunMed,BRT03: Sunway Lagoon,2026-03-06,869
BRT04: SunMed,BRT03: Sunway Lagoon,2026-03-07,703
BRT04: SunMed,BRT03: Sunway Lagoon,2026-03-08,604
BRT04: SunMed,BRT03: Sunway Lagoon,2026-03-09,627
BRT04: SunMed,BRT03: Sunway Lagoon,2026-03-10,618
BRT04: SunMed,BRT03: Sunway Lagoon,2026-03-11,597
BRT04: SunMed,BRT03: Sunway Lagoon,2026-03-12,603
BRT04: SunMed,BRT03: Sunway Lagoon,2026-03-13,760
BRT04: SunMed,BRT03: Sunway Lagoon,2026-03-14,730
BRT04: SunMed,BRT03: Sunway Lagoon,2026-03-15,548
BRT04: SunMed,BRT03: Sunway Lagoon,2026-03-16,595
BRT04: SunMed,BRT03: Sunway Lagoon,2026-03-17,651
BRT04: SunMed,BRT03: Sunway Lagoon,2026-03-18,638
BRT04: SunMed,BRT03: Sunway Lagoon,2026-03-19,710
BRT04: SunMed,BRT03: Sunway Lagoon,2026-03-20,664
BRT04: SunMed,BRT03: Sunway Lagoon,2026-03-21,690
BRT04: SunMed,BRT03: Sunway Lagoon,2026-03-22,604
BRT04: SunMed,BRT03: Sunway Lagoon,2026-03-23,566
BRT04: SunMed,BRT03: Sunway Lagoon,2026-03-24,575
BRT04: SunMed,BRT03: Sunway Lagoon,2026-03-25,543
BRT04: SunMed,BRT03: Sunway Lagoon,2026-03-26,562
BRT04: SunMed,BRT03: Sunway Lagoon,2026-03-27,650
BRT04: SunMed,BRT03: Sunway Lagoon,2026-03-28,572
BRT04: SunMed,BRT03: Sunway Lagoon,2026-03-29,441
BRT04: SunMed,BRT03: Sunway Lagoon,2026-03-30,496
BRT04: SunMed,BRT03: Sunway Lagoon,2026-03-31,518
BRT04: SunMed,BRT03: Sunway Lagoon,2026-04-01,570
BRT04: SunMed,BRT03: Sunway Lagoon,2026-04-02,575
BRT04: SunMed,BRT03: Sunway Lagoon,2026-04-03,693
BRT04: SunMed,BRT03: Sunway Lagoon,2026-04-04,586
BRT04: SunMed,BRT03: Sunway Lagoon,2026-04-05,480
BRT04: SunMed,BRT03: Sunway Lagoon,2026-04-06,598
BRT04: SunMed,BRT03: Sunway Lagoon,2026-04-07,587
BRT04: SunMed,BRT03: Sunway Lagoon,2026-04-08,530
BRT04: SunMed,BRT03: Sunway Lagoon,2026-04-09,551
BRT04: SunMed,BRT03: Sunway Lagoon,2026-04-10,721
BRT04: SunMed,BRT03: Sunway Lagoon,2026-04-11,692
BRT04: SunMed,BRT03: Sunway Lagoon,2026-04-12,585
BRT04: SunMed,BRT03: Sunway Lagoon,2026-04-13,582
BRT04: SunMed,BRT03: Sunway Lagoon,2026-04-14,601
BRT04: SunMed,BRT03: Sunway Lagoon,2026-04-15,600
BRT04: SunMed,BRT03: Sunway Lagoon,2026-04-16,637
BRT04: SunMed,BRT03: Sunway Lagoon,2026-04-17,689
BRT04: SunMed,BRT03: Sunway Lagoon,2026-04-18,775
BRT04: SunMed,BRT03: Sunway Lagoon,2026-04-19,703
BRT04: SunMed,BRT03: Sunway Lagoon,2026-04-20,618
BRT04: SunMed,BRT03: Sunway Lagoon,2026-04-21,643
BRT04: SunMed,BRT03: Sunway Lagoon,2026-04-22,638
BRT04: SunMed,BRT03: Sunway Lagoon,2026-04-23,605
BRT04: SunMed,BRT03: Sunway Lagoon,2026-04-24,758
BRT04: SunMed,BRT03: Sunway Lagoon,2026-04-25,670
BRT04: SunMed,BRT03: Sunway Lagoon,2026-04-26,590
BRT04: SunMed,BRT03: Sunway Lagoon,2026-04-27,563
BRT04: SunMed,BRT03: Sunway Lagoon,2026-04-28,632
BRT04: SunMed,BRT03: Sunway Lagoon,2026-04-29,675
BRT04: SunMed,BRT03: Sunway Lagoon,2026-04-30,815
BRT04: SunMed,BRT03: Sunway Lagoon,2026-05-01,756
BRT04: SunMed,BRT03: Sunway Lagoon,2026-05-02,773
BRT04: SunMed,BRT03: Sunway Lagoon,2026-05-03,589
BRT04: SunMed,BRT03: Sunway Lagoon,2026-05-04,730
BRT04: SunMed,BRT03: Sunway Lagoon,2026-05-05,702
BRT04: SunMed,BRT03: Sunway Lagoon,2026-05-06,707
BRT04: SunMed,BRT03: Sunway Lagoon,2026-05-07,756
BRT04: SunMed,BRT03: Sunway Lagoon,2026-05-08,799
BRT04: SunMed,BRT03: Sunway Lagoon,2026-05-09,656
BRT04: SunMed,BRT03: Sunway Lagoon,2026-05-10,592
BRT04: SunMed,BRT03: Sunway Lagoon,2026-05-11,653
BRT04: SunMed,BRT03: Sunway Lagoon,2026-05-12,681
BRT04: SunMed,BRT03: Sunway Lagoon,2026-05-13,657
BRT04: SunMed,BRT03: Sunway Lagoon,2026-05-14,711
BRT04: SunMed,BRT03: Sunway Lagoon,2026-05-15,820
BRT04: SunMed,BRT04: SunMed,2026-01-01,49
BRT04: SunMed,BRT04: SunMed,2026-01-02,43
BRT04: SunMed,BRT04: SunMed,2026-01-03,35
BRT04: SunMed,BRT04: SunMed,2026-01-04,29
BRT04: SunMed,BRT04: SunMed,2026-01-05,34
BRT04: SunMed,BRT04: SunMed,2026-01-06,40
BRT04: SunMed,BRT04: SunMed,2026-01-07,28
BRT04: SunMed,BRT04: SunMed,2026-01-08,39
BRT04: SunMed,BRT04: SunMed,2026-01-09,44
BRT04: SunMed,BRT04: SunMed,2026-01-10,48
BRT04: SunMed,BRT04: SunMed,2026-01-11,33
BRT04: SunMed,BRT04: SunMed,2026-01-12,43
BRT04: SunMed,BRT04: SunMed,2026-01-13,55
BRT04: SunMed,BRT04: SunMed,2026-01-14,38
BRT04: SunMed,BRT04: SunMed,2026-01-15,40
BRT04: SunMed,BRT04: SunMed,2026-01-16,47
BRT04: SunMed,BRT04: SunMed,2026-01-17,48
BRT04: SunMed,BRT04: SunMed,2026-01-18,52
BRT04: SunMed,BRT04: SunMed,2026-01-19,44
BRT04: SunMed,BRT04: SunMed,2026-01-20,35
BRT04: SunMed,BRT04: SunMed,2026-01-21,45
BRT04: SunMed,BRT04: SunMed,2026-01-22,46
BRT04: SunMed,BRT04: SunMed,2026-01-23,44
BRT04: SunMed,BRT04: SunMed,2026-01-24,58
BRT04: SunMed,BRT04: SunMed,2026-01-25,34
BRT04: SunMed,BRT04: SunMed,2026-01-26,46
BRT04: SunMed,BRT04: SunMed,2026-01-27,34
BRT04: SunMed,BRT04: SunMed,2026-01-28,52
BRT04: SunMed,BRT04: SunMed,2026-01-29,50
BRT04: SunMed,BRT04: SunMed,2026-01-30,61
BRT04: SunMed,BRT04: SunMed,2026-01-31,65
BRT04: SunMed,BRT04: SunMed,2026-02-01,38
BRT04: SunMed,BRT04: SunMed,2026-02-02,55
BRT04: SunMed,BRT04: SunMed,2026-02-03,61
BRT04: SunMed,BRT04: SunMed,2026-02-04,59
BRT04: SunMed,BRT04: SunMed,2026-02-05,46
BRT04: SunMed,BRT04: SunMed,2026-02-06,71
BRT04: SunMed,BRT04: SunMed,2026-02-07,84
BRT04: SunMed,BRT04: SunMed,2026-02-08,61
BRT04: SunMed,BRT04: SunMed,2026-02-09,46
BRT04: SunMed,BRT04: SunMed,2026-02-10,66
BRT04: SunMed,BRT04: SunMed,2026-02-11,33
BRT04: SunMed,BRT04: SunMed,2026-02-12,61
BRT04: SunMed,BRT04: SunMed,2026-02-13,54
BRT04: SunMed,BRT04: SunMed,2026-02-14,70
BRT04: SunMed,BRT04: SunMed,2026-02-15,24
BRT04: SunMed,BRT04: SunMed,2026-02-16,37
BRT04: SunMed,BRT04: SunMed,2026-02-17,42
BRT04: SunMed,BRT04: SunMed,2026-02-18,29
BRT04: SunMed,BRT04: SunMed,2026-02-19,37
BRT04: SunMed,BRT04: SunMed,2026-02-20,53
BRT04: SunMed,BRT04: SunMed,2026-02-21,29
BRT04: SunMed,BRT04: SunMed,2026-02-22,35
BRT04: SunMed,BRT04: SunMed,2026-02-23,41
BRT04: SunMed,BRT04: SunMed,2026-02-24,45
BRT04: SunMed,BRT04: SunMed,2026-02-25,41
BRT04: SunMed,BRT04: SunMed,2026-02-26,61
BRT04: SunMed,BRT04: SunMed,2026-02-27,46
BRT04: SunMed,BRT04: SunMed,2026-02-28,63
BRT04: SunMed,BRT04: SunMed,2026-03-01,70
BRT04: SunMed,BRT04: SunMed,2026-03-02,66
BRT04: SunMed,BRT04: SunMed,2026-03-03,61
BRT04: SunMed,BRT04: SunMed,2026-03-04,61
BRT04: SunMed,BRT04: SunMed,2026-03-05,84
BRT04: SunMed,BRT04: SunMed,2026-03-06,69
BRT04: SunMed,BRT04: SunMed,2026-03-07,39
BRT04: SunMed,BRT04: SunMed,2026-03-08,47
BRT04: SunMed,BRT04: SunMed,2026-03-09,51
BRT04: SunMed,BRT04: SunMed,2026-03-10,67
BRT04: SunMed,BRT04: SunMed,2026-03-11,42
BRT04: SunMed,BRT04: SunMed,2026-03-12,57
BRT04: SunMed,BRT04: SunMed,2026-03-13,70
BRT04: SunMed,BRT04: SunMed,2026-03-14,42
BRT04: SunMed,BRT04: SunMed,2026-03-15,39
BRT04: SunMed,BRT04: SunMed,2026-03-16,39
BRT04: SunMed,BRT04: SunMed,2026-03-17,48
BRT04: SunMed,BRT04: SunMed,2026-03-18,50
BRT04: SunMed,BRT04: SunMed,2026-03-19,31
BRT04: SunMed,BRT04: SunMed,2026-03-20,32
BRT04: SunMed,BRT04: SunMed,2026-03-21,35
BRT04: SunMed,BRT04: SunMed,2026-03-22,42
BRT04: SunMed,BRT04: SunMed,2026-03-23,41
BRT04: SunMed,BRT04: SunMed,2026-03-24,31
BRT04: SunMed,BRT04: SunMed,2026-03-25,45
BRT04: SunMed,BRT04: SunMed,2026-03-26,48
BRT04: SunMed,BRT04: SunMed,2026-03-27,50
BRT04: SunMed,BRT04: SunMed,2026-03-28,35
BRT04: SunMed,BRT04: SunMed,2026-03-29,25
BRT04: SunMed,BRT04: SunMed,2026-03-30,34
BRT04: SunMed,BRT04: SunMed,2026-03-31,24
BRT04: SunMed,BRT04: SunMed,2026-04-01,41
BRT04: SunMed,BRT04: SunMed,2026-04-02,34
BRT04: SunMed,BRT04: SunMed,2026-04-03,43
BRT04: SunMed,BRT04: SunMed,2026-04-04,58
BRT04: SunMed,BRT04: SunMed,2026-04-05,38
BRT04: SunMed,BRT04: SunMed,2026-04-06,41
BRT04: SunMed,BRT04: SunMed,2026-04-07,28
BRT04: SunMed,BRT04: SunMed,2026-04-08,33
BRT04: SunMed,BRT04: SunMed,2026-04-09,27
BRT04: SunMed,BRT04: SunMed,2026-04-10,37
BRT04: SunMed,BRT04: SunMed,2026-04-11,57
BRT04: SunMed,BRT04: SunMed,2026-04-12,36
BRT04: SunMed,BRT04: SunMed,2026-04-13,43
BRT04: SunMed,BRT04: SunMed,2026-04-14,59
BRT04: SunMed,BRT04: SunMed,2026-04-15,36
BRT04: SunMed,BRT04: SunMed,2026-04-16,45
BRT04: SunMed,BRT04: SunMed,2026-04-17,55
BRT04: SunMed,BRT04: SunMed,2026-04-18,95
BRT04: SunMed,BRT04: SunMed,2026-04-19,44
BRT04: SunMed,BRT04: SunMed,2026-04-20,54
BRT04: SunMed,BRT04: SunMed,2026-04-21,42
BRT04: SunMed,BRT04: SunMed,2026-04-22,46
BRT04: SunMed,BRT04: SunMed,2026-04-23,57
BRT04: SunMed,BRT04: SunMed,2026-04-24,42
BRT04: SunMed,BRT04: SunMed,2026-04-25,47
BRT04: SunMed,BRT04: SunMed,2026-04-26,52
BRT04: SunMed,BRT04: SunMed,2026-04-27,44
BRT04: SunMed,BRT04: SunMed,2026-04-28,39
BRT04: SunMed,BRT04: SunMed,2026-04-29,57
BRT04: SunMed,BRT04: SunMed,2026-04-30,54
BRT04: SunMed,BRT04: SunMed,2026-05-01,60
BRT04: SunMed,BRT04: SunMed,2026-05-02,79
BRT04: SunMed,BRT04: SunMed,2026-05-03,32
BRT04: SunMed,BRT04: SunMed,2026-05-04,45
BRT04: SunMed,BRT04: SunMed,2026-05-05,50
BRT04: SunMed,BRT04: SunMed,2026-05-06,37
BRT04: SunMed,BRT04: SunMed,2026-05-07,49
BRT04: SunMed,BRT04: SunMed,2026-05-08,52
BRT04: SunMed,BRT04: SunMed,2026-05-09,56
BRT04: SunMed,BRT04: SunMed,2026-05-10,51
BRT04: SunMed,BRT04: SunMed,2026-05-11,64
BRT04: SunMed,BRT04: SunMed,2026-05-12,51
BRT04: SunMed,BRT04: SunMed,2026-05-13,54
BRT04: SunMed,BRT04: SunMed,2026-05-14,72
BRT04: SunMed,BRT04: SunMed,2026-05-15,48
BRT04: SunMed,BRT05: SunU-Monash,2026-01-01,129
BRT04: SunMed,BRT05: SunU-Monash,2026-01-02,256
BRT04: SunMed,BRT05: SunU-Monash,2026-01-03,168
BRT04: SunMed,BRT05: SunU-Monash,2026-01-04,164
BRT04: SunMed,BRT05: SunU-Monash,2026-01-05,424
BRT04: SunMed,BRT05: SunU-Monash,2026-01-06,438
BRT04: SunMed,BRT05: SunU-Monash,2026-01-07,422
BRT04: SunMed,BRT05: SunU-Monash,2026-01-08,428
BRT04: SunMed,BRT05: SunU-Monash,2026-01-09,380
BRT04: SunMed,BRT05: SunU-Monash,2026-01-10,214
BRT04: SunMed,BRT05: SunU-Monash,2026-01-11,133
BRT04: SunMed,BRT05: SunU-Monash,2026-01-12,360
BRT04: SunMed,BRT05: SunU-Monash,2026-01-13,457
BRT04: SunMed,BRT05: SunU-Monash,2026-01-14,430
BRT04: SunMed,BRT05: SunU-Monash,2026-01-15,385
BRT04: SunMed,BRT05: SunU-Monash,2026-01-16,335
BRT04: SunMed,BRT05: SunU-Monash,2026-01-17,257
BRT04: SunMed,BRT05: SunU-Monash,2026-01-18,171
BRT04: SunMed,BRT05: SunU-Monash,2026-01-19,403
BRT04: SunMed,BRT05: SunU-Monash,2026-01-20,427
BRT04: SunMed,BRT05: SunU-Monash,2026-01-21,345
BRT04: SunMed,BRT05: SunU-Monash,2026-01-22,418
BRT04: SunMed,BRT05: SunU-Monash,2026-01-23,342
BRT04: SunMed,BRT05: SunU-Monash,2026-01-24,167
BRT04: SunMed,BRT05: SunU-Monash,2026-01-25,123
BRT04: SunMed,BRT05: SunU-Monash,2026-01-26,284
BRT04: SunMed,BRT05: SunU-Monash,2026-01-27,314
BRT04: SunMed,BRT05: SunU-Monash,2026-01-28,283
BRT04: SunMed,BRT05: SunU-Monash,2026-01-29,283
BRT04: SunMed,BRT05: SunU-Monash,2026-01-30,279
BRT04: SunMed,BRT05: SunU-Monash,2026-01-31,232
BRT04: SunMed,BRT05: SunU-Monash,2026-02-01,134
BRT04: SunMed,BRT05: SunU-Monash,2026-02-02,138
BRT04: SunMed,BRT05: SunU-Monash,2026-02-03,312
BRT04: SunMed,BRT05: SunU-Monash,2026-02-04,297
BRT04: SunMed,BRT05: SunU-Monash,2026-02-05,288
BRT04: SunMed,BRT05: SunU-Monash,2026-02-06,334
BRT04: SunMed,BRT05: SunU-Monash,2026-02-07,199
BRT04: SunMed,BRT05: SunU-Monash,2026-02-08,139
BRT04: SunMed,BRT05: SunU-Monash,2026-02-09,329
BRT04: SunMed,BRT05: SunU-Monash,2026-02-10,322
BRT04: SunMed,BRT05: SunU-Monash,2026-02-11,359
BRT04: SunMed,BRT05: SunU-Monash,2026-02-12,347
BRT04: SunMed,BRT05: SunU-Monash,2026-02-13,278
BRT04: SunMed,BRT05: SunU-Monash,2026-02-14,186
BRT04: SunMed,BRT05: SunU-Monash,2026-02-15,87
BRT04: SunMed,BRT05: SunU-Monash,2026-02-16,181
BRT04: SunMed,BRT05: SunU-Monash,2026-02-17,71
BRT04: SunMed,BRT05: SunU-Monash,2026-02-18,84
BRT04: SunMed,BRT05: SunU-Monash,2026-02-19,194
BRT04: SunMed,BRT05: SunU-Monash,2026-02-20,200
BRT04: SunMed,BRT05: SunU-Monash,2026-02-21,112
BRT04: SunMed,BRT05: SunU-Monash,2026-02-22,99
BRT04: SunMed,BRT05: SunU-Monash,2026-02-23,376
BRT04: SunMed,BRT05: SunU-Monash,2026-02-24,378
BRT04: SunMed,BRT05: SunU-Monash,2026-02-25,414
BRT04: SunMed,BRT05: SunU-Monash,2026-02-26,443
BRT04: SunMed,BRT05: SunU-Monash,2026-02-27,418
BRT04: SunMed,BRT05: SunU-Monash,2026-02-28,260
BRT04: SunMed,BRT05: SunU-Monash,2026-03-01,234
BRT04: SunMed,BRT05: SunU-Monash,2026-03-02,1004
BRT04: SunMed,BRT05: SunU-Monash,2026-03-03,914
BRT04: SunMed,BRT05: SunU-Monash,2026-03-04,935
BRT04: SunMed,BRT05: SunU-Monash,2026-03-05,919
BRT04: SunMed,BRT05: SunU-Monash,2026-03-06,708
BRT04: SunMed,BRT05: SunU-Monash,2026-03-07,257
BRT04: SunMed,BRT05: SunU-Monash,2026-03-08,225
BRT04: SunMed,BRT05: SunU-Monash,2026-03-09,829
BRT04: SunMed,BRT05: SunU-Monash,2026-03-10,912
BRT04: SunMed,BRT05: SunU-Monash,2026-03-11,907
BRT04: SunMed,BRT05: SunU-Monash,2026-03-12,876
BRT04: SunMed,BRT05: SunU-Monash,2026-03-13,720
BRT04: SunMed,BRT05: SunU-Monash,2026-03-14,283
BRT04: SunMed,BRT05: SunU-Monash,2026-03-15,205
BRT04: SunMed,BRT05: SunU-Monash,2026-03-16,858
BRT04: SunMed,BRT05: SunU-Monash,2026-03-17,906
BRT04: SunMed,BRT05: SunU-Monash,2026-03-18,916
BRT04: SunMed,BRT05: SunU-Monash,2026-03-19,782
BRT04: SunMed,BRT05: SunU-Monash,2026-03-20,209
BRT04: SunMed,BRT05: SunU-Monash,2026-03-21,192
BRT04: SunMed,BRT05: SunU-Monash,2026-03-22,166
BRT04: SunMed,BRT05: SunU-Monash,2026-03-23,184
BRT04: SunMed,BRT05: SunU-Monash,2026-03-24,777
BRT04: SunMed,BRT05: SunU-Monash,2026-03-25,828
BRT04: SunMed,BRT05: SunU-Monash,2026-03-26,791
BRT04: SunMed,BRT05: SunU-Monash,2026-03-27,678
BRT04: SunMed,BRT05: SunU-Monash,2026-03-28,256
BRT04: SunMed,BRT05: SunU-Monash,2026-03-29,208
BRT04: SunMed,BRT05: SunU-Monash,2026-03-30,742
BRT04: SunMed,BRT05: SunU-Monash,2026-03-31,833
BRT04: SunMed,BRT05: SunU-Monash,2026-04-01,811
BRT04: SunMed,BRT05: SunU-Monash,2026-04-02,767
BRT04: SunMed,BRT05: SunU-Monash,2026-04-03,592
BRT04: SunMed,BRT05: SunU-Monash,2026-04-04,223
BRT04: SunMed,BRT05: SunU-Monash,2026-04-05,170
BRT04: SunMed,BRT05: SunU-Monash,2026-04-06,302
BRT04: SunMed,BRT05: SunU-Monash,2026-04-07,378
BRT04: SunMed,BRT05: SunU-Monash,2026-04-08,323
BRT04: SunMed,BRT05: SunU-Monash,2026-04-09,371
BRT04: SunMed,BRT05: SunU-Monash,2026-04-10,359
BRT04: SunMed,BRT05: SunU-Monash,2026-04-11,251
BRT04: SunMed,BRT05: SunU-Monash,2026-04-12,202
BRT04: SunMed,BRT05: SunU-Monash,2026-04-13,750
BRT04: SunMed,BRT05: SunU-Monash,2026-04-14,819
BRT04: SunMed,BRT05: SunU-Monash,2026-04-15,843
BRT04: SunMed,BRT05: SunU-Monash,2026-04-16,848
BRT04: SunMed,BRT05: SunU-Monash,2026-04-17,646
BRT04: SunMed,BRT05: SunU-Monash,2026-04-18,275
BRT04: SunMed,BRT05: SunU-Monash,2026-04-19,203
BRT04: SunMed,BRT05: SunU-Monash,2026-04-20,722
BRT04: SunMed,BRT05: SunU-Monash,2026-04-21,807
BRT04: SunMed,BRT05: SunU-Monash,2026-04-22,852
BRT04: SunMed,BRT05: SunU-Monash,2026-04-23,827
BRT04: SunMed,BRT05: SunU-Monash,2026-04-24,644
BRT04: SunMed,BRT05: SunU-Monash,2026-04-25,251
BRT04: SunMed,BRT05: SunU-Monash,2026-04-26,221
BRT04: SunMed,BRT05: SunU-Monash,2026-04-27,768
BRT04: SunMed,BRT05: SunU-Monash,2026-04-28,852
BRT04: SunMed,BRT05: SunU-Monash,2026-04-29,929
BRT04: SunMed,BRT05: SunU-Monash,2026-04-30,901
BRT04: SunMed,BRT05: SunU-Monash,2026-05-01,269
BRT04: SunMed,BRT05: SunU-Monash,2026-05-02,318
BRT04: SunMed,BRT05: SunU-Monash,2026-05-03,226
BRT04: SunMed,BRT05: SunU-Monash,2026-05-04,831
BRT04: SunMed,BRT05: SunU-Monash,2026-05-05,818
BRT04: SunMed,BRT05: SunU-Monash,2026-05-06,835
BRT04: SunMed,BRT05: SunU-Monash,2026-05-07,822
BRT04: SunMed,BRT05: SunU-Monash,2026-05-08,714
BRT04: SunMed,BRT05: SunU-Monash,2026-05-09,273
BRT04: SunMed,BRT05: SunU-Monash,2026-05-10,200
BRT04: SunMed,BRT05: SunU-Monash,2026-05-11,783
BRT04: SunMed,BRT05: SunU-Monash,2026-05-12,796
BRT04: SunMed,BRT05: SunU-Monash,2026-05-13,828
BRT04: SunMed,BRT05: SunU-Monash,2026-05-14,816
BRT04: SunMed,BRT05: SunU-Monash,2026-05-15,657
BRT04: SunMed,BRT06: South Quay-USJ 1,2026-01-01,249
BRT04: SunMed,BRT06: South Quay-USJ 1,2026-01-02,320
BRT04: SunMed,BRT06: South Quay-USJ 1,2026-01-03,285
BRT04: SunMed,BRT06: South Quay-USJ 1,2026-01-04,288
BRT04: SunMed,BRT06: South Quay-USJ 1,2026-01-05,407
BRT04: SunMed,BRT06: South Quay-USJ 1,2026-01-06,421
BRT04: SunMed,BRT06: South Quay-USJ 1,2026-01-07,408
BRT04: SunMed,BRT06: South Quay-USJ 1,2026-01-08,411
BRT04: SunMed,BRT06: South Quay-USJ 1,2026-01-09,385
BRT04: SunMed,BRT06: South Quay-USJ 1,2026-01-10,344
BRT04: SunMed,BRT06: South Quay-USJ 1,2026-01-11,320
BRT04: SunMed,BRT06: South Quay-USJ 1,2026-01-12,417
BRT04: SunMed,BRT06: South Quay-USJ 1,2026-01-13,470
BRT04: SunMed,BRT06: South Quay-USJ 1,2026-01-14,596
BRT04: SunMed,BRT06: South Quay-USJ 1,2026-01-15,549
BRT04: SunMed,BRT06: South Quay-USJ 1,2026-01-16,590
BRT04: SunMed,BRT06: South Quay-USJ 1,2026-01-17,248
BRT04: SunMed,BRT06: South Quay-USJ 1,2026-01-18,293
BRT04: SunMed,BRT06: South Quay-USJ 1,2026-01-19,554
BRT04: SunMed,BRT06: South Quay-USJ 1,2026-01-20,573
BRT04: SunMed,BRT06: South Quay-USJ 1,2026-01-21,541
BRT04: SunMed,BRT06: South Quay-USJ 1,2026-01-22,549
BRT04: SunMed,BRT06: South Quay-USJ 1,2026-01-23,545
BRT04: SunMed,BRT06: South Quay-USJ 1,2026-01-24,289
BRT04: SunMed,BRT06: South Quay-USJ 1,2026-01-25,242
BRT04: SunMed,BRT06: South Quay-USJ 1,2026-01-26,558
BRT04: SunMed,BRT06: South Quay-USJ 1,2026-01-27,574
BRT04: SunMed,BRT06: South Quay-USJ 1,2026-01-28,535
BRT04: SunMed,BRT06: South Quay-USJ 1,2026-01-29,583
BRT04: SunMed,BRT06: South Quay-USJ 1,2026-01-30,540
BRT04: SunMed,BRT06: South Quay-USJ 1,2026-01-31,241
BRT04: SunMed,BRT06: South Quay-USJ 1,2026-02-01,294
BRT04: SunMed,BRT06: South Quay-USJ 1,2026-02-02,278
BRT04: SunMed,BRT06: South Quay-USJ 1,2026-02-03,646
BRT04: SunMed,BRT06: South Quay-USJ 1,2026-02-04,633
BRT04: SunMed,BRT06: South Quay-USJ 1,2026-02-05,627
BRT04: SunMed,BRT06: South Quay-USJ 1,2026-02-06,649
BRT04: SunMed,BRT06: South Quay-USJ 1,2026-02-07,365
BRT04: SunMed,BRT06: South Quay-USJ 1,2026-02-08,307
BRT04: SunMed,BRT06: South Quay-USJ 1,2026-02-09,665
BRT04: SunMed,BRT06: South Quay-USJ 1,2026-02-10,646
BRT04: SunMed,BRT06: South Quay-USJ 1,2026-02-11,704
BRT04: SunMed,BRT06: South Quay-USJ 1,2026-02-12,686
BRT04: SunMed,BRT06: South Quay-USJ 1,2026-02-13,631
BRT04: SunMed,BRT06: South Quay-USJ 1,2026-02-14,255
BRT04: SunMed,BRT06: South Quay-USJ 1,2026-02-15,248
BRT04: SunMed,BRT06: South Quay-USJ 1,2026-02-16,296
BRT04: SunMed,BRT06: South Quay-USJ 1,2026-02-17,259
BRT04: SunMed,BRT06: South Quay-USJ 1,2026-02-18,255
BRT04: SunMed,BRT06: South Quay-USJ 1,2026-02-19,294
BRT04: SunMed,BRT06: South Quay-USJ 1,2026-02-20,265
BRT04: SunMed,BRT06: South Quay-USJ 1,2026-02-21,222
BRT04: SunMed,BRT06: South Quay-USJ 1,2026-02-22,239
BRT04: SunMed,BRT06: South Quay-USJ 1,2026-02-23,572
BRT04: SunMed,BRT06: South Quay-USJ 1,2026-02-24,578
BRT04: SunMed,BRT06: South Quay-USJ 1,2026-02-25,599
BRT04: SunMed,BRT06: South Quay-USJ 1,2026-02-26,633
BRT04: SunMed,BRT06: South Quay-USJ 1,2026-02-27,603
BRT04: SunMed,BRT06: South Quay-USJ 1,2026-02-28,369
BRT04: SunMed,BRT06: South Quay-USJ 1,2026-03-01,367
BRT04: SunMed,BRT06: South Quay-USJ 1,2026-03-02,689
BRT04: SunMed,BRT06: South Quay-USJ 1,2026-03-03,731
BRT04: SunMed,BRT06: South Quay-USJ 1,2026-03-04,652
BRT04: SunMed,BRT06: South Quay-USJ 1,2026-03-05,663
BRT04: SunMed,BRT06: South Quay-USJ 1,2026-03-06,648
BRT04: SunMed,BRT06: South Quay-USJ 1,2026-03-07,325
BRT04: SunMed,BRT06: South Quay-USJ 1,2026-03-08,313
BRT04: SunMed,BRT06: South Quay-USJ 1,2026-03-09,639
BRT04: SunMed,BRT06: South Quay-USJ 1,2026-03-10,662
BRT04: SunMed,BRT06: South Quay-USJ 1,2026-03-11,675
BRT04: SunMed,BRT06: South Quay-USJ 1,2026-03-12,636
BRT04: SunMed,BRT06: South Quay-USJ 1,2026-03-13,629
BRT04: SunMed,BRT06: South Quay-USJ 1,2026-03-14,355
BRT04: SunMed,BRT06: South Quay-USJ 1,2026-03-15,320
BRT04: SunMed,BRT06: South Quay-USJ 1,2026-03-16,582
BRT04: SunMed,BRT06: South Quay-USJ 1,2026-03-17,682
BRT04: SunMed,BRT06: South Quay-USJ 1,2026-03-18,628
BRT04: SunMed,BRT06: South Quay-USJ 1,2026-03-19,592
BRT04: SunMed,BRT06: South Quay-USJ 1,2026-03-20,312
BRT04: SunMed,BRT06: South Quay-USJ 1,2026-03-21,236
BRT04: SunMed,BRT06: South Quay-USJ 1,2026-03-22,255
BRT04: SunMed,BRT06: South Quay-USJ 1,2026-03-23,249
BRT04: SunMed,BRT06: South Quay-USJ 1,2026-03-24,355
BRT04: SunMed,BRT06: South Quay-USJ 1,2026-03-25,347
BRT04: SunMed,BRT06: South Quay-USJ 1,2026-03-26,327
BRT04: SunMed,BRT06: South Quay-USJ 1,2026-03-27,341
BRT04: SunMed,BRT06: South Quay-USJ 1,2026-03-28,257
BRT04: SunMed,BRT06: South Quay-USJ 1,2026-03-29,305
BRT04: SunMed,BRT06: South Quay-USJ 1,2026-03-30,580
BRT04: SunMed,BRT06: South Quay-USJ 1,2026-03-31,582
BRT04: SunMed,BRT06: South Quay-USJ 1,2026-04-01,582
BRT04: SunMed,BRT06: South Quay-USJ 1,2026-04-02,520
BRT04: SunMed,BRT06: South Quay-USJ 1,2026-04-03,549
BRT04: SunMed,BRT06: South Quay-USJ 1,2026-04-04,392
BRT04: SunMed,BRT06: South Quay-USJ 1,2026-04-05,279
BRT04: SunMed,BRT06: South Quay-USJ 1,2026-04-06,552
BRT04: SunMed,BRT06: South Quay-USJ 1,2026-04-07,560
BRT04: SunMed,BRT06: South Quay-USJ 1,2026-04-08,539
BRT04: SunMed,BRT06: South Quay-USJ 1,2026-04-09,519
BRT04: SunMed,BRT06: South Quay-USJ 1,2026-04-10,566
BRT04: SunMed,BRT06: South Quay-USJ 1,2026-04-11,331
BRT04: SunMed,BRT06: South Quay-USJ 1,2026-04-12,298
BRT04: SunMed,BRT06: South Quay-USJ 1,2026-04-13,623
BRT04: SunMed,BRT06: South Quay-USJ 1,2026-04-14,584
BRT04: SunMed,BRT06: South Quay-USJ 1,2026-04-15,621
BRT04: SunMed,BRT06: South Quay-USJ 1,2026-04-16,580
BRT04: SunMed,BRT06: South Quay-USJ 1,2026-04-17,559
BRT04: SunMed,BRT06: South Quay-USJ 1,2026-04-18,341
BRT04: SunMed,BRT06: South Quay-USJ 1,2026-04-19,283
BRT04: SunMed,BRT06: South Quay-USJ 1,2026-04-20,688
BRT04: SunMed,BRT06: South Quay-USJ 1,2026-04-21,704
BRT04: SunMed,BRT06: South Quay-USJ 1,2026-04-22,673
BRT04: SunMed,BRT06: South Quay-USJ 1,2026-04-23,680
BRT04: SunMed,BRT06: South Quay-USJ 1,2026-04-24,600
BRT04: SunMed,BRT06: South Quay-USJ 1,2026-04-25,377
BRT04: SunMed,BRT06: South Quay-USJ 1,2026-04-26,333
BRT04: SunMed,BRT06: South Quay-USJ 1,2026-04-27,706
BRT04: SunMed,BRT06: South Quay-USJ 1,2026-04-28,708
BRT04: SunMed,BRT06: South Quay-USJ 1,2026-04-29,723
BRT04: SunMed,BRT06: South Quay-USJ 1,2026-04-30,724
BRT04: SunMed,BRT06: South Quay-USJ 1,2026-05-01,315
BRT04: SunMed,BRT06: South Quay-USJ 1,2026-05-02,363
BRT04: SunMed,BRT06: South Quay-USJ 1,2026-05-03,323
BRT04: SunMed,BRT06: South Quay-USJ 1,2026-05-04,713
BRT04: SunMed,BRT06: South Quay-USJ 1,2026-05-05,800
BRT04: SunMed,BRT06: South Quay-USJ 1,2026-05-06,771
BRT04: SunMed,BRT06: South Quay-USJ 1,2026-05-07,775
BRT04: SunMed,BRT06: South Quay-USJ 1,2026-05-08,709
BRT04: SunMed,BRT06: South Quay-USJ 1,2026-05-09,400
BRT04: SunMed,BRT06: South Quay-USJ 1,2026-05-10,369
BRT04: SunMed,BRT06: South Quay-USJ 1,2026-05-11,798
BRT04: SunMed,BRT06: South Quay-USJ 1,2026-05-12,787
BRT04: SunMed,BRT06: South Quay-USJ 1,2026-05-13,750
BRT04: SunMed,BRT06: South Quay-USJ 1,2026-05-14,759
BRT04: SunMed,BRT06: South Quay-USJ 1,2026-05-15,672
BRT04: SunMed,BRT07: USJ 7,2026-01-01,674
BRT04: SunMed,BRT07: USJ 7,2026-01-02,1081
BRT04: SunMed,BRT07: USJ 7,2026-01-03,787
BRT04: SunMed,BRT07: USJ 7,2026-01-04,608
BRT04: SunMed,BRT07: USJ 7,2026-01-05,1427
BRT04: SunMed,BRT07: USJ 7,2026-01-06,1560
BRT04: SunMed,BRT07: USJ 7,2026-01-07,1572
BRT04: SunMed,BRT07: USJ 7,2026-01-08,1506
BRT04: SunMed,BRT07: USJ 7,2026-01-09,1507
BRT04: SunMed,BRT07: USJ 7,2026-01-10,914
BRT04: SunMed,BRT07: USJ 7,2026-01-11,665
BRT04: SunMed,BRT07: USJ 7,2026-01-12,1501
BRT04: SunMed,BRT07: USJ 7,2026-01-13,1555
BRT04: SunMed,BRT07: USJ 7,2026-01-14,1660
BRT04: SunMed,BRT07: USJ 7,2026-01-15,1601
BRT04: SunMed,BRT07: USJ 7,2026-01-16,1509
BRT04: SunMed,BRT07: USJ 7,2026-01-17,954
BRT04: SunMed,BRT07: USJ 7,2026-01-18,718
BRT04: SunMed,BRT07: USJ 7,2026-01-19,1574
BRT04: SunMed,BRT07: USJ 7,2026-01-20,1723
BRT04: SunMed,BRT07: USJ 7,2026-01-21,1643
BRT04: SunMed,BRT07: USJ 7,2026-01-22,1633
BRT04: SunMed,BRT07: USJ 7,2026-01-23,1598
BRT04: SunMed,BRT07: USJ 7,2026-01-24,1013
BRT04: SunMed,BRT07: USJ 7,2026-01-25,662
BRT04: SunMed,BRT07: USJ 7,2026-01-26,1451
BRT04: SunMed,BRT07: USJ 7,2026-01-27,1600
BRT04: SunMed,BRT07: USJ 7,2026-01-28,1621
BRT04: SunMed,BRT07: USJ 7,2026-01-29,1658
BRT04: SunMed,BRT07: USJ 7,2026-01-30,1588
BRT04: SunMed,BRT07: USJ 7,2026-01-31,1013
BRT04: SunMed,BRT07: USJ 7,2026-02-01,776
BRT04: SunMed,BRT07: USJ 7,2026-02-02,794
BRT04: SunMed,BRT07: USJ 7,2026-02-03,1712
BRT04: SunMed,BRT07: USJ 7,2026-02-04,1944
BRT04: SunMed,BRT07: USJ 7,2026-02-05,1951
BRT04: SunMed,BRT07: USJ 7,2026-02-06,1914
BRT04: SunMed,BRT07: USJ 7,2026-02-07,1275
BRT04: SunMed,BRT07: USJ 7,2026-02-08,874
BRT04: SunMed,BRT07: USJ 7,2026-02-09,1843
BRT04: SunMed,BRT07: USJ 7,2026-02-10,2096
BRT04: SunMed,BRT07: USJ 7,2026-02-11,2092
BRT04: SunMed,BRT07: USJ 7,2026-02-12,2082
BRT04: SunMed,BRT07: USJ 7,2026-02-13,1912
BRT04: SunMed,BRT07: USJ 7,2026-02-14,1071
BRT04: SunMed,BRT07: USJ 7,2026-02-15,644
BRT04: SunMed,BRT07: USJ 7,2026-02-16,883
BRT04: SunMed,BRT07: USJ 7,2026-02-17,535
BRT04: SunMed,BRT07: USJ 7,2026-02-18,514
BRT04: SunMed,BRT07: USJ 7,2026-02-19,761
BRT04: SunMed,BRT07: USJ 7,2026-02-20,764
BRT04: SunMed,BRT07: USJ 7,2026-02-21,632
BRT04: SunMed,BRT07: USJ 7,2026-02-22,466
BRT04: SunMed,BRT07: USJ 7,2026-02-23,1564
BRT04: SunMed,BRT07: USJ 7,2026-02-24,1627
BRT04: SunMed,BRT07: USJ 7,2026-02-25,1757
BRT04: SunMed,BRT07: USJ 7,2026-02-26,1824
BRT04: SunMed,BRT07: USJ 7,2026-02-27,1655
BRT04: SunMed,BRT07: USJ 7,2026-02-28,976
BRT04: SunMed,BRT07: USJ 7,2026-03-01,674
BRT04: SunMed,BRT07: USJ 7,2026-03-02,1776
BRT04: SunMed,BRT07: USJ 7,2026-03-03,1999
BRT04: SunMed,BRT07: USJ 7,2026-03-04,1731
BRT04: SunMed,BRT07: USJ 7,2026-03-05,1743
BRT04: SunMed,BRT07: USJ 7,2026-03-06,1724
BRT04: SunMed,BRT07: USJ 7,2026-03-07,799
BRT04: SunMed,BRT07: USJ 7,2026-03-08,692
BRT04: SunMed,BRT07: USJ 7,2026-03-09,1684
BRT04: SunMed,BRT07: USJ 7,2026-03-10,1754
BRT04: SunMed,BRT07: USJ 7,2026-03-11,1745
BRT04: SunMed,BRT07: USJ 7,2026-03-12,1758
BRT04: SunMed,BRT07: USJ 7,2026-03-13,1731
BRT04: SunMed,BRT07: USJ 7,2026-03-14,996
BRT04: SunMed,BRT07: USJ 7,2026-03-15,742
BRT04: SunMed,BRT07: USJ 7,2026-03-16,1640
BRT04: SunMed,BRT07: USJ 7,2026-03-17,1858
BRT04: SunMed,BRT07: USJ 7,2026-03-18,1791
BRT04: SunMed,BRT07: USJ 7,2026-03-19,1467
BRT04: SunMed,BRT07: USJ 7,2026-03-20,758
BRT04: SunMed,BRT07: USJ 7,2026-03-21,837
BRT04: SunMed,BRT07: USJ 7,2026-03-22,790
BRT04: SunMed,BRT07: USJ 7,2026-03-23,616
BRT04: SunMed,BRT07: USJ 7,2026-03-24,1117
BRT04: SunMed,BRT07: USJ 7,2026-03-25,1292
BRT04: SunMed,BRT07: USJ 7,2026-03-26,1295
BRT04: SunMed,BRT07: USJ 7,2026-03-27,1252
BRT04: SunMed,BRT07: USJ 7,2026-03-28,770
BRT04: SunMed,BRT07: USJ 7,2026-03-29,576
BRT04: SunMed,BRT07: USJ 7,2026-03-30,1429
BRT04: SunMed,BRT07: USJ 7,2026-03-31,1508
BRT04: SunMed,BRT07: USJ 7,2026-04-01,1530
BRT04: SunMed,BRT07: USJ 7,2026-04-02,1513
BRT04: SunMed,BRT07: USJ 7,2026-04-03,1404
BRT04: SunMed,BRT07: USJ 7,2026-04-04,966
BRT04: SunMed,BRT07: USJ 7,2026-04-05,717
BRT04: SunMed,BRT07: USJ 7,2026-04-06,1525
BRT04: SunMed,BRT07: USJ 7,2026-04-07,1615
BRT04: SunMed,BRT07: USJ 7,2026-04-08,1555
BRT04: SunMed,BRT07: USJ 7,2026-04-09,1602
BRT04: SunMed,BRT07: USJ 7,2026-04-10,1497
BRT04: SunMed,BRT07: USJ 7,2026-04-11,1003
BRT04: SunMed,BRT07: USJ 7,2026-04-12,726
BRT04: SunMed,BRT07: USJ 7,2026-04-13,1721
BRT04: SunMed,BRT07: USJ 7,2026-04-14,1742
BRT04: SunMed,BRT07: USJ 7,2026-04-15,1733
BRT04: SunMed,BRT07: USJ 7,2026-04-16,1694
BRT04: SunMed,BRT07: USJ 7,2026-04-17,1625
BRT04: SunMed,BRT07: USJ 7,2026-04-18,1153
BRT04: SunMed,BRT07: USJ 7,2026-04-19,703
BRT04: SunMed,BRT07: USJ 7,2026-04-20,1846
BRT04: SunMed,BRT07: USJ 7,2026-04-21,1903
BRT04: SunMed,BRT07: USJ 7,2026-04-22,1825
BRT04: SunMed,BRT07: USJ 7,2026-04-23,1823
BRT04: SunMed,BRT07: USJ 7,2026-04-24,1683
BRT04: SunMed,BRT07: USJ 7,2026-04-25,1052
BRT04: SunMed,BRT07: USJ 7,2026-04-26,894
BRT04: SunMed,BRT07: USJ 7,2026-04-27,1830
BRT04: SunMed,BRT07: USJ 7,2026-04-28,1855
BRT04: SunMed,BRT07: USJ 7,2026-04-29,1941
BRT04: SunMed,BRT07: USJ 7,2026-04-30,2003
BRT04: SunMed,BRT07: USJ 7,2026-05-01,886
BRT04: SunMed,BRT07: USJ 7,2026-05-02,1021
BRT04: SunMed,BRT07: USJ 7,2026-05-03,768
BRT04: SunMed,BRT07: USJ 7,2026-05-04,1768
BRT04: SunMed,BRT07: USJ 7,2026-05-05,2033
BRT04: SunMed,BRT07: USJ 7,2026-05-06,2037
BRT04: SunMed,BRT07: USJ 7,2026-05-07,1966
BRT04: SunMed,BRT07: USJ 7,2026-05-08,1893
BRT04: SunMed,BRT07: USJ 7,2026-05-09,1024
BRT04: SunMed,BRT07: USJ 7,2026-05-10,711
BRT04: SunMed,BRT07: USJ 7,2026-05-11,1943
BRT04: SunMed,BRT07: USJ 7,2026-05-12,2034
BRT04: SunMed,BRT07: USJ 7,2026-05-13,2042
BRT04: SunMed,BRT07: USJ 7,2026-05-14,2009
BRT04: SunMed,BRT07: USJ 7,2026-05-15,1798
BRT05: SunU-Monash,A0: All Stations,2026-01-01,822
BRT05: SunU-Monash,A0: All Stations,2026-01-02,1445
BRT05: SunU-Monash,A0: All Stations,2026-01-03,1040
BRT05: SunU-Monash,A0: All Stations,2026-01-04,867
BRT05: SunU-Monash,A0: All Stations,2026-01-05,2437
BRT05: SunU-Monash,A0: All Stations,2026-01-06,2581
BRT05: SunU-Monash,A0: All Stations,2026-01-07,2788
BRT05: SunU-Monash,A0: All Stations,2026-01-08,2603
BRT05: SunU-Monash,A0: All Stations,2026-01-09,2458
BRT05: SunU-Monash,A0: All Stations,2026-01-10,1464
BRT05: SunU-Monash,A0: All Stations,2026-01-11,977
BRT05: SunU-Monash,A0: All Stations,2026-01-12,2613
BRT05: SunU-Monash,A0: All Stations,2026-01-13,2705
BRT05: SunU-Monash,A0: All Stations,2026-01-14,2818
BRT05: SunU-Monash,A0: All Stations,2026-01-15,2788
BRT05: SunU-Monash,A0: All Stations,2026-01-16,2705
BRT05: SunU-Monash,A0: All Stations,2026-01-17,1694
BRT05: SunU-Monash,A0: All Stations,2026-01-18,1265
BRT05: SunU-Monash,A0: All Stations,2026-01-19,3025
BRT05: SunU-Monash,A0: All Stations,2026-01-20,3166
BRT05: SunU-Monash,A0: All Stations,2026-01-21,3185
BRT05: SunU-Monash,A0: All Stations,2026-01-22,3328
BRT05: SunU-Monash,A0: All Stations,2026-01-23,3129
BRT05: SunU-Monash,A0: All Stations,2026-01-24,1529
BRT05: SunU-Monash,A0: All Stations,2026-01-25,1098
BRT05: SunU-Monash,A0: All Stations,2026-01-26,3175
BRT05: SunU-Monash,A0: All Stations,2026-01-27,3264
BRT05: SunU-Monash,A0: All Stations,2026-01-28,3223
BRT05: SunU-Monash,A0: All Stations,2026-01-29,3281
BRT05: SunU-Monash,A0: All Stations,2026-01-30,3357
BRT05: SunU-Monash,A0: All Stations,2026-01-31,1491
BRT05: SunU-Monash,A0: All Stations,2026-02-01,1186
BRT05: SunU-Monash,A0: All Stations,2026-02-02,1215
BRT05: SunU-Monash,A0: All Stations,2026-02-03,3445
BRT05: SunU-Monash,A0: All Stations,2026-02-04,3618
BRT05: SunU-Monash,A0: All Stations,2026-02-05,3790
BRT05: SunU-Monash,A0: All Stations,2026-02-06,3793
BRT05: SunU-Monash,A0: All Stations,2026-02-07,1842
BRT05: SunU-Monash,A0: All Stations,2026-02-08,1277
BRT05: SunU-Monash,A0: All Stations,2026-02-09,3649
BRT05: SunU-Monash,A0: All Stations,2026-02-10,4042
BRT05: SunU-Monash,A0: All Stations,2026-02-11,3992
BRT05: SunU-Monash,A0: All Stations,2026-02-12,3942
BRT05: SunU-Monash,A0: All Stations,2026-02-13,3554
BRT05: SunU-Monash,A0: All Stations,2026-02-14,1340
BRT05: SunU-Monash,A0: All Stations,2026-02-15,858
BRT05: SunU-Monash,A0: All Stations,2026-02-16,1186
BRT05: SunU-Monash,A0: All Stations,2026-02-17,782
BRT05: SunU-Monash,A0: All Stations,2026-02-18,800
BRT05: SunU-Monash,A0: All Stations,2026-02-19,1180
BRT05: SunU-Monash,A0: All Stations,2026-02-20,1249
BRT05: SunU-Monash,A0: All Stations,2026-02-21,1054
BRT05: SunU-Monash,A0: All Stations,2026-02-22,826
BRT05: SunU-Monash,A0: All Stations,2026-02-23,3794
BRT05: SunU-Monash,A0: All Stations,2026-02-24,4005
BRT05: SunU-Monash,A0: All Stations,2026-02-25,3968
BRT05: SunU-Monash,A0: All Stations,2026-02-26,4271
BRT05: SunU-Monash,A0: All Stations,2026-02-27,3964
BRT05: SunU-Monash,A0: All Stations,2026-02-28,1854
BRT05: SunU-Monash,A0: All Stations,2026-03-01,1499
BRT05: SunU-Monash,A0: All Stations,2026-03-02,5739
BRT05: SunU-Monash,A0: All Stations,2026-03-03,5927
BRT05: SunU-Monash,A0: All Stations,2026-03-04,5799
BRT05: SunU-Monash,A0: All Stations,2026-03-05,5785
BRT05: SunU-Monash,A0: All Stations,2026-03-06,5045
BRT05: SunU-Monash,A0: All Stations,2026-03-07,1789
BRT05: SunU-Monash,A0: All Stations,2026-03-08,1554
BRT05: SunU-Monash,A0: All Stations,2026-03-09,5367
BRT05: SunU-Monash,A0: All Stations,2026-03-10,5578
BRT05: SunU-Monash,A0: All Stations,2026-03-11,5513
BRT05: SunU-Monash,A0: All Stations,2026-03-12,5371
BRT05: SunU-Monash,A0: All Stations,2026-03-13,4874
BRT05: SunU-Monash,A0: All Stations,2026-03-14,1980
BRT05: SunU-Monash,A0: All Stations,2026-03-15,1413
BRT05: SunU-Monash,A0: All Stations,2026-03-16,5429
BRT05: SunU-Monash,A0: All Stations,2026-03-17,5702
BRT05: SunU-Monash,A0: All Stations,2026-03-18,5493
BRT05: SunU-Monash,A0: All Stations,2026-03-19,4703
BRT05: SunU-Monash,A0: All Stations,2026-03-20,1525
BRT05: SunU-Monash,A0: All Stations,2026-03-21,1233
BRT05: SunU-Monash,A0: All Stations,2026-03-22,1119
BRT05: SunU-Monash,A0: All Stations,2026-03-23,1226
BRT05: SunU-Monash,A0: All Stations,2026-03-24,3641
BRT05: SunU-Monash,A0: All Stations,2026-03-25,3859
BRT05: SunU-Monash,A0: All Stations,2026-03-26,3827
BRT05: SunU-Monash,A0: All Stations,2026-03-27,3483
BRT05: SunU-Monash,A0: All Stations,2026-03-28,1586
BRT05: SunU-Monash,A0: All Stations,2026-03-29,1252
BRT05: SunU-Monash,A0: All Stations,2026-03-30,4404
BRT05: SunU-Monash,A0: All Stations,2026-03-31,4804
BRT05: SunU-Monash,A0: All Stations,2026-04-01,4794
BRT05: SunU-Monash,A0: All Stations,2026-04-02,4546
BRT05: SunU-Monash,A0: All Stations,2026-04-03,4240
BRT05: SunU-Monash,A0: All Stations,2026-04-04,1762
BRT05: SunU-Monash,A0: All Stations,2026-04-05,1242
BRT05: SunU-Monash,A0: All Stations,2026-04-06,2910
BRT05: SunU-Monash,A0: All Stations,2026-04-07,3154
BRT05: SunU-Monash,A0: All Stations,2026-04-08,2885
BRT05: SunU-Monash,A0: All Stations,2026-04-09,3035
BRT05: SunU-Monash,A0: All Stations,2026-04-10,3178
BRT05: SunU-Monash,A0: All Stations,2026-04-11,2064
BRT05: SunU-Monash,A0: All Stations,2026-04-12,1560
BRT05: SunU-Monash,A0: All Stations,2026-04-13,4339
BRT05: SunU-Monash,A0: All Stations,2026-04-14,4666
BRT05: SunU-Monash,A0: All Stations,2026-04-15,4883
BRT05: SunU-Monash,A0: All Stations,2026-04-16,4740
BRT05: SunU-Monash,A0: All Stations,2026-04-17,4516
BRT05: SunU-Monash,A0: All Stations,2026-04-18,2107
BRT05: SunU-Monash,A0: All Stations,2026-04-19,1416
BRT05: SunU-Monash,A0: All Stations,2026-04-20,4488
BRT05: SunU-Monash,A0: All Stations,2026-04-21,4816
BRT05: SunU-Monash,A0: All Stations,2026-04-22,4674
BRT05: SunU-Monash,A0: All Stations,2026-04-23,4646
BRT05: SunU-Monash,A0: All Stations,2026-04-24,4096
BRT05: SunU-Monash,A0: All Stations,2026-04-25,1870
BRT05: SunU-Monash,A0: All Stations,2026-04-26,1376
BRT05: SunU-Monash,A0: All Stations,2026-04-27,4511
BRT05: SunU-Monash,A0: All Stations,2026-04-28,4641
BRT05: SunU-Monash,A0: All Stations,2026-04-29,5076
BRT05: SunU-Monash,A0: All Stations,2026-04-30,5202
BRT05: SunU-Monash,A0: All Stations,2026-05-01,1744
BRT05: SunU-Monash,A0: All Stations,2026-05-02,1930
BRT05: SunU-Monash,A0: All Stations,2026-05-03,1467
BRT05: SunU-Monash,A0: All Stations,2026-05-04,5225
BRT05: SunU-Monash,A0: All Stations,2026-05-05,5395
BRT05: SunU-Monash,A0: All Stations,2026-05-06,5519
BRT05: SunU-Monash,A0: All Stations,2026-05-07,5545
BRT05: SunU-Monash,A0: All Stations,2026-05-08,4791
BRT05: SunU-Monash,A0: All Stations,2026-05-09,1977
BRT05: SunU-Monash,A0: All Stations,2026-05-10,1572
BRT05: SunU-Monash,A0: All Stations,2026-05-11,5531
BRT05: SunU-Monash,A0: All Stations,2026-05-12,5678
BRT05: SunU-Monash,A0: All Stations,2026-05-13,5758
BRT05: SunU-Monash,A0: All Stations,2026-05-14,5532
BRT05: SunU-Monash,A0: All Stations,2026-05-15,4994
BRT05: SunU-Monash,BRT01: Sunway-Setia Jaya,2026-01-01,24
BRT05: SunU-Monash,BRT01: Sunway-Setia Jaya,2026-01-02,48
BRT05: SunU-Monash,BRT01: Sunway-Setia Jaya,2026-01-03,30
BRT05: SunU-Monash,BRT01: Sunway-Setia Jaya,2026-01-04,21
BRT05: SunU-Monash,BRT01: Sunway-Setia Jaya,2026-01-05,96
BRT05: SunU-Monash,BRT01: Sunway-Setia Jaya,2026-01-06,107
BRT05: SunU-Monash,BRT01: Sunway-Setia Jaya,2026-01-07,108
BRT05: SunU-Monash,BRT01: Sunway-Setia Jaya,2026-01-08,105
BRT05: SunU-Monash,BRT01: Sunway-Setia Jaya,2026-01-09,87
BRT05: SunU-Monash,BRT01: Sunway-Setia Jaya,2026-01-10,47
BRT05: SunU-Monash,BRT01: Sunway-Setia Jaya,2026-01-11,29
BRT05: SunU-Monash,BRT01: Sunway-Setia Jaya,2026-01-12,96
BRT05: SunU-Monash,BRT01: Sunway-Setia Jaya,2026-01-13,107
BRT05: SunU-Monash,BRT01: Sunway-Setia Jaya,2026-01-14,108
BRT05: SunU-Monash,BRT01: Sunway-Setia Jaya,2026-01-15,126
BRT05: SunU-Monash,BRT01: Sunway-Setia Jaya,2026-01-16,104
BRT05: SunU-Monash,BRT01: Sunway-Setia Jaya,2026-01-17,51
BRT05: SunU-Monash,BRT01: Sunway-Setia Jaya,2026-01-18,41
BRT05: SunU-Monash,BRT01: Sunway-Setia Jaya,2026-01-19,104
BRT05: SunU-Monash,BRT01: Sunway-Setia Jaya,2026-01-20,123
BRT05: SunU-Monash,BRT01: Sunway-Setia Jaya,2026-01-21,120
BRT05: SunU-Monash,BRT01: Sunway-Setia Jaya,2026-01-22,126
BRT05: SunU-Monash,BRT01: Sunway-Setia Jaya,2026-01-23,98
BRT05: SunU-Monash,BRT01: Sunway-Setia Jaya,2026-01-24,46
BRT05: SunU-Monash,BRT01: Sunway-Setia Jaya,2026-01-25,21
BRT05: SunU-Monash,BRT01: Sunway-Setia Jaya,2026-01-26,115
BRT05: SunU-Monash,BRT01: Sunway-Setia Jaya,2026-01-27,116
BRT05: SunU-Monash,BRT01: Sunway-Setia Jaya,2026-01-28,106
BRT05: SunU-Monash,BRT01: Sunway-Setia Jaya,2026-01-29,109
BRT05: SunU-Monash,BRT01: Sunway-Setia Jaya,2026-01-30,99
BRT05: SunU-Monash,BRT01: Sunway-Setia Jaya,2026-01-31,38
BRT05: SunU-Monash,BRT01: Sunway-Setia Jaya,2026-02-01,34
BRT05: SunU-Monash,BRT01: Sunway-Setia Jaya,2026-02-02,47
BRT05: SunU-Monash,BRT01: Sunway-Setia Jaya,2026-02-03,123
BRT05: SunU-Monash,BRT01: Sunway-Setia Jaya,2026-02-04,130
BRT05: SunU-Monash,BRT01: Sunway-Setia Jaya,2026-02-05,139
BRT05: SunU-Monash,BRT01: Sunway-Setia Jaya,2026-02-06,113
BRT05: SunU-Monash,BRT01: Sunway-Setia Jaya,2026-02-07,56
BRT05: SunU-Monash,BRT01: Sunway-Setia Jaya,2026-02-08,37
BRT05: SunU-Monash,BRT01: Sunway-Setia Jaya,2026-02-09,145
BRT05: SunU-Monash,BRT01: Sunway-Setia Jaya,2026-02-10,156
BRT05: SunU-Monash,BRT01: Sunway-Setia Jaya,2026-02-11,158
BRT05: SunU-Monash,BRT01: Sunway-Setia Jaya,2026-02-12,152
BRT05: SunU-Monash,BRT01: Sunway-Setia Jaya,2026-02-13,115
BRT05: SunU-Monash,BRT01: Sunway-Setia Jaya,2026-02-14,36
BRT05: SunU-Monash,BRT01: Sunway-Setia Jaya,2026-02-15,35
BRT05: SunU-Monash,BRT01: Sunway-Setia Jaya,2026-02-16,46
BRT05: SunU-Monash,BRT01: Sunway-Setia Jaya,2026-02-17,24
BRT05: SunU-Monash,BRT01: Sunway-Setia Jaya,2026-02-18,22
BRT05: SunU-Monash,BRT01: Sunway-Setia Jaya,2026-02-19,52
BRT05: SunU-Monash,BRT01: Sunway-Setia Jaya,2026-02-20,44
BRT05: SunU-Monash,BRT01: Sunway-Setia Jaya,2026-02-21,27
BRT05: SunU-Monash,BRT01: Sunway-Setia Jaya,2026-02-22,36
BRT05: SunU-Monash,BRT01: Sunway-Setia Jaya,2026-02-23,131
BRT05: SunU-Monash,BRT01: Sunway-Setia Jaya,2026-02-24,146
BRT05: SunU-Monash,BRT01: Sunway-Setia Jaya,2026-02-25,136
BRT05: SunU-Monash,BRT01: Sunway-Setia Jaya,2026-02-26,172
BRT05: SunU-Monash,BRT01: Sunway-Setia Jaya,2026-02-27,130
BRT05: SunU-Monash,BRT01: Sunway-Setia Jaya,2026-02-28,57
BRT05: SunU-Monash,BRT01: Sunway-Setia Jaya,2026-03-01,37
BRT05: SunU-Monash,BRT01: Sunway-Setia Jaya,2026-03-02,201
BRT05: SunU-Monash,BRT01: Sunway-Setia Jaya,2026-03-03,226
BRT05: SunU-Monash,BRT01: Sunway-Setia Jaya,2026-03-04,210
BRT05: SunU-Monash,BRT01: Sunway-Setia Jaya,2026-03-05,219
BRT05: SunU-Monash,BRT01: Sunway-Setia Jaya,2026-03-06,156
BRT05: SunU-Monash,BRT01: Sunway-Setia Jaya,2026-03-07,51
BRT05: SunU-Monash,BRT01: Sunway-Setia Jaya,2026-03-08,51
BRT05: SunU-Monash,BRT01: Sunway-Setia Jaya,2026-03-09,197
BRT05: SunU-Monash,BRT01: Sunway-Setia Jaya,2026-03-10,202
BRT05: SunU-Monash,BRT01: Sunway-Setia Jaya,2026-03-11,217
BRT05: SunU-Monash,BRT01: Sunway-Setia Jaya,2026-03-12,212
BRT05: SunU-Monash,BRT01: Sunway-Setia Jaya,2026-03-13,156
BRT05: SunU-Monash,BRT01: Sunway-Setia Jaya,2026-03-14,63
BRT05: SunU-Monash,BRT01: Sunway-Setia Jaya,2026-03-15,45
BRT05: SunU-Monash,BRT01: Sunway-Setia Jaya,2026-03-16,180
BRT05: SunU-Monash,BRT01: Sunway-Setia Jaya,2026-03-17,194
BRT05: SunU-Monash,BRT01: Sunway-Setia Jaya,2026-03-18,195
BRT05: SunU-Monash,BRT01: Sunway-Setia Jaya,2026-03-19,175
BRT05: SunU-Monash,BRT01: Sunway-Setia Jaya,2026-03-20,39
BRT05: SunU-Monash,BRT01: Sunway-Setia Jaya,2026-03-21,42
BRT05: SunU-Monash,BRT01: Sunway-Setia Jaya,2026-03-22,31
BRT05: SunU-Monash,BRT01: Sunway-Setia Jaya,2026-03-23,37
BRT05: SunU-Monash,BRT01: Sunway-Setia Jaya,2026-03-24,133
BRT05: SunU-Monash,BRT01: Sunway-Setia Jaya,2026-03-25,135
BRT05: SunU-Monash,BRT01: Sunway-Setia Jaya,2026-03-26,148
BRT05: SunU-Monash,BRT01: Sunway-Setia Jaya,2026-03-27,117
BRT05: SunU-Monash,BRT01: Sunway-Setia Jaya,2026-03-28,48
BRT05: SunU-Monash,BRT01: Sunway-Setia Jaya,2026-03-29,21
BRT05: SunU-Monash,BRT01: Sunway-Setia Jaya,2026-03-30,164
BRT05: SunU-Monash,BRT01: Sunway-Setia Jaya,2026-03-31,165
BRT05: SunU-Monash,BRT01: Sunway-Setia Jaya,2026-04-01,174
BRT05: SunU-Monash,BRT01: Sunway-Setia Jaya,2026-04-02,165
BRT05: SunU-Monash,BRT01: Sunway-Setia Jaya,2026-04-03,116
BRT05: SunU-Monash,BRT01: Sunway-Setia Jaya,2026-04-04,47
BRT05: SunU-Monash,BRT01: Sunway-Setia Jaya,2026-04-05,27
BRT05: SunU-Monash,BRT01: Sunway-Setia Jaya,2026-04-06,105
BRT05: SunU-Monash,BRT01: Sunway-Setia Jaya,2026-04-07,127
BRT05: SunU-Monash,BRT01: Sunway-Setia Jaya,2026-04-08,127
BRT05: SunU-Monash,BRT01: Sunway-Setia Jaya,2026-04-09,111
BRT05: SunU-Monash,BRT01: Sunway-Setia Jaya,2026-04-10,122
BRT05: SunU-Monash,BRT01: Sunway-Setia Jaya,2026-04-11,81
BRT05: SunU-Monash,BRT01: Sunway-Setia Jaya,2026-04-12,53
BRT05: SunU-Monash,BRT01: Sunway-Setia Jaya,2026-04-13,169
BRT05: SunU-Monash,BRT01: Sunway-Setia Jaya,2026-04-14,207
BRT05: SunU-Monash,BRT01: Sunway-Setia Jaya,2026-04-15,191
BRT05: SunU-Monash,BRT01: Sunway-Setia Jaya,2026-04-16,187
BRT05: SunU-Monash,BRT01: Sunway-Setia Jaya,2026-04-17,159
BRT05: SunU-Monash,BRT01: Sunway-Setia Jaya,2026-04-18,76
BRT05: SunU-Monash,BRT01: Sunway-Setia Jaya,2026-04-19,46
BRT05: SunU-Monash,BRT01: Sunway-Setia Jaya,2026-04-20,162
BRT05: SunU-Monash,BRT01: Sunway-Setia Jaya,2026-04-21,177
BRT05: SunU-Monash,BRT01: Sunway-Setia Jaya,2026-04-22,173
BRT05: SunU-Monash,BRT01: Sunway-Setia Jaya,2026-04-23,165
BRT05: SunU-Monash,BRT01: Sunway-Setia Jaya,2026-04-24,116
BRT05: SunU-Monash,BRT01: Sunway-Setia Jaya,2026-04-25,70
BRT05: SunU-Monash,BRT01: Sunway-Setia Jaya,2026-04-26,46
BRT05: SunU-Monash,BRT01: Sunway-Setia Jaya,2026-04-27,163
BRT05: SunU-Monash,BRT01: Sunway-Setia Jaya,2026-04-28,155
BRT05: SunU-Monash,BRT01: Sunway-Setia Jaya,2026-04-29,191
BRT05: SunU-Monash,BRT01: Sunway-Setia Jaya,2026-04-30,190
BRT05: SunU-Monash,BRT01: Sunway-Setia Jaya,2026-05-01,60
BRT05: SunU-Monash,BRT01: Sunway-Setia Jaya,2026-05-02,81
BRT05: SunU-Monash,BRT01: Sunway-Setia Jaya,2026-05-03,51
BRT05: SunU-Monash,BRT01: Sunway-Setia Jaya,2026-05-04,206
BRT05: SunU-Monash,BRT01: Sunway-Setia Jaya,2026-05-05,197
BRT05: SunU-Monash,BRT01: Sunway-Setia Jaya,2026-05-06,210
BRT05: SunU-Monash,BRT01: Sunway-Setia Jaya,2026-05-07,195
BRT05: SunU-Monash,BRT01: Sunway-Setia Jaya,2026-05-08,154
BRT05: SunU-Monash,BRT01: Sunway-Setia Jaya,2026-05-09,70
BRT05: SunU-Monash,BRT01: Sunway-Setia Jaya,2026-05-10,46
BRT05: SunU-Monash,BRT01: Sunway-Setia Jaya,2026-05-11,237
BRT05: SunU-Monash,BRT01: Sunway-Setia Jaya,2026-05-12,233
BRT05: SunU-Monash,BRT01: Sunway-Setia Jaya,2026-05-13,257
BRT05: SunU-Monash,BRT01: Sunway-Setia Jaya,2026-05-14,204
BRT05: SunU-Monash,BRT01: Sunway-Setia Jaya,2026-05-15,169
BRT05: SunU-Monash,BRT02: Mentari,2026-01-01,37
BRT05: SunU-Monash,BRT02: Mentari,2026-01-02,80
BRT05: SunU-Monash,BRT02: Mentari,2026-01-03,62
BRT05: SunU-Monash,BRT02: Mentari,2026-01-04,41
BRT05: SunU-Monash,BRT02: Mentari,2026-01-05,106
BRT05: SunU-Monash,BRT02: Mentari,2026-01-06,104
BRT05: SunU-Monash,BRT02: Mentari,2026-01-07,136
BRT05: SunU-Monash,BRT02: Mentari,2026-01-08,98
BRT05: SunU-Monash,BRT02: Mentari,2026-01-09,129
BRT05: SunU-Monash,BRT02: Mentari,2026-01-10,77
BRT05: SunU-Monash,BRT02: Mentari,2026-01-11,37
BRT05: SunU-Monash,BRT02: Mentari,2026-01-12,106
BRT05: SunU-Monash,BRT02: Mentari,2026-01-13,97
BRT05: SunU-Monash,BRT02: Mentari,2026-01-14,129
BRT05: SunU-Monash,BRT02: Mentari,2026-01-15,106
BRT05: SunU-Monash,BRT02: Mentari,2026-01-16,129
BRT05: SunU-Monash,BRT02: Mentari,2026-01-17,76
BRT05: SunU-Monash,BRT02: Mentari,2026-01-18,44
BRT05: SunU-Monash,BRT02: Mentari,2026-01-19,99
BRT05: SunU-Monash,BRT02: Mentari,2026-01-20,131
BRT05: SunU-Monash,BRT02: Mentari,2026-01-21,120
BRT05: SunU-Monash,BRT02: Mentari,2026-01-22,137
BRT05: SunU-Monash,BRT02: Mentari,2026-01-23,133
BRT05: SunU-Monash,BRT02: Mentari,2026-01-24,61
BRT05: SunU-Monash,BRT02: Mentari,2026-01-25,30
BRT05: SunU-Monash,BRT02: Mentari,2026-01-26,92
BRT05: SunU-Monash,BRT02: Mentari,2026-01-27,99
BRT05: SunU-Monash,BRT02: Mentari,2026-01-28,120
BRT05: SunU-Monash,BRT02: Mentari,2026-01-29,96
BRT05: SunU-Monash,BRT02: Mentari,2026-01-30,138
BRT05: SunU-Monash,BRT02: Mentari,2026-01-31,72
BRT05: SunU-Monash,BRT02: Mentari,2026-02-01,37
BRT05: SunU-Monash,BRT02: Mentari,2026-02-02,45
BRT05: SunU-Monash,BRT02: Mentari,2026-02-03,118
BRT05: SunU-Monash,BRT02: Mentari,2026-02-04,128
BRT05: SunU-Monash,BRT02: Mentari,2026-02-05,102
BRT05: SunU-Monash,BRT02: Mentari,2026-02-06,127
BRT05: SunU-Monash,BRT02: Mentari,2026-02-07,71
BRT05: SunU-Monash,BRT02: Mentari,2026-02-08,58
BRT05: SunU-Monash,BRT02: Mentari,2026-02-09,114
BRT05: SunU-Monash,BRT02: Mentari,2026-02-10,117
BRT05: SunU-Monash,BRT02: Mentari,2026-02-11,144
BRT05: SunU-Monash,BRT02: Mentari,2026-02-12,101
BRT05: SunU-Monash,BRT02: Mentari,2026-02-13,123
BRT05: SunU-Monash,BRT02: Mentari,2026-02-14,50
BRT05: SunU-Monash,BRT02: Mentari,2026-02-15,43
BRT05: SunU-Monash,BRT02: Mentari,2026-02-16,67
BRT05: SunU-Monash,BRT02: Mentari,2026-02-17,36
BRT05: SunU-Monash,BRT02: Mentari,2026-02-18,38
BRT05: SunU-Monash,BRT02: Mentari,2026-02-19,88
BRT05: SunU-Monash,BRT02: Mentari,2026-02-20,77
BRT05: SunU-Monash,BRT02: Mentari,2026-02-21,57
BRT05: SunU-Monash,BRT02: Mentari,2026-02-22,36
BRT05: SunU-Monash,BRT02: Mentari,2026-02-23,126
BRT05: SunU-Monash,BRT02: Mentari,2026-02-24,133
BRT05: SunU-Monash,BRT02: Mentari,2026-02-25,121
BRT05: SunU-Monash,BRT02: Mentari,2026-02-26,141
BRT05: SunU-Monash,BRT02: Mentari,2026-02-27,178
BRT05: SunU-Monash,BRT02: Mentari,2026-02-28,63
BRT05: SunU-Monash,BRT02: Mentari,2026-03-01,58
BRT05: SunU-Monash,BRT02: Mentari,2026-03-02,200
BRT05: SunU-Monash,BRT02: Mentari,2026-03-03,196
BRT05: SunU-Monash,BRT02: Mentari,2026-03-04,216
BRT05: SunU-Monash,BRT02: Mentari,2026-03-05,227
BRT05: SunU-Monash,BRT02: Mentari,2026-03-06,213
BRT05: SunU-Monash,BRT02: Mentari,2026-03-07,63
BRT05: SunU-Monash,BRT02: Mentari,2026-03-08,45
BRT05: SunU-Monash,BRT02: Mentari,2026-03-09,199
BRT05: SunU-Monash,BRT02: Mentari,2026-03-10,236
BRT05: SunU-Monash,BRT02: Mentari,2026-03-11,196
BRT05: SunU-Monash,BRT02: Mentari,2026-03-12,205
BRT05: SunU-Monash,BRT02: Mentari,2026-03-13,216
BRT05: SunU-Monash,BRT02: Mentari,2026-03-14,79
BRT05: SunU-Monash,BRT02: Mentari,2026-03-15,60
BRT05: SunU-Monash,BRT02: Mentari,2026-03-16,198
BRT05: SunU-Monash,BRT02: Mentari,2026-03-17,192
BRT05: SunU-Monash,BRT02: Mentari,2026-03-18,237
BRT05: SunU-Monash,BRT02: Mentari,2026-03-19,202
BRT05: SunU-Monash,BRT02: Mentari,2026-03-20,116
BRT05: SunU-Monash,BRT02: Mentari,2026-03-21,84
BRT05: SunU-Monash,BRT02: Mentari,2026-03-22,40
BRT05: SunU-Monash,BRT02: Mentari,2026-03-23,38
BRT05: SunU-Monash,BRT02: Mentari,2026-03-24,165
BRT05: SunU-Monash,BRT02: Mentari,2026-03-25,171
BRT05: SunU-Monash,BRT02: Mentari,2026-03-26,159
BRT05: SunU-Monash,BRT02: Mentari,2026-03-27,206
BRT05: SunU-Monash,BRT02: Mentari,2026-03-28,54
BRT05: SunU-Monash,BRT02: Mentari,2026-03-29,55
BRT05: SunU-Monash,BRT02: Mentari,2026-03-30,165
BRT05: SunU-Monash,BRT02: Mentari,2026-03-31,158
BRT05: SunU-Monash,BRT02: Mentari,2026-04-01,194
BRT05: SunU-Monash,BRT02: Mentari,2026-04-02,145
BRT05: SunU-Monash,BRT02: Mentari,2026-04-03,207
BRT05: SunU-Monash,BRT02: Mentari,2026-04-04,71
BRT05: SunU-Monash,BRT02: Mentari,2026-04-05,51
BRT05: SunU-Monash,BRT02: Mentari,2026-04-06,110
BRT05: SunU-Monash,BRT02: Mentari,2026-04-07,97
BRT05: SunU-Monash,BRT02: Mentari,2026-04-08,107
BRT05: SunU-Monash,BRT02: Mentari,2026-04-09,99
BRT05: SunU-Monash,BRT02: Mentari,2026-04-10,144
BRT05: SunU-Monash,BRT02: Mentari,2026-04-11,79
BRT05: SunU-Monash,BRT02: Mentari,2026-04-12,56
BRT05: SunU-Monash,BRT02: Mentari,2026-04-13,156
BRT05: SunU-Monash,BRT02: Mentari,2026-04-14,171
BRT05: SunU-Monash,BRT02: Mentari,2026-04-15,191
BRT05: SunU-Monash,BRT02: Mentari,2026-04-16,169
BRT05: SunU-Monash,BRT02: Mentari,2026-04-17,215
BRT05: SunU-Monash,BRT02: Mentari,2026-04-18,77
BRT05: SunU-Monash,BRT02: Mentari,2026-04-19,52
BRT05: SunU-Monash,BRT02: Mentari,2026-04-20,159
BRT05: SunU-Monash,BRT02: Mentari,2026-04-21,182
BRT05: SunU-Monash,BRT02: Mentari,2026-04-22,183
BRT05: SunU-Monash,BRT02: Mentari,2026-04-23,161
BRT05: SunU-Monash,BRT02: Mentari,2026-04-24,209
BRT05: SunU-Monash,BRT02: Mentari,2026-04-25,95
BRT05: SunU-Monash,BRT02: Mentari,2026-04-26,59
BRT05: SunU-Monash,BRT02: Mentari,2026-04-27,167
BRT05: SunU-Monash,BRT02: Mentari,2026-04-28,193
BRT05: SunU-Monash,BRT02: Mentari,2026-04-29,190
BRT05: SunU-Monash,BRT02: Mentari,2026-04-30,195
BRT05: SunU-Monash,BRT02: Mentari,2026-05-01,123
BRT05: SunU-Monash,BRT02: Mentari,2026-05-02,82
BRT05: SunU-Monash,BRT02: Mentari,2026-05-03,44
BRT05: SunU-Monash,BRT02: Mentari,2026-05-04,187
BRT05: SunU-Monash,BRT02: Mentari,2026-05-05,184
BRT05: SunU-Monash,BRT02: Mentari,2026-05-06,174
BRT05: SunU-Monash,BRT02: Mentari,2026-05-07,188
BRT05: SunU-Monash,BRT02: Mentari,2026-05-08,211
BRT05: SunU-Monash,BRT02: Mentari,2026-05-09,92
BRT05: SunU-Monash,BRT02: Mentari,2026-05-10,69
BRT05: SunU-Monash,BRT02: Mentari,2026-05-11,174
BRT05: SunU-Monash,BRT02: Mentari,2026-05-12,216
BRT05: SunU-Monash,BRT02: Mentari,2026-05-13,194
BRT05: SunU-Monash,BRT02: Mentari,2026-05-14,184
BRT05: SunU-Monash,BRT02: Mentari,2026-05-15,245
BRT05: SunU-Monash,BRT03: Sunway Lagoon,2026-01-01,114
BRT05: SunU-Monash,BRT03: Sunway Lagoon,2026-01-02,161
BRT05: SunU-Monash,BRT03: Sunway Lagoon,2026-01-03,159
BRT05: SunU-Monash,BRT03: Sunway Lagoon,2026-01-04,98
BRT05: SunU-Monash,BRT03: Sunway Lagoon,2026-01-05,204
BRT05: SunU-Monash,BRT03: Sunway Lagoon,2026-01-06,198
BRT05: SunU-Monash,BRT03: Sunway Lagoon,2026-01-07,169
BRT05: SunU-Monash,BRT03: Sunway Lagoon,2026-01-08,176
BRT05: SunU-Monash,BRT03: Sunway Lagoon,2026-01-09,188
BRT05: SunU-Monash,BRT03: Sunway Lagoon,2026-01-10,163
BRT05: SunU-Monash,BRT03: Sunway Lagoon,2026-01-11,91
BRT05: SunU-Monash,BRT03: Sunway Lagoon,2026-01-12,162
BRT05: SunU-Monash,BRT03: Sunway Lagoon,2026-01-13,235
BRT05: SunU-Monash,BRT03: Sunway Lagoon,2026-01-14,199
BRT05: SunU-Monash,BRT03: Sunway Lagoon,2026-01-15,190
BRT05: SunU-Monash,BRT03: Sunway Lagoon,2026-01-16,212
BRT05: SunU-Monash,BRT03: Sunway Lagoon,2026-01-17,221
BRT05: SunU-Monash,BRT03: Sunway Lagoon,2026-01-18,171
BRT05: SunU-Monash,BRT03: Sunway Lagoon,2026-01-19,224
BRT05: SunU-Monash,BRT03: Sunway Lagoon,2026-01-20,228
BRT05: SunU-Monash,BRT03: Sunway Lagoon,2026-01-21,202
BRT05: SunU-Monash,BRT03: Sunway Lagoon,2026-01-22,256
BRT05: SunU-Monash,BRT03: Sunway Lagoon,2026-01-23,229
BRT05: SunU-Monash,BRT03: Sunway Lagoon,2026-01-24,173
BRT05: SunU-Monash,BRT03: Sunway Lagoon,2026-01-25,149
BRT05: SunU-Monash,BRT03: Sunway Lagoon,2026-01-26,172
BRT05: SunU-Monash,BRT03: Sunway Lagoon,2026-01-27,164
BRT05: SunU-Monash,BRT03: Sunway Lagoon,2026-01-28,154
BRT05: SunU-Monash,BRT03: Sunway Lagoon,2026-01-29,173
BRT05: SunU-Monash,BRT03: Sunway Lagoon,2026-01-30,201
BRT05: SunU-Monash,BRT03: Sunway Lagoon,2026-01-31,186
BRT05: SunU-Monash,BRT03: Sunway Lagoon,2026-02-01,176
BRT05: SunU-Monash,BRT03: Sunway Lagoon,2026-02-02,153
BRT05: SunU-Monash,BRT03: Sunway Lagoon,2026-02-03,183
BRT05: SunU-Monash,BRT03: Sunway Lagoon,2026-02-04,180
BRT05: SunU-Monash,BRT03: Sunway Lagoon,2026-02-05,182
BRT05: SunU-Monash,BRT03: Sunway Lagoon,2026-02-06,247
BRT05: SunU-Monash,BRT03: Sunway Lagoon,2026-02-07,297
BRT05: SunU-Monash,BRT03: Sunway Lagoon,2026-02-08,201
BRT05: SunU-Monash,BRT03: Sunway Lagoon,2026-02-09,183
BRT05: SunU-Monash,BRT03: Sunway Lagoon,2026-02-10,220
BRT05: SunU-Monash,BRT03: Sunway Lagoon,2026-02-11,258
BRT05: SunU-Monash,BRT03: Sunway Lagoon,2026-02-12,232
BRT05: SunU-Monash,BRT03: Sunway Lagoon,2026-02-13,251
BRT05: SunU-Monash,BRT03: Sunway Lagoon,2026-02-14,122
BRT05: SunU-Monash,BRT03: Sunway Lagoon,2026-02-15,75
BRT05: SunU-Monash,BRT03: Sunway Lagoon,2026-02-16,124
BRT05: SunU-Monash,BRT03: Sunway Lagoon,2026-02-17,80
BRT05: SunU-Monash,BRT03: Sunway Lagoon,2026-02-18,105
BRT05: SunU-Monash,BRT03: Sunway Lagoon,2026-02-19,130
BRT05: SunU-Monash,BRT03: Sunway Lagoon,2026-02-20,152
BRT05: SunU-Monash,BRT03: Sunway Lagoon,2026-02-21,140
BRT05: SunU-Monash,BRT03: Sunway Lagoon,2026-02-22,93
BRT05: SunU-Monash,BRT03: Sunway Lagoon,2026-02-23,277
BRT05: SunU-Monash,BRT03: Sunway Lagoon,2026-02-24,260
BRT05: SunU-Monash,BRT03: Sunway Lagoon,2026-02-25,287
BRT05: SunU-Monash,BRT03: Sunway Lagoon,2026-02-26,366
BRT05: SunU-Monash,BRT03: Sunway Lagoon,2026-02-27,415
BRT05: SunU-Monash,BRT03: Sunway Lagoon,2026-02-28,320
BRT05: SunU-Monash,BRT03: Sunway Lagoon,2026-03-01,256
BRT05: SunU-Monash,BRT03: Sunway Lagoon,2026-03-02,648
BRT05: SunU-Monash,BRT03: Sunway Lagoon,2026-03-03,580
BRT05: SunU-Monash,BRT03: Sunway Lagoon,2026-03-04,523
BRT05: SunU-Monash,BRT03: Sunway Lagoon,2026-03-05,554
BRT05: SunU-Monash,BRT03: Sunway Lagoon,2026-03-06,491
BRT05: SunU-Monash,BRT03: Sunway Lagoon,2026-03-07,276
BRT05: SunU-Monash,BRT03: Sunway Lagoon,2026-03-08,260
BRT05: SunU-Monash,BRT03: Sunway Lagoon,2026-03-09,515
BRT05: SunU-Monash,BRT03: Sunway Lagoon,2026-03-10,497
BRT05: SunU-Monash,BRT03: Sunway Lagoon,2026-03-11,508
BRT05: SunU-Monash,BRT03: Sunway Lagoon,2026-03-12,456
BRT05: SunU-Monash,BRT03: Sunway Lagoon,2026-03-13,502
BRT05: SunU-Monash,BRT03: Sunway Lagoon,2026-03-14,272
BRT05: SunU-Monash,BRT03: Sunway Lagoon,2026-03-15,195
BRT05: SunU-Monash,BRT03: Sunway Lagoon,2026-03-16,441
BRT05: SunU-Monash,BRT03: Sunway Lagoon,2026-03-17,521
BRT05: SunU-Monash,BRT03: Sunway Lagoon,2026-03-18,474
BRT05: SunU-Monash,BRT03: Sunway Lagoon,2026-03-19,516
BRT05: SunU-Monash,BRT03: Sunway Lagoon,2026-03-20,262
BRT05: SunU-Monash,BRT03: Sunway Lagoon,2026-03-21,156
BRT05: SunU-Monash,BRT03: Sunway Lagoon,2026-03-22,161
BRT05: SunU-Monash,BRT03: Sunway Lagoon,2026-03-23,194
BRT05: SunU-Monash,BRT03: Sunway Lagoon,2026-03-24,362
BRT05: SunU-Monash,BRT03: Sunway Lagoon,2026-03-25,374
BRT05: SunU-Monash,BRT03: Sunway Lagoon,2026-03-26,367
BRT05: SunU-Monash,BRT03: Sunway Lagoon,2026-03-27,411
BRT05: SunU-Monash,BRT03: Sunway Lagoon,2026-03-28,244
BRT05: SunU-Monash,BRT03: Sunway Lagoon,2026-03-29,184
BRT05: SunU-Monash,BRT03: Sunway Lagoon,2026-03-30,388
BRT05: SunU-Monash,BRT03: Sunway Lagoon,2026-03-31,442
BRT05: SunU-Monash,BRT03: Sunway Lagoon,2026-04-01,443
BRT05: SunU-Monash,BRT03: Sunway Lagoon,2026-04-02,449
BRT05: SunU-Monash,BRT03: Sunway Lagoon,2026-04-03,462
BRT05: SunU-Monash,BRT03: Sunway Lagoon,2026-04-04,223
BRT05: SunU-Monash,BRT03: Sunway Lagoon,2026-04-05,134
BRT05: SunU-Monash,BRT03: Sunway Lagoon,2026-04-06,210
BRT05: SunU-Monash,BRT03: Sunway Lagoon,2026-04-07,264
BRT05: SunU-Monash,BRT03: Sunway Lagoon,2026-04-08,219
BRT05: SunU-Monash,BRT03: Sunway Lagoon,2026-04-09,216
BRT05: SunU-Monash,BRT03: Sunway Lagoon,2026-04-10,311
BRT05: SunU-Monash,BRT03: Sunway Lagoon,2026-04-11,444
BRT05: SunU-Monash,BRT03: Sunway Lagoon,2026-04-12,262
BRT05: SunU-Monash,BRT03: Sunway Lagoon,2026-04-13,360
BRT05: SunU-Monash,BRT03: Sunway Lagoon,2026-04-14,370
BRT05: SunU-Monash,BRT03: Sunway Lagoon,2026-04-15,403
BRT05: SunU-Monash,BRT03: Sunway Lagoon,2026-04-16,395
BRT05: SunU-Monash,BRT03: Sunway Lagoon,2026-04-17,423
BRT05: SunU-Monash,BRT03: Sunway Lagoon,2026-04-18,355
BRT05: SunU-Monash,BRT03: Sunway Lagoon,2026-04-19,225
BRT05: SunU-Monash,BRT03: Sunway Lagoon,2026-04-20,352
BRT05: SunU-Monash,BRT03: Sunway Lagoon,2026-04-21,385
BRT05: SunU-Monash,BRT03: Sunway Lagoon,2026-04-22,380
BRT05: SunU-Monash,BRT03: Sunway Lagoon,2026-04-23,410
BRT05: SunU-Monash,BRT03: Sunway Lagoon,2026-04-24,438
BRT05: SunU-Monash,BRT03: Sunway Lagoon,2026-04-25,246
BRT05: SunU-Monash,BRT03: Sunway Lagoon,2026-04-26,139
BRT05: SunU-Monash,BRT03: Sunway Lagoon,2026-04-27,374
BRT05: SunU-Monash,BRT03: Sunway Lagoon,2026-04-28,366
BRT05: SunU-Monash,BRT03: Sunway Lagoon,2026-04-29,446
BRT05: SunU-Monash,BRT03: Sunway Lagoon,2026-04-30,534
BRT05: SunU-Monash,BRT03: Sunway Lagoon,2026-05-01,248
BRT05: SunU-Monash,BRT03: Sunway Lagoon,2026-05-02,239
BRT05: SunU-Monash,BRT03: Sunway Lagoon,2026-05-03,180
BRT05: SunU-Monash,BRT03: Sunway Lagoon,2026-05-04,423
BRT05: SunU-Monash,BRT03: Sunway Lagoon,2026-05-05,412
BRT05: SunU-Monash,BRT03: Sunway Lagoon,2026-05-06,451
BRT05: SunU-Monash,BRT03: Sunway Lagoon,2026-05-07,479
BRT05: SunU-Monash,BRT03: Sunway Lagoon,2026-05-08,420
BRT05: SunU-Monash,BRT03: Sunway Lagoon,2026-05-09,316
BRT05: SunU-Monash,BRT03: Sunway Lagoon,2026-05-10,220
BRT05: SunU-Monash,BRT03: Sunway Lagoon,2026-05-11,397
BRT05: SunU-Monash,BRT03: Sunway Lagoon,2026-05-12,397
BRT05: SunU-Monash,BRT03: Sunway Lagoon,2026-05-13,399
BRT05: SunU-Monash,BRT03: Sunway Lagoon,2026-05-14,446
BRT05: SunU-Monash,BRT03: Sunway Lagoon,2026-05-15,447
BRT05: SunU-Monash,BRT04: SunMed,2026-01-01,145
BRT05: SunU-Monash,BRT04: SunMed,2026-01-02,263
BRT05: SunU-Monash,BRT04: SunMed,2026-01-03,176
BRT05: SunU-Monash,BRT04: SunMed,2026-01-04,148
BRT05: SunU-Monash,BRT04: SunMed,2026-01-05,394
BRT05: SunU-Monash,BRT04: SunMed,2026-01-06,410
BRT05: SunU-Monash,BRT04: SunMed,2026-01-07,415
BRT05: SunU-Monash,BRT04: SunMed,2026-01-08,370
BRT05: SunU-Monash,BRT04: SunMed,2026-01-09,335
BRT05: SunU-Monash,BRT04: SunMed,2026-01-10,155
BRT05: SunU-Monash,BRT04: SunMed,2026-01-11,142
BRT05: SunU-Monash,BRT04: SunMed,2026-01-12,354
BRT05: SunU-Monash,BRT04: SunMed,2026-01-13,432
BRT05: SunU-Monash,BRT04: SunMed,2026-01-14,387
BRT05: SunU-Monash,BRT04: SunMed,2026-01-15,354
BRT05: SunU-Monash,BRT04: SunMed,2026-01-16,306
BRT05: SunU-Monash,BRT04: SunMed,2026-01-17,227
BRT05: SunU-Monash,BRT04: SunMed,2026-01-18,151
BRT05: SunU-Monash,BRT04: SunMed,2026-01-19,386
BRT05: SunU-Monash,BRT04: SunMed,2026-01-20,363
BRT05: SunU-Monash,BRT04: SunMed,2026-01-21,315
BRT05: SunU-Monash,BRT04: SunMed,2026-01-22,346
BRT05: SunU-Monash,BRT04: SunMed,2026-01-23,306
BRT05: SunU-Monash,BRT04: SunMed,2026-01-24,163
BRT05: SunU-Monash,BRT04: SunMed,2026-01-25,108
BRT05: SunU-Monash,BRT04: SunMed,2026-01-26,252
BRT05: SunU-Monash,BRT04: SunMed,2026-01-27,274
BRT05: SunU-Monash,BRT04: SunMed,2026-01-28,280
BRT05: SunU-Monash,BRT04: SunMed,2026-01-29,285
BRT05: SunU-Monash,BRT04: SunMed,2026-01-30,237
BRT05: SunU-Monash,BRT04: SunMed,2026-01-31,184
BRT05: SunU-Monash,BRT04: SunMed,2026-02-01,116
BRT05: SunU-Monash,BRT04: SunMed,2026-02-02,116
BRT05: SunU-Monash,BRT04: SunMed,2026-02-03,309
BRT05: SunU-Monash,BRT04: SunMed,2026-02-04,286
BRT05: SunU-Monash,BRT04: SunMed,2026-02-05,274
BRT05: SunU-Monash,BRT04: SunMed,2026-02-06,303
BRT05: SunU-Monash,BRT04: SunMed,2026-02-07,180
BRT05: SunU-Monash,BRT04: SunMed,2026-02-08,120
BRT05: SunU-Monash,BRT04: SunMed,2026-02-09,282
BRT05: SunU-Monash,BRT04: SunMed,2026-02-10,334
BRT05: SunU-Monash,BRT04: SunMed,2026-02-11,316
BRT05: SunU-Monash,BRT04: SunMed,2026-02-12,307
BRT05: SunU-Monash,BRT04: SunMed,2026-02-13,225
BRT05: SunU-Monash,BRT04: SunMed,2026-02-14,151
BRT05: SunU-Monash,BRT04: SunMed,2026-02-15,69
BRT05: SunU-Monash,BRT04: SunMed,2026-02-16,164
BRT05: SunU-Monash,BRT04: SunMed,2026-02-17,58
BRT05: SunU-Monash,BRT04: SunMed,2026-02-18,78
BRT05: SunU-Monash,BRT04: SunMed,2026-02-19,168
BRT05: SunU-Monash,BRT04: SunMed,2026-02-20,181
BRT05: SunU-Monash,BRT04: SunMed,2026-02-21,95
BRT05: SunU-Monash,BRT04: SunMed,2026-02-22,84
BRT05: SunU-Monash,BRT04: SunMed,2026-02-23,353
BRT05: SunU-Monash,BRT04: SunMed,2026-02-24,375
BRT05: SunU-Monash,BRT04: SunMed,2026-02-25,371
BRT05: SunU-Monash,BRT04: SunMed,2026-02-26,424
BRT05: SunU-Monash,BRT04: SunMed,2026-02-27,364
BRT05: SunU-Monash,BRT04: SunMed,2026-02-28,203
BRT05: SunU-Monash,BRT04: SunMed,2026-03-01,190
BRT05: SunU-Monash,BRT04: SunMed,2026-03-02,939
BRT05: SunU-Monash,BRT04: SunMed,2026-03-03,876
BRT05: SunU-Monash,BRT04: SunMed,2026-03-04,843
BRT05: SunU-Monash,BRT04: SunMed,2026-03-05,828
BRT05: SunU-Monash,BRT04: SunMed,2026-03-06,617
BRT05: SunU-Monash,BRT04: SunMed,2026-03-07,213
BRT05: SunU-Monash,BRT04: SunMed,2026-03-08,184
BRT05: SunU-Monash,BRT04: SunMed,2026-03-09,779
BRT05: SunU-Monash,BRT04: SunMed,2026-03-10,795
BRT05: SunU-Monash,BRT04: SunMed,2026-03-11,771
BRT05: SunU-Monash,BRT04: SunMed,2026-03-12,788
BRT05: SunU-Monash,BRT04: SunMed,2026-03-13,614
BRT05: SunU-Monash,BRT04: SunMed,2026-03-14,227
BRT05: SunU-Monash,BRT04: SunMed,2026-03-15,220
BRT05: SunU-Monash,BRT04: SunMed,2026-03-16,765
BRT05: SunU-Monash,BRT04: SunMed,2026-03-17,828
BRT05: SunU-Monash,BRT04: SunMed,2026-03-18,799
BRT05: SunU-Monash,BRT04: SunMed,2026-03-19,655
BRT05: SunU-Monash,BRT04: SunMed,2026-03-20,191
BRT05: SunU-Monash,BRT04: SunMed,2026-03-21,188
BRT05: SunU-Monash,BRT04: SunMed,2026-03-22,169
BRT05: SunU-Monash,BRT04: SunMed,2026-03-23,163
BRT05: SunU-Monash,BRT04: SunMed,2026-03-24,709
BRT05: SunU-Monash,BRT04: SunMed,2026-03-25,761
BRT05: SunU-Monash,BRT04: SunMed,2026-03-26,683
BRT05: SunU-Monash,BRT04: SunMed,2026-03-27,552
BRT05: SunU-Monash,BRT04: SunMed,2026-03-28,228
BRT05: SunU-Monash,BRT04: SunMed,2026-03-29,184
BRT05: SunU-Monash,BRT04: SunMed,2026-03-30,635
BRT05: SunU-Monash,BRT04: SunMed,2026-03-31,728
BRT05: SunU-Monash,BRT04: SunMed,2026-04-01,683
BRT05: SunU-Monash,BRT04: SunMed,2026-04-02,578
BRT05: SunU-Monash,BRT04: SunMed,2026-04-03,515
BRT05: SunU-Monash,BRT04: SunMed,2026-04-04,181
BRT05: SunU-Monash,BRT04: SunMed,2026-04-05,158
BRT05: SunU-Monash,BRT04: SunMed,2026-04-06,272
BRT05: SunU-Monash,BRT04: SunMed,2026-04-07,311
BRT05: SunU-Monash,BRT04: SunMed,2026-04-08,318
BRT05: SunU-Monash,BRT04: SunMed,2026-04-09,305
BRT05: SunU-Monash,BRT04: SunMed,2026-04-10,298
BRT05: SunU-Monash,BRT04: SunMed,2026-04-11,210
BRT05: SunU-Monash,BRT04: SunMed,2026-04-12,177
BRT05: SunU-Monash,BRT04: SunMed,2026-04-13,698
BRT05: SunU-Monash,BRT04: SunMed,2026-04-14,752
BRT05: SunU-Monash,BRT04: SunMed,2026-04-15,766
BRT05: SunU-Monash,BRT04: SunMed,2026-04-16,723
BRT05: SunU-Monash,BRT04: SunMed,2026-04-17,562
BRT05: SunU-Monash,BRT04: SunMed,2026-04-18,235
BRT05: SunU-Monash,BRT04: SunMed,2026-04-19,160
BRT05: SunU-Monash,BRT04: SunMed,2026-04-20,714
BRT05: SunU-Monash,BRT04: SunMed,2026-04-21,715
BRT05: SunU-Monash,BRT04: SunMed,2026-04-22,726
BRT05: SunU-Monash,BRT04: SunMed,2026-04-23,724
BRT05: SunU-Monash,BRT04: SunMed,2026-04-24,536
BRT05: SunU-Monash,BRT04: SunMed,2026-04-25,223
BRT05: SunU-Monash,BRT04: SunMed,2026-04-26,221
BRT05: SunU-Monash,BRT04: SunMed,2026-04-27,679
BRT05: SunU-Monash,BRT04: SunMed,2026-04-28,723
BRT05: SunU-Monash,BRT04: SunMed,2026-04-29,742
BRT05: SunU-Monash,BRT04: SunMed,2026-04-30,780
BRT05: SunU-Monash,BRT04: SunMed,2026-05-01,241
BRT05: SunU-Monash,BRT04: SunMed,2026-05-02,252
BRT05: SunU-Monash,BRT04: SunMed,2026-05-03,188
BRT05: SunU-Monash,BRT04: SunMed,2026-05-04,686
BRT05: SunU-Monash,BRT04: SunMed,2026-05-05,739
BRT05: SunU-Monash,BRT04: SunMed,2026-05-06,744
BRT05: SunU-Monash,BRT04: SunMed,2026-05-07,706
BRT05: SunU-Monash,BRT04: SunMed,2026-05-08,566
BRT05: SunU-Monash,BRT04: SunMed,2026-05-09,253
BRT05: SunU-Monash,BRT04: SunMed,2026-05-10,203
BRT05: SunU-Monash,BRT04: SunMed,2026-05-11,722
BRT05: SunU-Monash,BRT04: SunMed,2026-05-12,619
BRT05: SunU-Monash,BRT04: SunMed,2026-05-13,695
BRT05: SunU-Monash,BRT04: SunMed,2026-05-14,714
BRT05: SunU-Monash,BRT04: SunMed,2026-05-15,586
BRT05: SunU-Monash,BRT05: SunU-Monash,2026-01-01,117
BRT05: SunU-Monash,BRT05: SunU-Monash,2026-01-02,112
BRT05: SunU-Monash,BRT05: SunU-Monash,2026-01-03,101
BRT05: SunU-Monash,BRT05: SunU-Monash,2026-01-04,107
BRT05: SunU-Monash,BRT05: SunU-Monash,2026-01-05,120
BRT05: SunU-Monash,BRT05: SunU-Monash,2026-01-06,124
BRT05: SunU-Monash,BRT05: SunU-Monash,2026-01-07,110
BRT05: SunU-Monash,BRT05: SunU-Monash,2026-01-08,133
BRT05: SunU-Monash,BRT05: SunU-Monash,2026-01-09,117
BRT05: SunU-Monash,BRT05: SunU-Monash,2026-01-10,119
BRT05: SunU-Monash,BRT05: SunU-Monash,2026-01-11,129
BRT05: SunU-Monash,BRT05: SunU-Monash,2026-01-12,128
BRT05: SunU-Monash,BRT05: SunU-Monash,2026-01-13,101
BRT05: SunU-Monash,BRT05: SunU-Monash,2026-01-14,117
BRT05: SunU-Monash,BRT05: SunU-Monash,2026-01-15,140
BRT05: SunU-Monash,BRT05: SunU-Monash,2026-01-16,127
BRT05: SunU-Monash,BRT05: SunU-Monash,2026-01-17,143
BRT05: SunU-Monash,BRT05: SunU-Monash,2026-01-18,140
BRT05: SunU-Monash,BRT05: SunU-Monash,2026-01-19,123
BRT05: SunU-Monash,BRT05: SunU-Monash,2026-01-20,129
BRT05: SunU-Monash,BRT05: SunU-Monash,2026-01-21,134
BRT05: SunU-Monash,BRT05: SunU-Monash,2026-01-22,128
BRT05: SunU-Monash,BRT05: SunU-Monash,2026-01-23,133
BRT05: SunU-Monash,BRT05: SunU-Monash,2026-01-24,135
BRT05: SunU-Monash,BRT05: SunU-Monash,2026-01-25,122
BRT05: SunU-Monash,BRT05: SunU-Monash,2026-01-26,161
BRT05: SunU-Monash,BRT05: SunU-Monash,2026-01-27,134
BRT05: SunU-Monash,BRT05: SunU-Monash,2026-01-28,135
BRT05: SunU-Monash,BRT05: SunU-Monash,2026-01-29,141
BRT05: SunU-Monash,BRT05: SunU-Monash,2026-01-30,149
BRT05: SunU-Monash,BRT05: SunU-Monash,2026-01-31,138
BRT05: SunU-Monash,BRT05: SunU-Monash,2026-02-01,129
BRT05: SunU-Monash,BRT05: SunU-Monash,2026-02-02,119
BRT05: SunU-Monash,BRT05: SunU-Monash,2026-02-03,141
BRT05: SunU-Monash,BRT05: SunU-Monash,2026-02-04,122
BRT05: SunU-Monash,BRT05: SunU-Monash,2026-02-05,148
BRT05: SunU-Monash,BRT05: SunU-Monash,2026-02-06,146
BRT05: SunU-Monash,BRT05: SunU-Monash,2026-02-07,140
BRT05: SunU-Monash,BRT05: SunU-Monash,2026-02-08,123
BRT05: SunU-Monash,BRT05: SunU-Monash,2026-02-09,147
BRT05: SunU-Monash,BRT05: SunU-Monash,2026-02-10,173
BRT05: SunU-Monash,BRT05: SunU-Monash,2026-02-11,156
BRT05: SunU-Monash,BRT05: SunU-Monash,2026-02-12,171
BRT05: SunU-Monash,BRT05: SunU-Monash,2026-02-13,139
BRT05: SunU-Monash,BRT05: SunU-Monash,2026-02-14,130
BRT05: SunU-Monash,BRT05: SunU-Monash,2026-02-15,115
BRT05: SunU-Monash,BRT05: SunU-Monash,2026-02-16,123
BRT05: SunU-Monash,BRT05: SunU-Monash,2026-02-17,108
BRT05: SunU-Monash,BRT05: SunU-Monash,2026-02-18,148
BRT05: SunU-Monash,BRT05: SunU-Monash,2026-02-19,145
BRT05: SunU-Monash,BRT05: SunU-Monash,2026-02-20,104
BRT05: SunU-Monash,BRT05: SunU-Monash,2026-02-21,132
BRT05: SunU-Monash,BRT05: SunU-Monash,2026-02-22,121
BRT05: SunU-Monash,BRT05: SunU-Monash,2026-02-23,144
BRT05: SunU-Monash,BRT05: SunU-Monash,2026-02-24,138
BRT05: SunU-Monash,BRT05: SunU-Monash,2026-02-25,163
BRT05: SunU-Monash,BRT05: SunU-Monash,2026-02-26,132
BRT05: SunU-Monash,BRT05: SunU-Monash,2026-02-27,155
BRT05: SunU-Monash,BRT05: SunU-Monash,2026-02-28,123
BRT05: SunU-Monash,BRT05: SunU-Monash,2026-03-01,129
BRT05: SunU-Monash,BRT05: SunU-Monash,2026-03-02,168
BRT05: SunU-Monash,BRT05: SunU-Monash,2026-03-03,182
BRT05: SunU-Monash,BRT05: SunU-Monash,2026-03-04,152
BRT05: SunU-Monash,BRT05: SunU-Monash,2026-03-05,175
BRT05: SunU-Monash,BRT05: SunU-Monash,2026-03-06,148
BRT05: SunU-Monash,BRT05: SunU-Monash,2026-03-07,138
BRT05: SunU-Monash,BRT05: SunU-Monash,2026-03-08,133
BRT05: SunU-Monash,BRT05: SunU-Monash,2026-03-09,141
BRT05: SunU-Monash,BRT05: SunU-Monash,2026-03-10,151
BRT05: SunU-Monash,BRT05: SunU-Monash,2026-03-11,130
BRT05: SunU-Monash,BRT05: SunU-Monash,2026-03-12,133
BRT05: SunU-Monash,BRT05: SunU-Monash,2026-03-13,148
BRT05: SunU-Monash,BRT05: SunU-Monash,2026-03-14,156
BRT05: SunU-Monash,BRT05: SunU-Monash,2026-03-15,129
BRT05: SunU-Monash,BRT05: SunU-Monash,2026-03-16,127
BRT05: SunU-Monash,BRT05: SunU-Monash,2026-03-17,146
BRT05: SunU-Monash,BRT05: SunU-Monash,2026-03-18,149
BRT05: SunU-Monash,BRT05: SunU-Monash,2026-03-19,117
BRT05: SunU-Monash,BRT05: SunU-Monash,2026-03-20,98
BRT05: SunU-Monash,BRT05: SunU-Monash,2026-03-21,88
BRT05: SunU-Monash,BRT05: SunU-Monash,2026-03-22,97
BRT05: SunU-Monash,BRT05: SunU-Monash,2026-03-23,96
BRT05: SunU-Monash,BRT05: SunU-Monash,2026-03-24,115
BRT05: SunU-Monash,BRT05: SunU-Monash,2026-03-25,97
BRT05: SunU-Monash,BRT05: SunU-Monash,2026-03-26,112
BRT05: SunU-Monash,BRT05: SunU-Monash,2026-03-27,126
BRT05: SunU-Monash,BRT05: SunU-Monash,2026-03-28,126
BRT05: SunU-Monash,BRT05: SunU-Monash,2026-03-29,128
BRT05: SunU-Monash,BRT05: SunU-Monash,2026-03-30,126
BRT05: SunU-Monash,BRT05: SunU-Monash,2026-03-31,157
BRT05: SunU-Monash,BRT05: SunU-Monash,2026-04-01,140
BRT05: SunU-Monash,BRT05: SunU-Monash,2026-04-02,148
BRT05: SunU-Monash,BRT05: SunU-Monash,2026-04-03,145
BRT05: SunU-Monash,BRT05: SunU-Monash,2026-04-04,129
BRT05: SunU-Monash,BRT05: SunU-Monash,2026-04-05,116
BRT05: SunU-Monash,BRT05: SunU-Monash,2026-04-06,135
BRT05: SunU-Monash,BRT05: SunU-Monash,2026-04-07,150
BRT05: SunU-Monash,BRT05: SunU-Monash,2026-04-08,120
BRT05: SunU-Monash,BRT05: SunU-Monash,2026-04-09,113
BRT05: SunU-Monash,BRT05: SunU-Monash,2026-04-10,140
BRT05: SunU-Monash,BRT05: SunU-Monash,2026-04-11,131
BRT05: SunU-Monash,BRT05: SunU-Monash,2026-04-12,109
BRT05: SunU-Monash,BRT05: SunU-Monash,2026-04-13,158
BRT05: SunU-Monash,BRT05: SunU-Monash,2026-04-14,128
BRT05: SunU-Monash,BRT05: SunU-Monash,2026-04-15,155
BRT05: SunU-Monash,BRT05: SunU-Monash,2026-04-16,165
BRT05: SunU-Monash,BRT05: SunU-Monash,2026-04-17,176
BRT05: SunU-Monash,BRT05: SunU-Monash,2026-04-18,177
BRT05: SunU-Monash,BRT05: SunU-Monash,2026-04-19,128
BRT05: SunU-Monash,BRT05: SunU-Monash,2026-04-20,161
BRT05: SunU-Monash,BRT05: SunU-Monash,2026-04-21,158
BRT05: SunU-Monash,BRT05: SunU-Monash,2026-04-22,144
BRT05: SunU-Monash,BRT05: SunU-Monash,2026-04-23,116
BRT05: SunU-Monash,BRT05: SunU-Monash,2026-04-24,123
BRT05: SunU-Monash,BRT05: SunU-Monash,2026-04-25,138
BRT05: SunU-Monash,BRT05: SunU-Monash,2026-04-26,115
BRT05: SunU-Monash,BRT05: SunU-Monash,2026-04-27,144
BRT05: SunU-Monash,BRT05: SunU-Monash,2026-04-28,158
BRT05: SunU-Monash,BRT05: SunU-Monash,2026-04-29,143
BRT05: SunU-Monash,BRT05: SunU-Monash,2026-04-30,169
BRT05: SunU-Monash,BRT05: SunU-Monash,2026-05-01,139
BRT05: SunU-Monash,BRT05: SunU-Monash,2026-05-02,138
BRT05: SunU-Monash,BRT05: SunU-Monash,2026-05-03,134
BRT05: SunU-Monash,BRT05: SunU-Monash,2026-05-04,139
BRT05: SunU-Monash,BRT05: SunU-Monash,2026-05-05,145
BRT05: SunU-Monash,BRT05: SunU-Monash,2026-05-06,144
BRT05: SunU-Monash,BRT05: SunU-Monash,2026-05-07,149
BRT05: SunU-Monash,BRT05: SunU-Monash,2026-05-08,150
BRT05: SunU-Monash,BRT05: SunU-Monash,2026-05-09,122
BRT05: SunU-Monash,BRT05: SunU-Monash,2026-05-10,111
BRT05: SunU-Monash,BRT05: SunU-Monash,2026-05-11,137
BRT05: SunU-Monash,BRT05: SunU-Monash,2026-05-12,133
BRT05: SunU-Monash,BRT05: SunU-Monash,2026-05-13,144
BRT05: SunU-Monash,BRT05: SunU-Monash,2026-05-14,158
BRT05: SunU-Monash,BRT05: SunU-Monash,2026-05-15,177
BRT05: SunU-Monash,BRT06: South Quay-USJ 1,2026-01-01,145
BRT05: SunU-Monash,BRT06: South Quay-USJ 1,2026-01-02,246
BRT05: SunU-Monash,BRT06: South Quay-USJ 1,2026-01-03,173
BRT05: SunU-Monash,BRT06: South Quay-USJ 1,2026-01-04,179
BRT05: SunU-Monash,BRT06: South Quay-USJ 1,2026-01-05,384
BRT05: SunU-Monash,BRT06: South Quay-USJ 1,2026-01-06,364
BRT05: SunU-Monash,BRT06: South Quay-USJ 1,2026-01-07,445
BRT05: SunU-Monash,BRT06: South Quay-USJ 1,2026-01-08,404
BRT05: SunU-Monash,BRT06: South Quay-USJ 1,2026-01-09,330
BRT05: SunU-Monash,BRT06: South Quay-USJ 1,2026-01-10,305
BRT05: SunU-Monash,BRT06: South Quay-USJ 1,2026-01-11,178
BRT05: SunU-Monash,BRT06: South Quay-USJ 1,2026-01-12,439
BRT05: SunU-Monash,BRT06: South Quay-USJ 1,2026-01-13,414
BRT05: SunU-Monash,BRT06: South Quay-USJ 1,2026-01-14,474
BRT05: SunU-Monash,BRT06: South Quay-USJ 1,2026-01-15,451
BRT05: SunU-Monash,BRT06: South Quay-USJ 1,2026-01-16,412
BRT05: SunU-Monash,BRT06: South Quay-USJ 1,2026-01-17,261
BRT05: SunU-Monash,BRT06: South Quay-USJ 1,2026-01-18,211
BRT05: SunU-Monash,BRT06: South Quay-USJ 1,2026-01-19,453
BRT05: SunU-Monash,BRT06: South Quay-USJ 1,2026-01-20,462
BRT05: SunU-Monash,BRT06: South Quay-USJ 1,2026-01-21,449
BRT05: SunU-Monash,BRT06: South Quay-USJ 1,2026-01-22,456
BRT05: SunU-Monash,BRT06: South Quay-USJ 1,2026-01-23,404
BRT05: SunU-Monash,BRT06: South Quay-USJ 1,2026-01-24,264
BRT05: SunU-Monash,BRT06: South Quay-USJ 1,2026-01-25,224
BRT05: SunU-Monash,BRT06: South Quay-USJ 1,2026-01-26,474
BRT05: SunU-Monash,BRT06: South Quay-USJ 1,2026-01-27,462
BRT05: SunU-Monash,BRT06: South Quay-USJ 1,2026-01-28,437
BRT05: SunU-Monash,BRT06: South Quay-USJ 1,2026-01-29,447
BRT05: SunU-Monash,BRT06: South Quay-USJ 1,2026-01-30,427
BRT05: SunU-Monash,BRT06: South Quay-USJ 1,2026-01-31,235
BRT05: SunU-Monash,BRT06: South Quay-USJ 1,2026-02-01,193
BRT05: SunU-Monash,BRT06: South Quay-USJ 1,2026-02-02,275
BRT05: SunU-Monash,BRT06: South Quay-USJ 1,2026-02-03,578
BRT05: SunU-Monash,BRT06: South Quay-USJ 1,2026-02-04,510
BRT05: SunU-Monash,BRT06: South Quay-USJ 1,2026-02-05,587
BRT05: SunU-Monash,BRT06: South Quay-USJ 1,2026-02-06,554
BRT05: SunU-Monash,BRT06: South Quay-USJ 1,2026-02-07,279
BRT05: SunU-Monash,BRT06: South Quay-USJ 1,2026-02-08,236
BRT05: SunU-Monash,BRT06: South Quay-USJ 1,2026-02-09,584
BRT05: SunU-Monash,BRT06: South Quay-USJ 1,2026-02-10,625
BRT05: SunU-Monash,BRT06: South Quay-USJ 1,2026-02-11,548
BRT05: SunU-Monash,BRT06: South Quay-USJ 1,2026-02-12,599
BRT05: SunU-Monash,BRT06: South Quay-USJ 1,2026-02-13,542
BRT05: SunU-Monash,BRT06: South Quay-USJ 1,2026-02-14,212
BRT05: SunU-Monash,BRT06: South Quay-USJ 1,2026-02-15,173
BRT05: SunU-Monash,BRT06: South Quay-USJ 1,2026-02-16,216
BRT05: SunU-Monash,BRT06: South Quay-USJ 1,2026-02-17,189
BRT05: SunU-Monash,BRT06: South Quay-USJ 1,2026-02-18,157
BRT05: SunU-Monash,BRT06: South Quay-USJ 1,2026-02-19,212
BRT05: SunU-Monash,BRT06: South Quay-USJ 1,2026-02-20,244
BRT05: SunU-Monash,BRT06: South Quay-USJ 1,2026-02-21,229
BRT05: SunU-Monash,BRT06: South Quay-USJ 1,2026-02-22,155
BRT05: SunU-Monash,BRT06: South Quay-USJ 1,2026-02-23,588
BRT05: SunU-Monash,BRT06: South Quay-USJ 1,2026-02-24,690
BRT05: SunU-Monash,BRT06: South Quay-USJ 1,2026-02-25,669
BRT05: SunU-Monash,BRT06: South Quay-USJ 1,2026-02-26,682
BRT05: SunU-Monash,BRT06: South Quay-USJ 1,2026-02-27,679
BRT05: SunU-Monash,BRT06: South Quay-USJ 1,2026-02-28,353
BRT05: SunU-Monash,BRT06: South Quay-USJ 1,2026-03-01,364
BRT05: SunU-Monash,BRT06: South Quay-USJ 1,2026-03-02,1082
BRT05: SunU-Monash,BRT06: South Quay-USJ 1,2026-03-03,1214
BRT05: SunU-Monash,BRT06: South Quay-USJ 1,2026-03-04,1197
BRT05: SunU-Monash,BRT06: South Quay-USJ 1,2026-03-05,1134
BRT05: SunU-Monash,BRT06: South Quay-USJ 1,2026-03-06,958
BRT05: SunU-Monash,BRT06: South Quay-USJ 1,2026-03-07,371
BRT05: SunU-Monash,BRT06: South Quay-USJ 1,2026-03-08,356
BRT05: SunU-Monash,BRT06: South Quay-USJ 1,2026-03-09,1075
BRT05: SunU-Monash,BRT06: South Quay-USJ 1,2026-03-10,1174
BRT05: SunU-Monash,BRT06: South Quay-USJ 1,2026-03-11,1113
BRT05: SunU-Monash,BRT06: South Quay-USJ 1,2026-03-12,1119
BRT05: SunU-Monash,BRT06: South Quay-USJ 1,2026-03-13,913
BRT05: SunU-Monash,BRT06: South Quay-USJ 1,2026-03-14,457
BRT05: SunU-Monash,BRT06: South Quay-USJ 1,2026-03-15,312
BRT05: SunU-Monash,BRT06: South Quay-USJ 1,2026-03-16,1158
BRT05: SunU-Monash,BRT06: South Quay-USJ 1,2026-03-17,1177
BRT05: SunU-Monash,BRT06: South Quay-USJ 1,2026-03-18,1154
BRT05: SunU-Monash,BRT06: South Quay-USJ 1,2026-03-19,1032
BRT05: SunU-Monash,BRT06: South Quay-USJ 1,2026-03-20,284
BRT05: SunU-Monash,BRT06: South Quay-USJ 1,2026-03-21,275
BRT05: SunU-Monash,BRT06: South Quay-USJ 1,2026-03-22,239
BRT05: SunU-Monash,BRT06: South Quay-USJ 1,2026-03-23,287
BRT05: SunU-Monash,BRT06: South Quay-USJ 1,2026-03-24,895
BRT05: SunU-Monash,BRT06: South Quay-USJ 1,2026-03-25,893
BRT05: SunU-Monash,BRT06: South Quay-USJ 1,2026-03-26,839
BRT05: SunU-Monash,BRT06: South Quay-USJ 1,2026-03-27,755
BRT05: SunU-Monash,BRT06: South Quay-USJ 1,2026-03-28,350
BRT05: SunU-Monash,BRT06: South Quay-USJ 1,2026-03-29,283
BRT05: SunU-Monash,BRT06: South Quay-USJ 1,2026-03-30,913
BRT05: SunU-Monash,BRT06: South Quay-USJ 1,2026-03-31,972
BRT05: SunU-Monash,BRT06: South Quay-USJ 1,2026-04-01,1016
BRT05: SunU-Monash,BRT06: South Quay-USJ 1,2026-04-02,895
BRT05: SunU-Monash,BRT06: South Quay-USJ 1,2026-04-03,784
BRT05: SunU-Monash,BRT06: South Quay-USJ 1,2026-04-04,368
BRT05: SunU-Monash,BRT06: South Quay-USJ 1,2026-04-05,297
BRT05: SunU-Monash,BRT06: South Quay-USJ 1,2026-04-06,498
BRT05: SunU-Monash,BRT06: South Quay-USJ 1,2026-04-07,520
BRT05: SunU-Monash,BRT06: South Quay-USJ 1,2026-04-08,471
BRT05: SunU-Monash,BRT06: South Quay-USJ 1,2026-04-09,575
BRT05: SunU-Monash,BRT06: South Quay-USJ 1,2026-04-10,523
BRT05: SunU-Monash,BRT06: South Quay-USJ 1,2026-04-11,374
BRT05: SunU-Monash,BRT06: South Quay-USJ 1,2026-04-12,364
BRT05: SunU-Monash,BRT06: South Quay-USJ 1,2026-04-13,849
BRT05: SunU-Monash,BRT06: South Quay-USJ 1,2026-04-14,980
BRT05: SunU-Monash,BRT06: South Quay-USJ 1,2026-04-15,960
BRT05: SunU-Monash,BRT06: South Quay-USJ 1,2026-04-16,917
BRT05: SunU-Monash,BRT06: South Quay-USJ 1,2026-04-17,795
BRT05: SunU-Monash,BRT06: South Quay-USJ 1,2026-04-18,392
BRT05: SunU-Monash,BRT06: South Quay-USJ 1,2026-04-19,333
BRT05: SunU-Monash,BRT06: South Quay-USJ 1,2026-04-20,868
BRT05: SunU-Monash,BRT06: South Quay-USJ 1,2026-04-21,988
BRT05: SunU-Monash,BRT06: South Quay-USJ 1,2026-04-22,907
BRT05: SunU-Monash,BRT06: South Quay-USJ 1,2026-04-23,904
BRT05: SunU-Monash,BRT06: South Quay-USJ 1,2026-04-24,756
BRT05: SunU-Monash,BRT06: South Quay-USJ 1,2026-04-25,376
BRT05: SunU-Monash,BRT06: South Quay-USJ 1,2026-04-26,316
BRT05: SunU-Monash,BRT06: South Quay-USJ 1,2026-04-27,969
BRT05: SunU-Monash,BRT06: South Quay-USJ 1,2026-04-28,931
BRT05: SunU-Monash,BRT06: South Quay-USJ 1,2026-04-29,964
BRT05: SunU-Monash,BRT06: South Quay-USJ 1,2026-04-30,948
BRT05: SunU-Monash,BRT06: South Quay-USJ 1,2026-05-01,312
BRT05: SunU-Monash,BRT06: South Quay-USJ 1,2026-05-02,416
BRT05: SunU-Monash,BRT06: South Quay-USJ 1,2026-05-03,343
BRT05: SunU-Monash,BRT06: South Quay-USJ 1,2026-05-04,1050
BRT05: SunU-Monash,BRT06: South Quay-USJ 1,2026-05-05,1065
BRT05: SunU-Monash,BRT06: South Quay-USJ 1,2026-05-06,1094
BRT05: SunU-Monash,BRT06: South Quay-USJ 1,2026-05-07,1092
BRT05: SunU-Monash,BRT06: South Quay-USJ 1,2026-05-08,869
BRT05: SunU-Monash,BRT06: South Quay-USJ 1,2026-05-09,424
BRT05: SunU-Monash,BRT06: South Quay-USJ 1,2026-05-10,383
BRT05: SunU-Monash,BRT06: South Quay-USJ 1,2026-05-11,1126
BRT05: SunU-Monash,BRT06: South Quay-USJ 1,2026-05-12,1162
BRT05: SunU-Monash,BRT06: South Quay-USJ 1,2026-05-13,1183
BRT05: SunU-Monash,BRT06: South Quay-USJ 1,2026-05-14,1122
BRT05: SunU-Monash,BRT06: South Quay-USJ 1,2026-05-15,910
BRT05: SunU-Monash,BRT07: USJ 7,2026-01-01,240
BRT05: SunU-Monash,BRT07: USJ 7,2026-01-02,535
BRT05: SunU-Monash,BRT07: USJ 7,2026-01-03,339
BRT05: SunU-Monash,BRT07: USJ 7,2026-01-04,273
BRT05: SunU-Monash,BRT07: USJ 7,2026-01-05,1133
BRT05: SunU-Monash,BRT07: USJ 7,2026-01-06,1274
BRT05: SunU-Monash,BRT07: USJ 7,2026-01-07,1405
BRT05: SunU-Monash,BRT07: USJ 7,2026-01-08,1317
BRT05: SunU-Monash,BRT07: USJ 7,2026-01-09,1272
BRT05: SunU-Monash,BRT07: USJ 7,2026-01-10,598
BRT05: SunU-Monash,BRT07: USJ 7,2026-01-11,371
BRT05: SunU-Monash,BRT07: USJ 7,2026-01-12,1328
BRT05: SunU-Monash,BRT07: USJ 7,2026-01-13,1319
BRT05: SunU-Monash,BRT07: USJ 7,2026-01-14,1404
BRT05: SunU-Monash,BRT07: USJ 7,2026-01-15,1421
BRT05: SunU-Monash,BRT07: USJ 7,2026-01-16,1415
BRT05: SunU-Monash,BRT07: USJ 7,2026-01-17,715
BRT05: SunU-Monash,BRT07: USJ 7,2026-01-18,507
BRT05: SunU-Monash,BRT07: USJ 7,2026-01-19,1636
BRT05: SunU-Monash,BRT07: USJ 7,2026-01-20,1730
BRT05: SunU-Monash,BRT07: USJ 7,2026-01-21,1845
BRT05: SunU-Monash,BRT07: USJ 7,2026-01-22,1879
BRT05: SunU-Monash,BRT07: USJ 7,2026-01-23,1826
BRT05: SunU-Monash,BRT07: USJ 7,2026-01-24,687
BRT05: SunU-Monash,BRT07: USJ 7,2026-01-25,444
BRT05: SunU-Monash,BRT07: USJ 7,2026-01-26,1909
BRT05: SunU-Monash,BRT07: USJ 7,2026-01-27,2015
BRT05: SunU-Monash,BRT07: USJ 7,2026-01-28,1991
BRT05: SunU-Monash,BRT07: USJ 7,2026-01-29,2030
BRT05: SunU-Monash,BRT07: USJ 7,2026-01-30,2106
BRT05: SunU-Monash,BRT07: USJ 7,2026-01-31,638
BRT05: SunU-Monash,BRT07: USJ 7,2026-02-01,501
BRT05: SunU-Monash,BRT07: USJ 7,2026-02-02,460
BRT05: SunU-Monash,BRT07: USJ 7,2026-02-03,1993
BRT05: SunU-Monash,BRT07: USJ 7,2026-02-04,2262
BRT05: SunU-Monash,BRT07: USJ 7,2026-02-05,2358
BRT05: SunU-Monash,BRT07: USJ 7,2026-02-06,2303
BRT05: SunU-Monash,BRT07: USJ 7,2026-02-07,819
BRT05: SunU-Monash,BRT07: USJ 7,2026-02-08,502
BRT05: SunU-Monash,BRT07: USJ 7,2026-02-09,2194
BRT05: SunU-Monash,BRT07: USJ 7,2026-02-10,2417
BRT05: SunU-Monash,BRT07: USJ 7,2026-02-11,2412
BRT05: SunU-Monash,BRT07: USJ 7,2026-02-12,2380
BRT05: SunU-Monash,BRT07: USJ 7,2026-02-13,2159
BRT05: SunU-Monash,BRT07: USJ 7,2026-02-14,639
BRT05: SunU-Monash,BRT07: USJ 7,2026-02-15,348
BRT05: SunU-Monash,BRT07: USJ 7,2026-02-16,446
BRT05: SunU-Monash,BRT07: USJ 7,2026-02-17,287
BRT05: SunU-Monash,BRT07: USJ 7,2026-02-18,252
BRT05: SunU-Monash,BRT07: USJ 7,2026-02-19,385
BRT05: SunU-Monash,BRT07: USJ 7,2026-02-20,447
BRT05: SunU-Monash,BRT07: USJ 7,2026-02-21,374
BRT05: SunU-Monash,BRT07: USJ 7,2026-02-22,301
BRT05: SunU-Monash,BRT07: USJ 7,2026-02-23,2175
BRT05: SunU-Monash,BRT07: USJ 7,2026-02-24,2263
BRT05: SunU-Monash,BRT07: USJ 7,2026-02-25,2221
BRT05: SunU-Monash,BRT07: USJ 7,2026-02-26,2354
BRT05: SunU-Monash,BRT07: USJ 7,2026-02-27,2043
BRT05: SunU-Monash,BRT07: USJ 7,2026-02-28,735
BRT05: SunU-Monash,BRT07: USJ 7,2026-03-01,465
BRT05: SunU-Monash,BRT07: USJ 7,2026-03-02,2501
BRT05: SunU-Monash,BRT07: USJ 7,2026-03-03,2653
BRT05: SunU-Monash,BRT07: USJ 7,2026-03-04,2658
BRT05: SunU-Monash,BRT07: USJ 7,2026-03-05,2648
BRT05: SunU-Monash,BRT07: USJ 7,2026-03-06,2462
BRT05: SunU-Monash,BRT07: USJ 7,2026-03-07,677
BRT05: SunU-Monash,BRT07: USJ 7,2026-03-08,525
BRT05: SunU-Monash,BRT07: USJ 7,2026-03-09,2461
BRT05: SunU-Monash,BRT07: USJ 7,2026-03-10,2523
BRT05: SunU-Monash,BRT07: USJ 7,2026-03-11,2578
BRT05: SunU-Monash,BRT07: USJ 7,2026-03-12,2458
BRT05: SunU-Monash,BRT07: USJ 7,2026-03-13,2325
BRT05: SunU-Monash,BRT07: USJ 7,2026-03-14,726
BRT05: SunU-Monash,BRT07: USJ 7,2026-03-15,452
BRT05: SunU-Monash,BRT07: USJ 7,2026-03-16,2560
BRT05: SunU-Monash,BRT07: USJ 7,2026-03-17,2644
BRT05: SunU-Monash,BRT07: USJ 7,2026-03-18,2485
BRT05: SunU-Monash,BRT07: USJ 7,2026-03-19,2006
BRT05: SunU-Monash,BRT07: USJ 7,2026-03-20,535
BRT05: SunU-Monash,BRT07: USJ 7,2026-03-21,400
BRT05: SunU-Monash,BRT07: USJ 7,2026-03-22,382
BRT05: SunU-Monash,BRT07: USJ 7,2026-03-23,411
BRT05: SunU-Monash,BRT07: USJ 7,2026-03-24,1262
BRT05: SunU-Monash,BRT07: USJ 7,2026-03-25,1428
BRT05: SunU-Monash,BRT07: USJ 7,2026-03-26,1519
BRT05: SunU-Monash,BRT07: USJ 7,2026-03-27,1316
BRT05: SunU-Monash,BRT07: USJ 7,2026-03-28,536
BRT05: SunU-Monash,BRT07: USJ 7,2026-03-29,397
BRT05: SunU-Monash,BRT07: USJ 7,2026-03-30,2013
BRT05: SunU-Monash,BRT07: USJ 7,2026-03-31,2182
BRT05: SunU-Monash,BRT07: USJ 7,2026-04-01,2144
BRT05: SunU-Monash,BRT07: USJ 7,2026-04-02,2166
BRT05: SunU-Monash,BRT07: USJ 7,2026-04-03,2011
BRT05: SunU-Monash,BRT07: USJ 7,2026-04-04,743
BRT05: SunU-Monash,BRT07: USJ 7,2026-04-05,459
BRT05: SunU-Monash,BRT07: USJ 7,2026-04-06,1580
BRT05: SunU-Monash,BRT07: USJ 7,2026-04-07,1685
BRT05: SunU-Monash,BRT07: USJ 7,2026-04-08,1523
BRT05: SunU-Monash,BRT07: USJ 7,2026-04-09,1616
BRT05: SunU-Monash,BRT07: USJ 7,2026-04-10,1640
BRT05: SunU-Monash,BRT07: USJ 7,2026-04-11,745
BRT05: SunU-Monash,BRT07: USJ 7,2026-04-12,539
BRT05: SunU-Monash,BRT07: USJ 7,2026-04-13,1949
BRT05: SunU-Monash,BRT07: USJ 7,2026-04-14,2058
BRT05: SunU-Monash,BRT07: USJ 7,2026-04-15,2217
BRT05: SunU-Monash,BRT07: USJ 7,2026-04-16,2184
BRT05: SunU-Monash,BRT07: USJ 7,2026-04-17,2186
BRT05: SunU-Monash,BRT07: USJ 7,2026-04-18,795
BRT05: SunU-Monash,BRT07: USJ 7,2026-04-19,472
BRT05: SunU-Monash,BRT07: USJ 7,2026-04-20,2072
BRT05: SunU-Monash,BRT07: USJ 7,2026-04-21,2211
BRT05: SunU-Monash,BRT07: USJ 7,2026-04-22,2161
BRT05: SunU-Monash,BRT07: USJ 7,2026-04-23,2166
BRT05: SunU-Monash,BRT07: USJ 7,2026-04-24,1918
BRT05: SunU-Monash,BRT07: USJ 7,2026-04-25,722
BRT05: SunU-Monash,BRT07: USJ 7,2026-04-26,480
BRT05: SunU-Monash,BRT07: USJ 7,2026-04-27,2015
BRT05: SunU-Monash,BRT07: USJ 7,2026-04-28,2115
BRT05: SunU-Monash,BRT07: USJ 7,2026-04-29,2400
BRT05: SunU-Monash,BRT07: USJ 7,2026-04-30,2386
BRT05: SunU-Monash,BRT07: USJ 7,2026-05-01,621
BRT05: SunU-Monash,BRT07: USJ 7,2026-05-02,722
BRT05: SunU-Monash,BRT07: USJ 7,2026-05-03,527
BRT05: SunU-Monash,BRT07: USJ 7,2026-05-04,2534
BRT05: SunU-Monash,BRT07: USJ 7,2026-05-05,2653
BRT05: SunU-Monash,BRT07: USJ 7,2026-05-06,2702
BRT05: SunU-Monash,BRT07: USJ 7,2026-05-07,2736
BRT05: SunU-Monash,BRT07: USJ 7,2026-05-08,2421
BRT05: SunU-Monash,BRT07: USJ 7,2026-05-09,700
BRT05: SunU-Monash,BRT07: USJ 7,2026-05-10,540
BRT05: SunU-Monash,BRT07: USJ 7,2026-05-11,2738
BRT05: SunU-Monash,BRT07: USJ 7,2026-05-12,2918
BRT05: SunU-Monash,BRT07: USJ 7,2026-05-13,2886
BRT05: SunU-Monash,BRT07: USJ 7,2026-05-14,2704
BRT05: SunU-Monash,BRT07: USJ 7,2026-05-15,2460
BRT06: South Quay-USJ 1,A0: All Stations,2026-01-01,1371
BRT06: South Quay-USJ 1,A0: All Stations,2026-01-02,1858
BRT06: South Quay-USJ 1,A0: All Stations,2026-01-03,1455
BRT06: South Quay-USJ 1,A0: All Stations,2026-01-04,1340
BRT06: South Quay-USJ 1,A0: All Stations,2026-01-05,2281
BRT06: South Quay-USJ 1,A0: All Stations,2026-01-06,2343
BRT06: South Quay-USJ 1,A0: All Stations,2026-01-07,2385
BRT06: South Quay-USJ 1,A0: All Stations,2026-01-08,2279
BRT06: South Quay-USJ 1,A0: All Stations,2026-01-09,2331
BRT06: South Quay-USJ 1,A0: All Stations,2026-01-10,1828
BRT06: South Quay-USJ 1,A0: All Stations,2026-01-11,1506
BRT06: South Quay-USJ 1,A0: All Stations,2026-01-12,2387
BRT06: South Quay-USJ 1,A0: All Stations,2026-01-13,2549
BRT06: South Quay-USJ 1,A0: All Stations,2026-01-14,2766
BRT06: South Quay-USJ 1,A0: All Stations,2026-01-15,2718
BRT06: South Quay-USJ 1,A0: All Stations,2026-01-16,2929
BRT06: South Quay-USJ 1,A0: All Stations,2026-01-17,1663
BRT06: South Quay-USJ 1,A0: All Stations,2026-01-18,1442
BRT06: South Quay-USJ 1,A0: All Stations,2026-01-19,2809
BRT06: South Quay-USJ 1,A0: All Stations,2026-01-20,2861
BRT06: South Quay-USJ 1,A0: All Stations,2026-01-21,2784
BRT06: South Quay-USJ 1,A0: All Stations,2026-01-22,2845
BRT06: South Quay-USJ 1,A0: All Stations,2026-01-23,2799
BRT06: South Quay-USJ 1,A0: All Stations,2026-01-24,1725
BRT06: South Quay-USJ 1,A0: All Stations,2026-01-25,1507
BRT06: South Quay-USJ 1,A0: All Stations,2026-01-26,2712
BRT06: South Quay-USJ 1,A0: All Stations,2026-01-27,2763
BRT06: South Quay-USJ 1,A0: All Stations,2026-01-28,2833
BRT06: South Quay-USJ 1,A0: All Stations,2026-01-29,2764
BRT06: South Quay-USJ 1,A0: All Stations,2026-01-30,2839
BRT06: South Quay-USJ 1,A0: All Stations,2026-01-31,1703
BRT06: South Quay-USJ 1,A0: All Stations,2026-02-01,1545
BRT06: South Quay-USJ 1,A0: All Stations,2026-02-02,1635
BRT06: South Quay-USJ 1,A0: All Stations,2026-02-03,2987
BRT06: South Quay-USJ 1,A0: All Stations,2026-02-04,2981
BRT06: South Quay-USJ 1,A0: All Stations,2026-02-05,3124
BRT06: South Quay-USJ 1,A0: All Stations,2026-02-06,3237
BRT06: South Quay-USJ 1,A0: All Stations,2026-02-07,2055
BRT06: South Quay-USJ 1,A0: All Stations,2026-02-08,1807
BRT06: South Quay-USJ 1,A0: All Stations,2026-02-09,3165
BRT06: South Quay-USJ 1,A0: All Stations,2026-02-10,3204
BRT06: South Quay-USJ 1,A0: All Stations,2026-02-11,3263
BRT06: South Quay-USJ 1,A0: All Stations,2026-02-12,3357
BRT06: South Quay-USJ 1,A0: All Stations,2026-02-13,3367
BRT06: South Quay-USJ 1,A0: All Stations,2026-02-14,1710
BRT06: South Quay-USJ 1,A0: All Stations,2026-02-15,1384
BRT06: South Quay-USJ 1,A0: All Stations,2026-02-16,1644
BRT06: South Quay-USJ 1,A0: All Stations,2026-02-17,1338
BRT06: South Quay-USJ 1,A0: All Stations,2026-02-18,1287
BRT06: South Quay-USJ 1,A0: All Stations,2026-02-19,1469
BRT06: South Quay-USJ 1,A0: All Stations,2026-02-20,1582
BRT06: South Quay-USJ 1,A0: All Stations,2026-02-21,1227
BRT06: South Quay-USJ 1,A0: All Stations,2026-02-22,1157
BRT06: South Quay-USJ 1,A0: All Stations,2026-02-23,2872
BRT06: South Quay-USJ 1,A0: All Stations,2026-02-24,3031
BRT06: South Quay-USJ 1,A0: All Stations,2026-02-25,3047
BRT06: South Quay-USJ 1,A0: All Stations,2026-02-26,3162
BRT06: South Quay-USJ 1,A0: All Stations,2026-02-27,3274
BRT06: South Quay-USJ 1,A0: All Stations,2026-02-28,1992
BRT06: South Quay-USJ 1,A0: All Stations,2026-03-01,1882
BRT06: South Quay-USJ 1,A0: All Stations,2026-03-02,3682
BRT06: South Quay-USJ 1,A0: All Stations,2026-03-03,4026
BRT06: South Quay-USJ 1,A0: All Stations,2026-03-04,3811
BRT06: South Quay-USJ 1,A0: All Stations,2026-03-05,3750
BRT06: South Quay-USJ 1,A0: All Stations,2026-03-06,3711
BRT06: South Quay-USJ 1,A0: All Stations,2026-03-07,1974
BRT06: South Quay-USJ 1,A0: All Stations,2026-03-08,1834
BRT06: South Quay-USJ 1,A0: All Stations,2026-03-09,3658
BRT06: South Quay-USJ 1,A0: All Stations,2026-03-10,3797
BRT06: South Quay-USJ 1,A0: All Stations,2026-03-11,3721
BRT06: South Quay-USJ 1,A0: All Stations,2026-03-12,3795
BRT06: South Quay-USJ 1,A0: All Stations,2026-03-13,3700
BRT06: South Quay-USJ 1,A0: All Stations,2026-03-14,2118
BRT06: South Quay-USJ 1,A0: All Stations,2026-03-15,1760
BRT06: South Quay-USJ 1,A0: All Stations,2026-03-16,3604
BRT06: South Quay-USJ 1,A0: All Stations,2026-03-17,3730
BRT06: South Quay-USJ 1,A0: All Stations,2026-03-18,3692
BRT06: South Quay-USJ 1,A0: All Stations,2026-03-19,3449
BRT06: South Quay-USJ 1,A0: All Stations,2026-03-20,1852
BRT06: South Quay-USJ 1,A0: All Stations,2026-03-21,1639
BRT06: South Quay-USJ 1,A0: All Stations,2026-03-22,1537
BRT06: South Quay-USJ 1,A0: All Stations,2026-03-23,1401
BRT06: South Quay-USJ 1,A0: All Stations,2026-03-24,2381
BRT06: South Quay-USJ 1,A0: All Stations,2026-03-25,2559
BRT06: South Quay-USJ 1,A0: All Stations,2026-03-26,2520
BRT06: South Quay-USJ 1,A0: All Stations,2026-03-27,2550
BRT06: South Quay-USJ 1,A0: All Stations,2026-03-28,1662
BRT06: South Quay-USJ 1,A0: All Stations,2026-03-29,1513
BRT06: South Quay-USJ 1,A0: All Stations,2026-03-30,3070
BRT06: South Quay-USJ 1,A0: All Stations,2026-03-31,3251
BRT06: South Quay-USJ 1,A0: All Stations,2026-04-01,3442
BRT06: South Quay-USJ 1,A0: All Stations,2026-04-02,3287
BRT06: South Quay-USJ 1,A0: All Stations,2026-04-03,3245
BRT06: South Quay-USJ 1,A0: All Stations,2026-04-04,2028
BRT06: South Quay-USJ 1,A0: All Stations,2026-04-05,1681
BRT06: South Quay-USJ 1,A0: All Stations,2026-04-06,2706
BRT06: South Quay-USJ 1,A0: All Stations,2026-04-07,2864
BRT06: South Quay-USJ 1,A0: All Stations,2026-04-08,2798
BRT06: South Quay-USJ 1,A0: All Stations,2026-04-09,2826
BRT06: South Quay-USJ 1,A0: All Stations,2026-04-10,2883
BRT06: South Quay-USJ 1,A0: All Stations,2026-04-11,1978
BRT06: South Quay-USJ 1,A0: All Stations,2026-04-12,1795
BRT06: South Quay-USJ 1,A0: All Stations,2026-04-13,3161
BRT06: South Quay-USJ 1,A0: All Stations,2026-04-14,3324
BRT06: South Quay-USJ 1,A0: All Stations,2026-04-15,3399
BRT06: South Quay-USJ 1,A0: All Stations,2026-04-16,3326
BRT06: South Quay-USJ 1,A0: All Stations,2026-04-17,3284
BRT06: South Quay-USJ 1,A0: All Stations,2026-04-18,2073
BRT06: South Quay-USJ 1,A0: All Stations,2026-04-19,1656
BRT06: South Quay-USJ 1,A0: All Stations,2026-04-20,3226
BRT06: South Quay-USJ 1,A0: All Stations,2026-04-21,3472
BRT06: South Quay-USJ 1,A0: All Stations,2026-04-22,3409
BRT06: South Quay-USJ 1,A0: All Stations,2026-04-23,3262
BRT06: South Quay-USJ 1,A0: All Stations,2026-04-24,3188
BRT06: South Quay-USJ 1,A0: All Stations,2026-04-25,2018
BRT06: South Quay-USJ 1,A0: All Stations,2026-04-26,1720
BRT06: South Quay-USJ 1,A0: All Stations,2026-04-27,3367
BRT06: South Quay-USJ 1,A0: All Stations,2026-04-28,3363
BRT06: South Quay-USJ 1,A0: All Stations,2026-04-29,3455
BRT06: South Quay-USJ 1,A0: All Stations,2026-04-30,3581
BRT06: South Quay-USJ 1,A0: All Stations,2026-05-01,1927
BRT06: South Quay-USJ 1,A0: All Stations,2026-05-02,1940
BRT06: South Quay-USJ 1,A0: All Stations,2026-05-03,1707
BRT06: South Quay-USJ 1,A0: All Stations,2026-05-04,3477
BRT06: South Quay-USJ 1,A0: All Stations,2026-05-05,3694
BRT06: South Quay-USJ 1,A0: All Stations,2026-05-06,3727
BRT06: South Quay-USJ 1,A0: All Stations,2026-05-07,3733
BRT06: South Quay-USJ 1,A0: All Stations,2026-05-08,3561
BRT06: South Quay-USJ 1,A0: All Stations,2026-05-09,2106
BRT06: South Quay-USJ 1,A0: All Stations,2026-05-10,1854
BRT06: South Quay-USJ 1,A0: All Stations,2026-05-11,3761
BRT06: South Quay-USJ 1,A0: All Stations,2026-05-12,3825
BRT06: South Quay-USJ 1,A0: All Stations,2026-05-13,3773
BRT06: South Quay-USJ 1,A0: All Stations,2026-05-14,3853
BRT06: South Quay-USJ 1,A0: All Stations,2026-05-15,3523
BRT06: South Quay-USJ 1,BRT01: Sunway-Setia Jaya,2026-01-01,72
BRT06: South Quay-USJ 1,BRT01: Sunway-Setia Jaya,2026-01-02,75
BRT06: South Quay-USJ 1,BRT01: Sunway-Setia Jaya,2026-01-03,50
BRT06: South Quay-USJ 1,BRT01: Sunway-Setia Jaya,2026-01-04,48
BRT06: South Quay-USJ 1,BRT01: Sunway-Setia Jaya,2026-01-05,84
BRT06: South Quay-USJ 1,BRT01: Sunway-Setia Jaya,2026-01-06,89
BRT06: South Quay-USJ 1,BRT01: Sunway-Setia Jaya,2026-01-07,86
BRT06: South Quay-USJ 1,BRT01: Sunway-Setia Jaya,2026-01-08,80
BRT06: South Quay-USJ 1,BRT01: Sunway-Setia Jaya,2026-01-09,69
BRT06: South Quay-USJ 1,BRT01: Sunway-Setia Jaya,2026-01-10,56
BRT06: South Quay-USJ 1,BRT01: Sunway-Setia Jaya,2026-01-11,46
BRT06: South Quay-USJ 1,BRT01: Sunway-Setia Jaya,2026-01-12,94
BRT06: South Quay-USJ 1,BRT01: Sunway-Setia Jaya,2026-01-13,98
BRT06: South Quay-USJ 1,BRT01: Sunway-Setia Jaya,2026-01-14,93
BRT06: South Quay-USJ 1,BRT01: Sunway-Setia Jaya,2026-01-15,109
BRT06: South Quay-USJ 1,BRT01: Sunway-Setia Jaya,2026-01-16,90
BRT06: South Quay-USJ 1,BRT01: Sunway-Setia Jaya,2026-01-17,66
BRT06: South Quay-USJ 1,BRT01: Sunway-Setia Jaya,2026-01-18,43
BRT06: South Quay-USJ 1,BRT01: Sunway-Setia Jaya,2026-01-19,116
BRT06: South Quay-USJ 1,BRT01: Sunway-Setia Jaya,2026-01-20,98
BRT06: South Quay-USJ 1,BRT01: Sunway-Setia Jaya,2026-01-21,96
BRT06: South Quay-USJ 1,BRT01: Sunway-Setia Jaya,2026-01-22,99
BRT06: South Quay-USJ 1,BRT01: Sunway-Setia Jaya,2026-01-23,85
BRT06: South Quay-USJ 1,BRT01: Sunway-Setia Jaya,2026-01-24,48
BRT06: South Quay-USJ 1,BRT01: Sunway-Setia Jaya,2026-01-25,48
BRT06: South Quay-USJ 1,BRT01: Sunway-Setia Jaya,2026-01-26,99
BRT06: South Quay-USJ 1,BRT01: Sunway-Setia Jaya,2026-01-27,90
BRT06: South Quay-USJ 1,BRT01: Sunway-Setia Jaya,2026-01-28,92
BRT06: South Quay-USJ 1,BRT01: Sunway-Setia Jaya,2026-01-29,95
BRT06: South Quay-USJ 1,BRT01: Sunway-Setia Jaya,2026-01-30,93
BRT06: South Quay-USJ 1,BRT01: Sunway-Setia Jaya,2026-01-31,61
BRT06: South Quay-USJ 1,BRT01: Sunway-Setia Jaya,2026-02-01,63
BRT06: South Quay-USJ 1,BRT01: Sunway-Setia Jaya,2026-02-02,57
BRT06: South Quay-USJ 1,BRT01: Sunway-Setia Jaya,2026-02-03,88
BRT06: South Quay-USJ 1,BRT01: Sunway-Setia Jaya,2026-02-04,86
BRT06: South Quay-USJ 1,BRT01: Sunway-Setia Jaya,2026-02-05,112
BRT06: South Quay-USJ 1,BRT01: Sunway-Setia Jaya,2026-02-06,113
BRT06: South Quay-USJ 1,BRT01: Sunway-Setia Jaya,2026-02-07,65
BRT06: South Quay-USJ 1,BRT01: Sunway-Setia Jaya,2026-02-08,64
BRT06: South Quay-USJ 1,BRT01: Sunway-Setia Jaya,2026-02-09,105
BRT06: South Quay-USJ 1,BRT01: Sunway-Setia Jaya,2026-02-10,95
BRT06: South Quay-USJ 1,BRT01: Sunway-Setia Jaya,2026-02-11,115
BRT06: South Quay-USJ 1,BRT01: Sunway-Setia Jaya,2026-02-12,126
BRT06: South Quay-USJ 1,BRT01: Sunway-Setia Jaya,2026-02-13,117
BRT06: South Quay-USJ 1,BRT01: Sunway-Setia Jaya,2026-02-14,60
BRT06: South Quay-USJ 1,BRT01: Sunway-Setia Jaya,2026-02-15,59
BRT06: South Quay-USJ 1,BRT01: Sunway-Setia Jaya,2026-02-16,63
BRT06: South Quay-USJ 1,BRT01: Sunway-Setia Jaya,2026-02-17,59
BRT06: South Quay-USJ 1,BRT01: Sunway-Setia Jaya,2026-02-18,58
BRT06: South Quay-USJ 1,BRT01: Sunway-Setia Jaya,2026-02-19,61
BRT06: South Quay-USJ 1,BRT01: Sunway-Setia Jaya,2026-02-20,66
BRT06: South Quay-USJ 1,BRT01: Sunway-Setia Jaya,2026-02-21,46
BRT06: South Quay-USJ 1,BRT01: Sunway-Setia Jaya,2026-02-22,43
BRT06: South Quay-USJ 1,BRT01: Sunway-Setia Jaya,2026-02-23,102
BRT06: South Quay-USJ 1,BRT01: Sunway-Setia Jaya,2026-02-24,96
BRT06: South Quay-USJ 1,BRT01: Sunway-Setia Jaya,2026-02-25,100
BRT06: South Quay-USJ 1,BRT01: Sunway-Setia Jaya,2026-02-26,110
BRT06: South Quay-USJ 1,BRT01: Sunway-Setia Jaya,2026-02-27,82
BRT06: South Quay-USJ 1,BRT01: Sunway-Setia Jaya,2026-02-28,70
BRT06: South Quay-USJ 1,BRT01: Sunway-Setia Jaya,2026-03-01,47
BRT06: South Quay-USJ 1,BRT01: Sunway-Setia Jaya,2026-03-02,94
BRT06: South Quay-USJ 1,BRT01: Sunway-Setia Jaya,2026-03-03,104
BRT06: South Quay-USJ 1,BRT01: Sunway-Setia Jaya,2026-03-04,101
BRT06: South Quay-USJ 1,BRT01: Sunway-Setia Jaya,2026-03-05,119
BRT06: South Quay-USJ 1,BRT01: Sunway-Setia Jaya,2026-03-06,124
BRT06: South Quay-USJ 1,BRT01: Sunway-Setia Jaya,2026-03-07,43
BRT06: South Quay-USJ 1,BRT01: Sunway-Setia Jaya,2026-03-08,49
BRT06: South Quay-USJ 1,BRT01: Sunway-Setia Jaya,2026-03-09,85
BRT06: South Quay-USJ 1,BRT01: Sunway-Setia Jaya,2026-03-10,88
BRT06: South Quay-USJ 1,BRT01: Sunway-Setia Jaya,2026-03-11,97
BRT06: South Quay-USJ 1,BRT01: Sunway-Setia Jaya,2026-03-12,98
BRT06: South Quay-USJ 1,BRT01: Sunway-Setia Jaya,2026-03-13,71
BRT06: South Quay-USJ 1,BRT01: Sunway-Setia Jaya,2026-03-14,44
BRT06: South Quay-USJ 1,BRT01: Sunway-Setia Jaya,2026-03-15,44
BRT06: South Quay-USJ 1,BRT01: Sunway-Setia Jaya,2026-03-16,102
BRT06: South Quay-USJ 1,BRT01: Sunway-Setia Jaya,2026-03-17,102
BRT06: South Quay-USJ 1,BRT01: Sunway-Setia Jaya,2026-03-18,85
BRT06: South Quay-USJ 1,BRT01: Sunway-Setia Jaya,2026-03-19,89
BRT06: South Quay-USJ 1,BRT01: Sunway-Setia Jaya,2026-03-20,71
BRT06: South Quay-USJ 1,BRT01: Sunway-Setia Jaya,2026-03-21,36
BRT06: South Quay-USJ 1,BRT01: Sunway-Setia Jaya,2026-03-22,35
BRT06: South Quay-USJ 1,BRT01: Sunway-Setia Jaya,2026-03-23,33
BRT06: South Quay-USJ 1,BRT01: Sunway-Setia Jaya,2026-03-24,57
BRT06: South Quay-USJ 1,BRT01: Sunway-Setia Jaya,2026-03-25,73
BRT06: South Quay-USJ 1,BRT01: Sunway-Setia Jaya,2026-03-26,72
BRT06: South Quay-USJ 1,BRT01: Sunway-Setia Jaya,2026-03-27,77
BRT06: South Quay-USJ 1,BRT01: Sunway-Setia Jaya,2026-03-28,52
BRT06: South Quay-USJ 1,BRT01: Sunway-Setia Jaya,2026-03-29,39
BRT06: South Quay-USJ 1,BRT01: Sunway-Setia Jaya,2026-03-30,83
BRT06: South Quay-USJ 1,BRT01: Sunway-Setia Jaya,2026-03-31,90
BRT06: South Quay-USJ 1,BRT01: Sunway-Setia Jaya,2026-04-01,96
BRT06: South Quay-USJ 1,BRT01: Sunway-Setia Jaya,2026-04-02,103
BRT06: South Quay-USJ 1,BRT01: Sunway-Setia Jaya,2026-04-03,102
BRT06: South Quay-USJ 1,BRT01: Sunway-Setia Jaya,2026-04-04,56
BRT06: South Quay-USJ 1,BRT01: Sunway-Setia Jaya,2026-04-05,54
BRT06: South Quay-USJ 1,BRT01: Sunway-Setia Jaya,2026-04-06,92
BRT06: South Quay-USJ 1,BRT01: Sunway-Setia Jaya,2026-04-07,111
BRT06: South Quay-USJ 1,BRT01: Sunway-Setia Jaya,2026-04-08,86
BRT06: South Quay-USJ 1,BRT01: Sunway-Setia Jaya,2026-04-09,97
BRT06: South Quay-USJ 1,BRT01: Sunway-Setia Jaya,2026-04-10,91
BRT06: South Quay-USJ 1,BRT01: Sunway-Setia Jaya,2026-04-11,58
BRT06: South Quay-USJ 1,BRT01: Sunway-Setia Jaya,2026-04-12,45
BRT06: South Quay-USJ 1,BRT01: Sunway-Setia Jaya,2026-04-13,100
BRT06: South Quay-USJ 1,BRT01: Sunway-Setia Jaya,2026-04-14,78
BRT06: South Quay-USJ 1,BRT01: Sunway-Setia Jaya,2026-04-15,100
BRT06: South Quay-USJ 1,BRT01: Sunway-Setia Jaya,2026-04-16,101
BRT06: South Quay-USJ 1,BRT01: Sunway-Setia Jaya,2026-04-17,101
BRT06: South Quay-USJ 1,BRT01: Sunway-Setia Jaya,2026-04-18,57
BRT06: South Quay-USJ 1,BRT01: Sunway-Setia Jaya,2026-04-19,40
BRT06: South Quay-USJ 1,BRT01: Sunway-Setia Jaya,2026-04-20,77
BRT06: South Quay-USJ 1,BRT01: Sunway-Setia Jaya,2026-04-21,112
BRT06: South Quay-USJ 1,BRT01: Sunway-Setia Jaya,2026-04-22,96
BRT06: South Quay-USJ 1,BRT01: Sunway-Setia Jaya,2026-04-23,83
BRT06: South Quay-USJ 1,BRT01: Sunway-Setia Jaya,2026-04-24,85
BRT06: South Quay-USJ 1,BRT01: Sunway-Setia Jaya,2026-04-25,44
BRT06: South Quay-USJ 1,BRT01: Sunway-Setia Jaya,2026-04-26,44
BRT06: South Quay-USJ 1,BRT01: Sunway-Setia Jaya,2026-04-27,93
BRT06: South Quay-USJ 1,BRT01: Sunway-Setia Jaya,2026-04-28,93
BRT06: South Quay-USJ 1,BRT01: Sunway-Setia Jaya,2026-04-29,92
BRT06: South Quay-USJ 1,BRT01: Sunway-Setia Jaya,2026-04-30,111
BRT06: South Quay-USJ 1,BRT01: Sunway-Setia Jaya,2026-05-01,60
BRT06: South Quay-USJ 1,BRT01: Sunway-Setia Jaya,2026-05-02,46
BRT06: South Quay-USJ 1,BRT01: Sunway-Setia Jaya,2026-05-03,47
BRT06: South Quay-USJ 1,BRT01: Sunway-Setia Jaya,2026-05-04,84
BRT06: South Quay-USJ 1,BRT01: Sunway-Setia Jaya,2026-05-05,93
BRT06: South Quay-USJ 1,BRT01: Sunway-Setia Jaya,2026-05-06,84
BRT06: South Quay-USJ 1,BRT01: Sunway-Setia Jaya,2026-05-07,93
BRT06: South Quay-USJ 1,BRT01: Sunway-Setia Jaya,2026-05-08,102
BRT06: South Quay-USJ 1,BRT01: Sunway-Setia Jaya,2026-05-09,78
BRT06: South Quay-USJ 1,BRT01: Sunway-Setia Jaya,2026-05-10,51
BRT06: South Quay-USJ 1,BRT01: Sunway-Setia Jaya,2026-05-11,114
BRT06: South Quay-USJ 1,BRT01: Sunway-Setia Jaya,2026-05-12,101
BRT06: South Quay-USJ 1,BRT01: Sunway-Setia Jaya,2026-05-13,93
BRT06: South Quay-USJ 1,BRT01: Sunway-Setia Jaya,2026-05-14,109
BRT06: South Quay-USJ 1,BRT01: Sunway-Setia Jaya,2026-05-15,99
BRT06: South Quay-USJ 1,BRT02: Mentari,2026-01-01,65
BRT06: South Quay-USJ 1,BRT02: Mentari,2026-01-02,93
BRT06: South Quay-USJ 1,BRT02: Mentari,2026-01-03,65
BRT06: South Quay-USJ 1,BRT02: Mentari,2026-01-04,70
BRT06: South Quay-USJ 1,BRT02: Mentari,2026-01-05,100
BRT06: South Quay-USJ 1,BRT02: Mentari,2026-01-06,98
BRT06: South Quay-USJ 1,BRT02: Mentari,2026-01-07,118
BRT06: South Quay-USJ 1,BRT02: Mentari,2026-01-08,92
BRT06: South Quay-USJ 1,BRT02: Mentari,2026-01-09,105
BRT06: South Quay-USJ 1,BRT02: Mentari,2026-01-10,81
BRT06: South Quay-USJ 1,BRT02: Mentari,2026-01-11,89
BRT06: South Quay-USJ 1,BRT02: Mentari,2026-01-12,96
BRT06: South Quay-USJ 1,BRT02: Mentari,2026-01-13,85
BRT06: South Quay-USJ 1,BRT02: Mentari,2026-01-14,109
BRT06: South Quay-USJ 1,BRT02: Mentari,2026-01-15,90
BRT06: South Quay-USJ 1,BRT02: Mentari,2026-01-16,130
BRT06: South Quay-USJ 1,BRT02: Mentari,2026-01-17,70
BRT06: South Quay-USJ 1,BRT02: Mentari,2026-01-18,72
BRT06: South Quay-USJ 1,BRT02: Mentari,2026-01-19,101
BRT06: South Quay-USJ 1,BRT02: Mentari,2026-01-20,110
BRT06: South Quay-USJ 1,BRT02: Mentari,2026-01-21,125
BRT06: South Quay-USJ 1,BRT02: Mentari,2026-01-22,89
BRT06: South Quay-USJ 1,BRT02: Mentari,2026-01-23,108
BRT06: South Quay-USJ 1,BRT02: Mentari,2026-01-24,91
BRT06: South Quay-USJ 1,BRT02: Mentari,2026-01-25,83
BRT06: South Quay-USJ 1,BRT02: Mentari,2026-01-26,94
BRT06: South Quay-USJ 1,BRT02: Mentari,2026-01-27,113
BRT06: South Quay-USJ 1,BRT02: Mentari,2026-01-28,126
BRT06: South Quay-USJ 1,BRT02: Mentari,2026-01-29,110
BRT06: South Quay-USJ 1,BRT02: Mentari,2026-01-30,116
BRT06: South Quay-USJ 1,BRT02: Mentari,2026-01-31,85
BRT06: South Quay-USJ 1,BRT02: Mentari,2026-02-01,81
BRT06: South Quay-USJ 1,BRT02: Mentari,2026-02-02,60
BRT06: South Quay-USJ 1,BRT02: Mentari,2026-02-03,119
BRT06: South Quay-USJ 1,BRT02: Mentari,2026-02-04,118
BRT06: South Quay-USJ 1,BRT02: Mentari,2026-02-05,104
BRT06: South Quay-USJ 1,BRT02: Mentari,2026-02-06,150
BRT06: South Quay-USJ 1,BRT02: Mentari,2026-02-07,85
BRT06: South Quay-USJ 1,BRT02: Mentari,2026-02-08,92
BRT06: South Quay-USJ 1,BRT02: Mentari,2026-02-09,142
BRT06: South Quay-USJ 1,BRT02: Mentari,2026-02-10,101
BRT06: South Quay-USJ 1,BRT02: Mentari,2026-02-11,121
BRT06: South Quay-USJ 1,BRT02: Mentari,2026-02-12,115
BRT06: South Quay-USJ 1,BRT02: Mentari,2026-02-13,128
BRT06: South Quay-USJ 1,BRT02: Mentari,2026-02-14,88
BRT06: South Quay-USJ 1,BRT02: Mentari,2026-02-15,102
BRT06: South Quay-USJ 1,BRT02: Mentari,2026-02-16,86
BRT06: South Quay-USJ 1,BRT02: Mentari,2026-02-17,81
BRT06: South Quay-USJ 1,BRT02: Mentari,2026-02-18,89
BRT06: South Quay-USJ 1,BRT02: Mentari,2026-02-19,80
BRT06: South Quay-USJ 1,BRT02: Mentari,2026-02-20,114
BRT06: South Quay-USJ 1,BRT02: Mentari,2026-02-21,59
BRT06: South Quay-USJ 1,BRT02: Mentari,2026-02-22,56
BRT06: South Quay-USJ 1,BRT02: Mentari,2026-02-23,98
BRT06: South Quay-USJ 1,BRT02: Mentari,2026-02-24,105
BRT06: South Quay-USJ 1,BRT02: Mentari,2026-02-25,107
BRT06: South Quay-USJ 1,BRT02: Mentari,2026-02-26,102
BRT06: South Quay-USJ 1,BRT02: Mentari,2026-02-27,130
BRT06: South Quay-USJ 1,BRT02: Mentari,2026-02-28,83
BRT06: South Quay-USJ 1,BRT02: Mentari,2026-03-01,73
BRT06: South Quay-USJ 1,BRT02: Mentari,2026-03-02,113
BRT06: South Quay-USJ 1,BRT02: Mentari,2026-03-03,105
BRT06: South Quay-USJ 1,BRT02: Mentari,2026-03-04,110
BRT06: South Quay-USJ 1,BRT02: Mentari,2026-03-05,110
BRT06: South Quay-USJ 1,BRT02: Mentari,2026-03-06,149
BRT06: South Quay-USJ 1,BRT02: Mentari,2026-03-07,95
BRT06: South Quay-USJ 1,BRT02: Mentari,2026-03-08,81
BRT06: South Quay-USJ 1,BRT02: Mentari,2026-03-09,112
BRT06: South Quay-USJ 1,BRT02: Mentari,2026-03-10,123
BRT06: South Quay-USJ 1,BRT02: Mentari,2026-03-11,124
BRT06: South Quay-USJ 1,BRT02: Mentari,2026-03-12,99
BRT06: South Quay-USJ 1,BRT02: Mentari,2026-03-13,159
BRT06: South Quay-USJ 1,BRT02: Mentari,2026-03-14,108
BRT06: South Quay-USJ 1,BRT02: Mentari,2026-03-15,117
BRT06: South Quay-USJ 1,BRT02: Mentari,2026-03-16,128
BRT06: South Quay-USJ 1,BRT02: Mentari,2026-03-17,100
BRT06: South Quay-USJ 1,BRT02: Mentari,2026-03-18,136
BRT06: South Quay-USJ 1,BRT02: Mentari,2026-03-19,128
BRT06: South Quay-USJ 1,BRT02: Mentari,2026-03-20,116
BRT06: South Quay-USJ 1,BRT02: Mentari,2026-03-21,97
BRT06: South Quay-USJ 1,BRT02: Mentari,2026-03-22,64
BRT06: South Quay-USJ 1,BRT02: Mentari,2026-03-23,70
BRT06: South Quay-USJ 1,BRT02: Mentari,2026-03-24,72
BRT06: South Quay-USJ 1,BRT02: Mentari,2026-03-25,100
BRT06: South Quay-USJ 1,BRT02: Mentari,2026-03-26,85
BRT06: South Quay-USJ 1,BRT02: Mentari,2026-03-27,112
BRT06: South Quay-USJ 1,BRT02: Mentari,2026-03-28,64
BRT06: South Quay-USJ 1,BRT02: Mentari,2026-03-29,82
BRT06: South Quay-USJ 1,BRT02: Mentari,2026-03-30,87
BRT06: South Quay-USJ 1,BRT02: Mentari,2026-03-31,90
BRT06: South Quay-USJ 1,BRT02: Mentari,2026-04-01,92
BRT06: South Quay-USJ 1,BRT02: Mentari,2026-04-02,115
BRT06: South Quay-USJ 1,BRT02: Mentari,2026-04-03,106
BRT06: South Quay-USJ 1,BRT02: Mentari,2026-04-04,102
BRT06: South Quay-USJ 1,BRT02: Mentari,2026-04-05,102
BRT06: South Quay-USJ 1,BRT02: Mentari,2026-04-06,100
BRT06: South Quay-USJ 1,BRT02: Mentari,2026-04-07,106
BRT06: South Quay-USJ 1,BRT02: Mentari,2026-04-08,93
BRT06: South Quay-USJ 1,BRT02: Mentari,2026-04-09,112
BRT06: South Quay-USJ 1,BRT02: Mentari,2026-04-10,129
BRT06: South Quay-USJ 1,BRT02: Mentari,2026-04-11,70
BRT06: South Quay-USJ 1,BRT02: Mentari,2026-04-12,75
BRT06: South Quay-USJ 1,BRT02: Mentari,2026-04-13,103
BRT06: South Quay-USJ 1,BRT02: Mentari,2026-04-14,101
BRT06: South Quay-USJ 1,BRT02: Mentari,2026-04-15,107
BRT06: South Quay-USJ 1,BRT02: Mentari,2026-04-16,127
BRT06: South Quay-USJ 1,BRT02: Mentari,2026-04-17,123
BRT06: South Quay-USJ 1,BRT02: Mentari,2026-04-18,85
BRT06: South Quay-USJ 1,BRT02: Mentari,2026-04-19,89
BRT06: South Quay-USJ 1,BRT02: Mentari,2026-04-20,98
BRT06: South Quay-USJ 1,BRT02: Mentari,2026-04-21,108
BRT06: South Quay-USJ 1,BRT02: Mentari,2026-04-22,119
BRT06: South Quay-USJ 1,BRT02: Mentari,2026-04-23,112
BRT06: South Quay-USJ 1,BRT02: Mentari,2026-04-24,121
BRT06: South Quay-USJ 1,BRT02: Mentari,2026-04-25,88
BRT06: South Quay-USJ 1,BRT02: Mentari,2026-04-26,87
BRT06: South Quay-USJ 1,BRT02: Mentari,2026-04-27,95
BRT06: South Quay-USJ 1,BRT02: Mentari,2026-04-28,99
BRT06: South Quay-USJ 1,BRT02: Mentari,2026-04-29,99
BRT06: South Quay-USJ 1,BRT02: Mentari,2026-04-30,121
BRT06: South Quay-USJ 1,BRT02: Mentari,2026-05-01,99
BRT06: South Quay-USJ 1,BRT02: Mentari,2026-05-02,91
BRT06: South Quay-USJ 1,BRT02: Mentari,2026-05-03,92
BRT06: South Quay-USJ 1,BRT02: Mentari,2026-05-04,123
BRT06: South Quay-USJ 1,BRT02: Mentari,2026-05-05,110
BRT06: South Quay-USJ 1,BRT02: Mentari,2026-05-06,129
BRT06: South Quay-USJ 1,BRT02: Mentari,2026-05-07,109
BRT06: South Quay-USJ 1,BRT02: Mentari,2026-05-08,135
BRT06: South Quay-USJ 1,BRT02: Mentari,2026-05-09,91
BRT06: South Quay-USJ 1,BRT02: Mentari,2026-05-10,119
BRT06: South Quay-USJ 1,BRT02: Mentari,2026-05-11,123
BRT06: South Quay-USJ 1,BRT02: Mentari,2026-05-12,115
BRT06: South Quay-USJ 1,BRT02: Mentari,2026-05-13,107
BRT06: South Quay-USJ 1,BRT02: Mentari,2026-05-14,134
BRT06: South Quay-USJ 1,BRT02: Mentari,2026-05-15,123
BRT06: South Quay-USJ 1,BRT03: Sunway Lagoon,2026-01-01,319
BRT06: South Quay-USJ 1,BRT03: Sunway Lagoon,2026-01-02,260
BRT06: South Quay-USJ 1,BRT03: Sunway Lagoon,2026-01-03,235
BRT06: South Quay-USJ 1,BRT03: Sunway Lagoon,2026-01-04,210
BRT06: South Quay-USJ 1,BRT03: Sunway Lagoon,2026-01-05,243
BRT06: South Quay-USJ 1,BRT03: Sunway Lagoon,2026-01-06,253
BRT06: South Quay-USJ 1,BRT03: Sunway Lagoon,2026-01-07,256
BRT06: South Quay-USJ 1,BRT03: Sunway Lagoon,2026-01-08,249
BRT06: South Quay-USJ 1,BRT03: Sunway Lagoon,2026-01-09,294
BRT06: South Quay-USJ 1,BRT03: Sunway Lagoon,2026-01-10,290
BRT06: South Quay-USJ 1,BRT03: Sunway Lagoon,2026-01-11,230
BRT06: South Quay-USJ 1,BRT03: Sunway Lagoon,2026-01-12,256
BRT06: South Quay-USJ 1,BRT03: Sunway Lagoon,2026-01-13,244
BRT06: South Quay-USJ 1,BRT03: Sunway Lagoon,2026-01-14,277
BRT06: South Quay-USJ 1,BRT03: Sunway Lagoon,2026-01-15,270
BRT06: South Quay-USJ 1,BRT03: Sunway Lagoon,2026-01-16,359
BRT06: South Quay-USJ 1,BRT03: Sunway Lagoon,2026-01-17,285
BRT06: South Quay-USJ 1,BRT03: Sunway Lagoon,2026-01-18,271
BRT06: South Quay-USJ 1,BRT03: Sunway Lagoon,2026-01-19,233
BRT06: South Quay-USJ 1,BRT03: Sunway Lagoon,2026-01-20,279
BRT06: South Quay-USJ 1,BRT03: Sunway Lagoon,2026-01-21,296
BRT06: South Quay-USJ 1,BRT03: Sunway Lagoon,2026-01-22,288
BRT06: South Quay-USJ 1,BRT03: Sunway Lagoon,2026-01-23,336
BRT06: South Quay-USJ 1,BRT03: Sunway Lagoon,2026-01-24,316
BRT06: South Quay-USJ 1,BRT03: Sunway Lagoon,2026-01-25,258
BRT06: South Quay-USJ 1,BRT03: Sunway Lagoon,2026-01-26,257
BRT06: South Quay-USJ 1,BRT03: Sunway Lagoon,2026-01-27,281
BRT06: South Quay-USJ 1,BRT03: Sunway Lagoon,2026-01-28,284
BRT06: South Quay-USJ 1,BRT03: Sunway Lagoon,2026-01-29,285
BRT06: South Quay-USJ 1,BRT03: Sunway Lagoon,2026-01-30,340
BRT06: South Quay-USJ 1,BRT03: Sunway Lagoon,2026-01-31,302
BRT06: South Quay-USJ 1,BRT03: Sunway Lagoon,2026-02-01,268
BRT06: South Quay-USJ 1,BRT03: Sunway Lagoon,2026-02-02,292
BRT06: South Quay-USJ 1,BRT03: Sunway Lagoon,2026-02-03,289
BRT06: South Quay-USJ 1,BRT03: Sunway Lagoon,2026-02-04,258
BRT06: South Quay-USJ 1,BRT03: Sunway Lagoon,2026-02-05,301
BRT06: South Quay-USJ 1,BRT03: Sunway Lagoon,2026-02-06,387
BRT06: South Quay-USJ 1,BRT03: Sunway Lagoon,2026-02-07,399
BRT06: South Quay-USJ 1,BRT03: Sunway Lagoon,2026-02-08,373
BRT06: South Quay-USJ 1,BRT03: Sunway Lagoon,2026-02-09,313
BRT06: South Quay-USJ 1,BRT03: Sunway Lagoon,2026-02-10,306
BRT06: South Quay-USJ 1,BRT03: Sunway Lagoon,2026-02-11,323
BRT06: South Quay-USJ 1,BRT03: Sunway Lagoon,2026-02-12,353
BRT06: South Quay-USJ 1,BRT03: Sunway Lagoon,2026-02-13,402
BRT06: South Quay-USJ 1,BRT03: Sunway Lagoon,2026-02-14,266
BRT06: South Quay-USJ 1,BRT03: Sunway Lagoon,2026-02-15,201
BRT06: South Quay-USJ 1,BRT03: Sunway Lagoon,2026-02-16,225
BRT06: South Quay-USJ 1,BRT03: Sunway Lagoon,2026-02-17,207
BRT06: South Quay-USJ 1,BRT03: Sunway Lagoon,2026-02-18,178
BRT06: South Quay-USJ 1,BRT03: Sunway Lagoon,2026-02-19,178
BRT06: South Quay-USJ 1,BRT03: Sunway Lagoon,2026-02-20,175
BRT06: South Quay-USJ 1,BRT03: Sunway Lagoon,2026-02-21,174
BRT06: South Quay-USJ 1,BRT03: Sunway Lagoon,2026-02-22,198
BRT06: South Quay-USJ 1,BRT03: Sunway Lagoon,2026-02-23,248
BRT06: South Quay-USJ 1,BRT03: Sunway Lagoon,2026-02-24,247
BRT06: South Quay-USJ 1,BRT03: Sunway Lagoon,2026-02-25,261
BRT06: South Quay-USJ 1,BRT03: Sunway Lagoon,2026-02-26,308
BRT06: South Quay-USJ 1,BRT03: Sunway Lagoon,2026-02-27,384
BRT06: South Quay-USJ 1,BRT03: Sunway Lagoon,2026-02-28,301
BRT06: South Quay-USJ 1,BRT03: Sunway Lagoon,2026-03-01,334
BRT06: South Quay-USJ 1,BRT03: Sunway Lagoon,2026-03-02,318
BRT06: South Quay-USJ 1,BRT03: Sunway Lagoon,2026-03-03,322
BRT06: South Quay-USJ 1,BRT03: Sunway Lagoon,2026-03-04,317
BRT06: South Quay-USJ 1,BRT03: Sunway Lagoon,2026-03-05,315
BRT06: South Quay-USJ 1,BRT03: Sunway Lagoon,2026-03-06,407
BRT06: South Quay-USJ 1,BRT03: Sunway Lagoon,2026-03-07,299
BRT06: South Quay-USJ 1,BRT03: Sunway Lagoon,2026-03-08,335
BRT06: South Quay-USJ 1,BRT03: Sunway Lagoon,2026-03-09,292
BRT06: South Quay-USJ 1,BRT03: Sunway Lagoon,2026-03-10,296
BRT06: South Quay-USJ 1,BRT03: Sunway Lagoon,2026-03-11,310
BRT06: South Quay-USJ 1,BRT03: Sunway Lagoon,2026-03-12,352
BRT06: South Quay-USJ 1,BRT03: Sunway Lagoon,2026-03-13,357
BRT06: South Quay-USJ 1,BRT03: Sunway Lagoon,2026-03-14,346
BRT06: South Quay-USJ 1,BRT03: Sunway Lagoon,2026-03-15,286
BRT06: South Quay-USJ 1,BRT03: Sunway Lagoon,2026-03-16,297
BRT06: South Quay-USJ 1,BRT03: Sunway Lagoon,2026-03-17,301
BRT06: South Quay-USJ 1,BRT03: Sunway Lagoon,2026-03-18,341
BRT06: South Quay-USJ 1,BRT03: Sunway Lagoon,2026-03-19,292
BRT06: South Quay-USJ 1,BRT03: Sunway Lagoon,2026-03-20,298
BRT06: South Quay-USJ 1,BRT03: Sunway Lagoon,2026-03-21,322
BRT06: South Quay-USJ 1,BRT03: Sunway Lagoon,2026-03-22,273
BRT06: South Quay-USJ 1,BRT03: Sunway Lagoon,2026-03-23,277
BRT06: South Quay-USJ 1,BRT03: Sunway Lagoon,2026-03-24,207
BRT06: South Quay-USJ 1,BRT03: Sunway Lagoon,2026-03-25,252
BRT06: South Quay-USJ 1,BRT03: Sunway Lagoon,2026-03-26,210
BRT06: South Quay-USJ 1,BRT03: Sunway Lagoon,2026-03-27,248
BRT06: South Quay-USJ 1,BRT03: Sunway Lagoon,2026-03-28,262
BRT06: South Quay-USJ 1,BRT03: Sunway Lagoon,2026-03-29,236
BRT06: South Quay-USJ 1,BRT03: Sunway Lagoon,2026-03-30,251
BRT06: South Quay-USJ 1,BRT03: Sunway Lagoon,2026-03-31,277
BRT06: South Quay-USJ 1,BRT03: Sunway Lagoon,2026-04-01,278
BRT06: South Quay-USJ 1,BRT03: Sunway Lagoon,2026-04-02,311
BRT06: South Quay-USJ 1,BRT03: Sunway Lagoon,2026-04-03,378
BRT06: South Quay-USJ 1,BRT03: Sunway Lagoon,2026-04-04,302
BRT06: South Quay-USJ 1,BRT03: Sunway Lagoon,2026-04-05,233
BRT06: South Quay-USJ 1,BRT03: Sunway Lagoon,2026-04-06,279
BRT06: South Quay-USJ 1,BRT03: Sunway Lagoon,2026-04-07,322
BRT06: South Quay-USJ 1,BRT03: Sunway Lagoon,2026-04-08,313
BRT06: South Quay-USJ 1,BRT03: Sunway Lagoon,2026-04-09,302
BRT06: South Quay-USJ 1,BRT03: Sunway Lagoon,2026-04-10,302
BRT06: South Quay-USJ 1,BRT03: Sunway Lagoon,2026-04-11,312
BRT06: South Quay-USJ 1,BRT03: Sunway Lagoon,2026-04-12,274
BRT06: South Quay-USJ 1,BRT03: Sunway Lagoon,2026-04-13,256
BRT06: South Quay-USJ 1,BRT03: Sunway Lagoon,2026-04-14,264
BRT06: South Quay-USJ 1,BRT03: Sunway Lagoon,2026-04-15,306
BRT06: South Quay-USJ 1,BRT03: Sunway Lagoon,2026-04-16,253
BRT06: South Quay-USJ 1,BRT03: Sunway Lagoon,2026-04-17,340
BRT06: South Quay-USJ 1,BRT03: Sunway Lagoon,2026-04-18,382
BRT06: South Quay-USJ 1,BRT03: Sunway Lagoon,2026-04-19,288
BRT06: South Quay-USJ 1,BRT03: Sunway Lagoon,2026-04-20,260
BRT06: South Quay-USJ 1,BRT03: Sunway Lagoon,2026-04-21,290
BRT06: South Quay-USJ 1,BRT03: Sunway Lagoon,2026-04-22,287
BRT06: South Quay-USJ 1,BRT03: Sunway Lagoon,2026-04-23,264
BRT06: South Quay-USJ 1,BRT03: Sunway Lagoon,2026-04-24,353
BRT06: South Quay-USJ 1,BRT03: Sunway Lagoon,2026-04-25,304
BRT06: South Quay-USJ 1,BRT03: Sunway Lagoon,2026-04-26,259
BRT06: South Quay-USJ 1,BRT03: Sunway Lagoon,2026-04-27,264
BRT06: South Quay-USJ 1,BRT03: Sunway Lagoon,2026-04-28,258
BRT06: South Quay-USJ 1,BRT03: Sunway Lagoon,2026-04-29,258
BRT06: South Quay-USJ 1,BRT03: Sunway Lagoon,2026-04-30,277
BRT06: South Quay-USJ 1,BRT03: Sunway Lagoon,2026-05-01,302
BRT06: South Quay-USJ 1,BRT03: Sunway Lagoon,2026-05-02,300
BRT06: South Quay-USJ 1,BRT03: Sunway Lagoon,2026-05-03,280
BRT06: South Quay-USJ 1,BRT03: Sunway Lagoon,2026-05-04,282
BRT06: South Quay-USJ 1,BRT03: Sunway Lagoon,2026-05-05,285
BRT06: South Quay-USJ 1,BRT03: Sunway Lagoon,2026-05-06,286
BRT06: South Quay-USJ 1,BRT03: Sunway Lagoon,2026-05-07,325
BRT06: South Quay-USJ 1,BRT03: Sunway Lagoon,2026-05-08,368
BRT06: South Quay-USJ 1,BRT03: Sunway Lagoon,2026-05-09,368
BRT06: South Quay-USJ 1,BRT03: Sunway Lagoon,2026-05-10,287
BRT06: South Quay-USJ 1,BRT03: Sunway Lagoon,2026-05-11,281
BRT06: South Quay-USJ 1,BRT03: Sunway Lagoon,2026-05-12,259
BRT06: South Quay-USJ 1,BRT03: Sunway Lagoon,2026-05-13,283
BRT06: South Quay-USJ 1,BRT03: Sunway Lagoon,2026-05-14,300
BRT06: South Quay-USJ 1,BRT03: Sunway Lagoon,2026-05-15,323
BRT06: South Quay-USJ 1,BRT04: SunMed,2026-01-01,216
BRT06: South Quay-USJ 1,BRT04: SunMed,2026-01-02,307
BRT06: South Quay-USJ 1,BRT04: SunMed,2026-01-03,284
BRT06: South Quay-USJ 1,BRT04: SunMed,2026-01-04,301
BRT06: South Quay-USJ 1,BRT04: SunMed,2026-01-05,400
BRT06: South Quay-USJ 1,BRT04: SunMed,2026-01-06,408
BRT06: South Quay-USJ 1,BRT04: SunMed,2026-01-07,401
BRT06: South Quay-USJ 1,BRT04: SunMed,2026-01-08,365
BRT06: South Quay-USJ 1,BRT04: SunMed,2026-01-09,388
BRT06: South Quay-USJ 1,BRT04: SunMed,2026-01-10,365
BRT06: South Quay-USJ 1,BRT04: SunMed,2026-01-11,294
BRT06: South Quay-USJ 1,BRT04: SunMed,2026-01-12,424
BRT06: South Quay-USJ 1,BRT04: SunMed,2026-01-13,458
BRT06: South Quay-USJ 1,BRT04: SunMed,2026-01-14,589
BRT06: South Quay-USJ 1,BRT04: SunMed,2026-01-15,556
BRT06: South Quay-USJ 1,BRT04: SunMed,2026-01-16,597
BRT06: South Quay-USJ 1,BRT04: SunMed,2026-01-17,267
BRT06: South Quay-USJ 1,BRT04: SunMed,2026-01-18,257
BRT06: South Quay-USJ 1,BRT04: SunMed,2026-01-19,606
BRT06: South Quay-USJ 1,BRT04: SunMed,2026-01-20,576
BRT06: South Quay-USJ 1,BRT04: SunMed,2026-01-21,550
BRT06: South Quay-USJ 1,BRT04: SunMed,2026-01-22,558
BRT06: South Quay-USJ 1,BRT04: SunMed,2026-01-23,574
BRT06: South Quay-USJ 1,BRT04: SunMed,2026-01-24,283
BRT06: South Quay-USJ 1,BRT04: SunMed,2026-01-25,257
BRT06: South Quay-USJ 1,BRT04: SunMed,2026-01-26,547
BRT06: South Quay-USJ 1,BRT04: SunMed,2026-01-27,540
BRT06: South Quay-USJ 1,BRT04: SunMed,2026-01-28,574
BRT06: South Quay-USJ 1,BRT04: SunMed,2026-01-29,608
BRT06: South Quay-USJ 1,BRT04: SunMed,2026-01-30,562
BRT06: South Quay-USJ 1,BRT04: SunMed,2026-01-31,277
BRT06: South Quay-USJ 1,BRT04: SunMed,2026-02-01,259
BRT06: South Quay-USJ 1,BRT04: SunMed,2026-02-02,295
BRT06: South Quay-USJ 1,BRT04: SunMed,2026-02-03,685
BRT06: South Quay-USJ 1,BRT04: SunMed,2026-02-04,640
BRT06: South Quay-USJ 1,BRT04: SunMed,2026-02-05,683
BRT06: South Quay-USJ 1,BRT04: SunMed,2026-02-06,657
BRT06: South Quay-USJ 1,BRT04: SunMed,2026-02-07,380
BRT06: South Quay-USJ 1,BRT04: SunMed,2026-02-08,313
BRT06: South Quay-USJ 1,BRT04: SunMed,2026-02-09,656
BRT06: South Quay-USJ 1,BRT04: SunMed,2026-02-10,635
BRT06: South Quay-USJ 1,BRT04: SunMed,2026-02-11,663
BRT06: South Quay-USJ 1,BRT04: SunMed,2026-02-12,712
BRT06: South Quay-USJ 1,BRT04: SunMed,2026-02-13,654
BRT06: South Quay-USJ 1,BRT04: SunMed,2026-02-14,260
BRT06: South Quay-USJ 1,BRT04: SunMed,2026-02-15,236
BRT06: South Quay-USJ 1,BRT04: SunMed,2026-02-16,265
BRT06: South Quay-USJ 1,BRT04: SunMed,2026-02-17,229
BRT06: South Quay-USJ 1,BRT04: SunMed,2026-02-18,247
BRT06: South Quay-USJ 1,BRT04: SunMed,2026-02-19,255
BRT06: South Quay-USJ 1,BRT04: SunMed,2026-02-20,278
BRT06: South Quay-USJ 1,BRT04: SunMed,2026-02-21,225
BRT06: South Quay-USJ 1,BRT04: SunMed,2026-02-22,211
BRT06: South Quay-USJ 1,BRT04: SunMed,2026-02-23,587
BRT06: South Quay-USJ 1,BRT04: SunMed,2026-02-24,616
BRT06: South Quay-USJ 1,BRT04: SunMed,2026-02-25,605
BRT06: South Quay-USJ 1,BRT04: SunMed,2026-02-26,622
BRT06: South Quay-USJ 1,BRT04: SunMed,2026-02-27,592
BRT06: South Quay-USJ 1,BRT04: SunMed,2026-02-28,367
BRT06: South Quay-USJ 1,BRT04: SunMed,2026-03-01,369
BRT06: South Quay-USJ 1,BRT04: SunMed,2026-03-02,613
BRT06: South Quay-USJ 1,BRT04: SunMed,2026-03-03,719
BRT06: South Quay-USJ 1,BRT04: SunMed,2026-03-04,651
BRT06: South Quay-USJ 1,BRT04: SunMed,2026-03-05,648
BRT06: South Quay-USJ 1,BRT04: SunMed,2026-03-06,605
BRT06: South Quay-USJ 1,BRT04: SunMed,2026-03-07,323
BRT06: South Quay-USJ 1,BRT04: SunMed,2026-03-08,299
BRT06: South Quay-USJ 1,BRT04: SunMed,2026-03-09,645
BRT06: South Quay-USJ 1,BRT04: SunMed,2026-03-10,647
BRT06: South Quay-USJ 1,BRT04: SunMed,2026-03-11,645
BRT06: South Quay-USJ 1,BRT04: SunMed,2026-03-12,648
BRT06: South Quay-USJ 1,BRT04: SunMed,2026-03-13,667
BRT06: South Quay-USJ 1,BRT04: SunMed,2026-03-14,325
BRT06: South Quay-USJ 1,BRT04: SunMed,2026-03-15,279
BRT06: South Quay-USJ 1,BRT04: SunMed,2026-03-16,569
BRT06: South Quay-USJ 1,BRT04: SunMed,2026-03-17,670
BRT06: South Quay-USJ 1,BRT04: SunMed,2026-03-18,642
BRT06: South Quay-USJ 1,BRT04: SunMed,2026-03-19,607
BRT06: South Quay-USJ 1,BRT04: SunMed,2026-03-20,325
BRT06: South Quay-USJ 1,BRT04: SunMed,2026-03-21,282
BRT06: South Quay-USJ 1,BRT04: SunMed,2026-03-22,263
BRT06: South Quay-USJ 1,BRT04: SunMed,2026-03-23,224
BRT06: South Quay-USJ 1,BRT04: SunMed,2026-03-24,328
BRT06: South Quay-USJ 1,BRT04: SunMed,2026-03-25,307
BRT06: South Quay-USJ 1,BRT04: SunMed,2026-03-26,307
BRT06: South Quay-USJ 1,BRT04: SunMed,2026-03-27,331
BRT06: South Quay-USJ 1,BRT04: SunMed,2026-03-28,265
BRT06: South Quay-USJ 1,BRT04: SunMed,2026-03-29,298
BRT06: South Quay-USJ 1,BRT04: SunMed,2026-03-30,565
BRT06: South Quay-USJ 1,BRT04: SunMed,2026-03-31,571
BRT06: South Quay-USJ 1,BRT04: SunMed,2026-04-01,589
BRT06: South Quay-USJ 1,BRT04: SunMed,2026-04-02,491
BRT06: South Quay-USJ 1,BRT04: SunMed,2026-04-03,540
BRT06: South Quay-USJ 1,BRT04: SunMed,2026-04-04,416
BRT06: South Quay-USJ 1,BRT04: SunMed,2026-04-05,301
BRT06: South Quay-USJ 1,BRT04: SunMed,2026-04-06,559
BRT06: South Quay-USJ 1,BRT04: SunMed,2026-04-07,583
BRT06: South Quay-USJ 1,BRT04: SunMed,2026-04-08,575
BRT06: South Quay-USJ 1,BRT04: SunMed,2026-04-09,560
BRT06: South Quay-USJ 1,BRT04: SunMed,2026-04-10,588
BRT06: South Quay-USJ 1,BRT04: SunMed,2026-04-11,347
BRT06: South Quay-USJ 1,BRT04: SunMed,2026-04-12,317
BRT06: South Quay-USJ 1,BRT04: SunMed,2026-04-13,591
BRT06: South Quay-USJ 1,BRT04: SunMed,2026-04-14,607
BRT06: South Quay-USJ 1,BRT04: SunMed,2026-04-15,579
BRT06: South Quay-USJ 1,BRT04: SunMed,2026-04-16,564
BRT06: South Quay-USJ 1,BRT04: SunMed,2026-04-17,587
BRT06: South Quay-USJ 1,BRT04: SunMed,2026-04-18,353
BRT06: South Quay-USJ 1,BRT04: SunMed,2026-04-19,281
BRT06: South Quay-USJ 1,BRT04: SunMed,2026-04-20,686
BRT06: South Quay-USJ 1,BRT04: SunMed,2026-04-21,706
BRT06: South Quay-USJ 1,BRT04: SunMed,2026-04-22,710
BRT06: South Quay-USJ 1,BRT04: SunMed,2026-04-23,694
BRT06: South Quay-USJ 1,BRT04: SunMed,2026-04-24,644
BRT06: South Quay-USJ 1,BRT04: SunMed,2026-04-25,360
BRT06: South Quay-USJ 1,BRT04: SunMed,2026-04-26,326
BRT06: South Quay-USJ 1,BRT04: SunMed,2026-04-27,769
BRT06: South Quay-USJ 1,BRT04: SunMed,2026-04-28,731
BRT06: South Quay-USJ 1,BRT04: SunMed,2026-04-29,731
BRT06: South Quay-USJ 1,BRT04: SunMed,2026-04-30,714
BRT06: South Quay-USJ 1,BRT04: SunMed,2026-05-01,317
BRT06: South Quay-USJ 1,BRT04: SunMed,2026-05-02,354
BRT06: South Quay-USJ 1,BRT04: SunMed,2026-05-03,292
BRT06: South Quay-USJ 1,BRT04: SunMed,2026-05-04,732
BRT06: South Quay-USJ 1,BRT04: SunMed,2026-05-05,743
BRT06: South Quay-USJ 1,BRT04: SunMed,2026-05-06,750
BRT06: South Quay-USJ 1,BRT04: SunMed,2026-05-07,784
BRT06: South Quay-USJ 1,BRT04: SunMed,2026-05-08,701
BRT06: South Quay-USJ 1,BRT04: SunMed,2026-05-09,407
BRT06: South Quay-USJ 1,BRT04: SunMed,2026-05-10,335
BRT06: South Quay-USJ 1,BRT04: SunMed,2026-05-11,772
BRT06: South Quay-USJ 1,BRT04: SunMed,2026-05-12,790
BRT06: South Quay-USJ 1,BRT04: SunMed,2026-05-13,733
BRT06: South Quay-USJ 1,BRT04: SunMed,2026-05-14,729
BRT06: South Quay-USJ 1,BRT04: SunMed,2026-05-15,654
BRT06: South Quay-USJ 1,BRT05: SunU-Monash,2026-01-01,134
BRT06: South Quay-USJ 1,BRT05: SunU-Monash,2026-01-02,274
BRT06: South Quay-USJ 1,BRT05: SunU-Monash,2026-01-03,198
BRT06: South Quay-USJ 1,BRT05: SunU-Monash,2026-01-04,177
BRT06: South Quay-USJ 1,BRT05: SunU-Monash,2026-01-05,446
BRT06: South Quay-USJ 1,BRT05: SunU-Monash,2026-01-06,432
BRT06: South Quay-USJ 1,BRT05: SunU-Monash,2026-01-07,483
BRT06: South Quay-USJ 1,BRT05: SunU-Monash,2026-01-08,483
BRT06: South Quay-USJ 1,BRT05: SunU-Monash,2026-01-09,417
BRT06: South Quay-USJ 1,BRT05: SunU-Monash,2026-01-10,334
BRT06: South Quay-USJ 1,BRT05: SunU-Monash,2026-01-11,204
BRT06: South Quay-USJ 1,BRT05: SunU-Monash,2026-01-12,472
BRT06: South Quay-USJ 1,BRT05: SunU-Monash,2026-01-13,522
BRT06: South Quay-USJ 1,BRT05: SunU-Monash,2026-01-14,544
BRT06: South Quay-USJ 1,BRT05: SunU-Monash,2026-01-15,565
BRT06: South Quay-USJ 1,BRT05: SunU-Monash,2026-01-16,484
BRT06: South Quay-USJ 1,BRT05: SunU-Monash,2026-01-17,276
BRT06: South Quay-USJ 1,BRT05: SunU-Monash,2026-01-18,221
BRT06: South Quay-USJ 1,BRT05: SunU-Monash,2026-01-19,513
BRT06: South Quay-USJ 1,BRT05: SunU-Monash,2026-01-20,541
BRT06: South Quay-USJ 1,BRT05: SunU-Monash,2026-01-21,518
BRT06: South Quay-USJ 1,BRT05: SunU-Monash,2026-01-22,582
BRT06: South Quay-USJ 1,BRT05: SunU-Monash,2026-01-23,476
BRT06: South Quay-USJ 1,BRT05: SunU-Monash,2026-01-24,274
BRT06: South Quay-USJ 1,BRT05: SunU-Monash,2026-01-25,222
BRT06: South Quay-USJ 1,BRT05: SunU-Monash,2026-01-26,502
BRT06: South Quay-USJ 1,BRT05: SunU-Monash,2026-01-27,521
BRT06: South Quay-USJ 1,BRT05: SunU-Monash,2026-01-28,512
BRT06: South Quay-USJ 1,BRT05: SunU-Monash,2026-01-29,494
BRT06: South Quay-USJ 1,BRT05: SunU-Monash,2026-01-30,472
BRT06: South Quay-USJ 1,BRT05: SunU-Monash,2026-01-31,241
BRT06: South Quay-USJ 1,BRT05: SunU-Monash,2026-02-01,219
BRT06: South Quay-USJ 1,BRT05: SunU-Monash,2026-02-02,239
BRT06: South Quay-USJ 1,BRT05: SunU-Monash,2026-02-03,628
BRT06: South Quay-USJ 1,BRT05: SunU-Monash,2026-02-04,583
BRT06: South Quay-USJ 1,BRT05: SunU-Monash,2026-02-05,625
BRT06: South Quay-USJ 1,BRT05: SunU-Monash,2026-02-06,597
BRT06: South Quay-USJ 1,BRT05: SunU-Monash,2026-02-07,302
BRT06: South Quay-USJ 1,BRT05: SunU-Monash,2026-02-08,255
BRT06: South Quay-USJ 1,BRT05: SunU-Monash,2026-02-09,667
BRT06: South Quay-USJ 1,BRT05: SunU-Monash,2026-02-10,688
BRT06: South Quay-USJ 1,BRT05: SunU-Monash,2026-02-11,654
BRT06: South Quay-USJ 1,BRT05: SunU-Monash,2026-02-12,661
BRT06: South Quay-USJ 1,BRT05: SunU-Monash,2026-02-13,611
BRT06: South Quay-USJ 1,BRT05: SunU-Monash,2026-02-14,211
BRT06: South Quay-USJ 1,BRT05: SunU-Monash,2026-02-15,189
BRT06: South Quay-USJ 1,BRT05: SunU-Monash,2026-02-16,213
BRT06: South Quay-USJ 1,BRT05: SunU-Monash,2026-02-17,182
BRT06: South Quay-USJ 1,BRT05: SunU-Monash,2026-02-18,169
BRT06: South Quay-USJ 1,BRT05: SunU-Monash,2026-02-19,243
BRT06: South Quay-USJ 1,BRT05: SunU-Monash,2026-02-20,222
BRT06: South Quay-USJ 1,BRT05: SunU-Monash,2026-02-21,221
BRT06: South Quay-USJ 1,BRT05: SunU-Monash,2026-02-22,169
BRT06: South Quay-USJ 1,BRT05: SunU-Monash,2026-02-23,667
BRT06: South Quay-USJ 1,BRT05: SunU-Monash,2026-02-24,723
BRT06: South Quay-USJ 1,BRT05: SunU-Monash,2026-02-25,769
BRT06: South Quay-USJ 1,BRT05: SunU-Monash,2026-02-26,764
BRT06: South Quay-USJ 1,BRT05: SunU-Monash,2026-02-27,785
BRT06: South Quay-USJ 1,BRT05: SunU-Monash,2026-02-28,391
BRT06: South Quay-USJ 1,BRT05: SunU-Monash,2026-03-01,384
BRT06: South Quay-USJ 1,BRT05: SunU-Monash,2026-03-02,1289
BRT06: South Quay-USJ 1,BRT05: SunU-Monash,2026-03-03,1422
BRT06: South Quay-USJ 1,BRT05: SunU-Monash,2026-03-04,1364
BRT06: South Quay-USJ 1,BRT05: SunU-Monash,2026-03-05,1276
BRT06: South Quay-USJ 1,BRT05: SunU-Monash,2026-03-06,1096
BRT06: South Quay-USJ 1,BRT05: SunU-Monash,2026-03-07,424
BRT06: South Quay-USJ 1,BRT05: SunU-Monash,2026-03-08,346
BRT06: South Quay-USJ 1,BRT05: SunU-Monash,2026-03-09,1214
BRT06: South Quay-USJ 1,BRT05: SunU-Monash,2026-03-10,1332
BRT06: South Quay-USJ 1,BRT05: SunU-Monash,2026-03-11,1307
BRT06: South Quay-USJ 1,BRT05: SunU-Monash,2026-03-12,1268
BRT06: South Quay-USJ 1,BRT05: SunU-Monash,2026-03-13,1098
BRT06: South Quay-USJ 1,BRT05: SunU-Monash,2026-03-14,474
BRT06: South Quay-USJ 1,BRT05: SunU-Monash,2026-03-15,348
BRT06: South Quay-USJ 1,BRT05: SunU-Monash,2026-03-16,1257
BRT06: South Quay-USJ 1,BRT05: SunU-Monash,2026-03-17,1324
BRT06: South Quay-USJ 1,BRT05: SunU-Monash,2026-03-18,1310
BRT06: South Quay-USJ 1,BRT05: SunU-Monash,2026-03-19,1190
BRT06: South Quay-USJ 1,BRT05: SunU-Monash,2026-03-20,312
BRT06: South Quay-USJ 1,BRT05: SunU-Monash,2026-03-21,273
BRT06: South Quay-USJ 1,BRT05: SunU-Monash,2026-03-22,261
BRT06: South Quay-USJ 1,BRT05: SunU-Monash,2026-03-23,304
BRT06: South Quay-USJ 1,BRT05: SunU-Monash,2026-03-24,972
BRT06: South Quay-USJ 1,BRT05: SunU-Monash,2026-03-25,1014
BRT06: South Quay-USJ 1,BRT05: SunU-Monash,2026-03-26,966
BRT06: South Quay-USJ 1,BRT05: SunU-Monash,2026-03-27,829
BRT06: South Quay-USJ 1,BRT05: SunU-Monash,2026-03-28,395
BRT06: South Quay-USJ 1,BRT05: SunU-Monash,2026-03-29,338
BRT06: South Quay-USJ 1,BRT05: SunU-Monash,2026-03-30,1008
BRT06: South Quay-USJ 1,BRT05: SunU-Monash,2026-03-31,1097
BRT06: South Quay-USJ 1,BRT05: SunU-Monash,2026-04-01,1187
BRT06: South Quay-USJ 1,BRT05: SunU-Monash,2026-04-02,1065
BRT06: South Quay-USJ 1,BRT05: SunU-Monash,2026-04-03,915
BRT06: South Quay-USJ 1,BRT05: SunU-Monash,2026-04-04,373
BRT06: South Quay-USJ 1,BRT05: SunU-Monash,2026-04-05,304
BRT06: South Quay-USJ 1,BRT05: SunU-Monash,2026-04-06,534
BRT06: South Quay-USJ 1,BRT05: SunU-Monash,2026-04-07,546
BRT06: South Quay-USJ 1,BRT05: SunU-Monash,2026-04-08,523
BRT06: South Quay-USJ 1,BRT05: SunU-Monash,2026-04-09,587
BRT06: South Quay-USJ 1,BRT05: SunU-Monash,2026-04-10,576
BRT06: South Quay-USJ 1,BRT05: SunU-Monash,2026-04-11,389
BRT06: South Quay-USJ 1,BRT05: SunU-Monash,2026-04-12,370
BRT06: South Quay-USJ 1,BRT05: SunU-Monash,2026-04-13,1011
BRT06: South Quay-USJ 1,BRT05: SunU-Monash,2026-04-14,1098
BRT06: South Quay-USJ 1,BRT05: SunU-Monash,2026-04-15,1134
BRT06: South Quay-USJ 1,BRT05: SunU-Monash,2026-04-16,1107
BRT06: South Quay-USJ 1,BRT05: SunU-Monash,2026-04-17,919
BRT06: South Quay-USJ 1,BRT05: SunU-Monash,2026-04-18,435
BRT06: South Quay-USJ 1,BRT05: SunU-Monash,2026-04-19,344
BRT06: South Quay-USJ 1,BRT05: SunU-Monash,2026-04-20,1022
BRT06: South Quay-USJ 1,BRT05: SunU-Monash,2026-04-21,1079
BRT06: South Quay-USJ 1,BRT05: SunU-Monash,2026-04-22,1050
BRT06: South Quay-USJ 1,BRT05: SunU-Monash,2026-04-23,1013
BRT06: South Quay-USJ 1,BRT05: SunU-Monash,2026-04-24,874
BRT06: South Quay-USJ 1,BRT05: SunU-Monash,2026-04-25,402
BRT06: South Quay-USJ 1,BRT05: SunU-Monash,2026-04-26,343
BRT06: South Quay-USJ 1,BRT05: SunU-Monash,2026-04-27,1045
BRT06: South Quay-USJ 1,BRT05: SunU-Monash,2026-04-28,1099
BRT06: South Quay-USJ 1,BRT05: SunU-Monash,2026-04-29,1172
BRT06: South Quay-USJ 1,BRT05: SunU-Monash,2026-04-30,1145
BRT06: South Quay-USJ 1,BRT05: SunU-Monash,2026-05-01,333
BRT06: South Quay-USJ 1,BRT05: SunU-Monash,2026-05-02,462
BRT06: South Quay-USJ 1,BRT05: SunU-Monash,2026-05-03,358
BRT06: South Quay-USJ 1,BRT05: SunU-Monash,2026-05-04,1156
BRT06: South Quay-USJ 1,BRT05: SunU-Monash,2026-05-05,1272
BRT06: South Quay-USJ 1,BRT05: SunU-Monash,2026-05-06,1275
BRT06: South Quay-USJ 1,BRT05: SunU-Monash,2026-05-07,1278
BRT06: South Quay-USJ 1,BRT05: SunU-Monash,2026-05-08,1042
BRT06: South Quay-USJ 1,BRT05: SunU-Monash,2026-05-09,432
BRT06: South Quay-USJ 1,BRT05: SunU-Monash,2026-05-10,411
BRT06: South Quay-USJ 1,BRT05: SunU-Monash,2026-05-11,1308
BRT06: South Quay-USJ 1,BRT05: SunU-Monash,2026-05-12,1385
BRT06: South Quay-USJ 1,BRT05: SunU-Monash,2026-05-13,1401
BRT06: South Quay-USJ 1,BRT05: SunU-Monash,2026-05-14,1365
BRT06: South Quay-USJ 1,BRT05: SunU-Monash,2026-05-15,1134
BRT06: South Quay-USJ 1,BRT06: South Quay-USJ 1,2026-01-01,29
BRT06: South Quay-USJ 1,BRT06: South Quay-USJ 1,2026-01-02,29
BRT06: South Quay-USJ 1,BRT06: South Quay-USJ 1,2026-01-03,19
BRT06: South Quay-USJ 1,BRT06: South Quay-USJ 1,2026-01-04,27
BRT06: South Quay-USJ 1,BRT06: South Quay-USJ 1,2026-01-05,36
BRT06: South Quay-USJ 1,BRT06: South Quay-USJ 1,2026-01-06,31
BRT06: South Quay-USJ 1,BRT06: South Quay-USJ 1,2026-01-07,40
BRT06: South Quay-USJ 1,BRT06: South Quay-USJ 1,2026-01-08,24
BRT06: South Quay-USJ 1,BRT06: South Quay-USJ 1,2026-01-09,28
BRT06: South Quay-USJ 1,BRT06: South Quay-USJ 1,2026-01-10,39
BRT06: South Quay-USJ 1,BRT06: South Quay-USJ 1,2026-01-11,34
BRT06: South Quay-USJ 1,BRT06: South Quay-USJ 1,2026-01-12,30
BRT06: South Quay-USJ 1,BRT06: South Quay-USJ 1,2026-01-13,34
BRT06: South Quay-USJ 1,BRT06: South Quay-USJ 1,2026-01-14,41
BRT06: South Quay-USJ 1,BRT06: South Quay-USJ 1,2026-01-15,22
BRT06: South Quay-USJ 1,BRT06: South Quay-USJ 1,2026-01-16,49
BRT06: South Quay-USJ 1,BRT06: South Quay-USJ 1,2026-01-17,27
BRT06: South Quay-USJ 1,BRT06: South Quay-USJ 1,2026-01-18,29
BRT06: South Quay-USJ 1,BRT06: South Quay-USJ 1,2026-01-19,41
BRT06: South Quay-USJ 1,BRT06: South Quay-USJ 1,2026-01-20,47
BRT06: South Quay-USJ 1,BRT06: South Quay-USJ 1,2026-01-21,22
BRT06: South Quay-USJ 1,BRT06: South Quay-USJ 1,2026-01-22,41
BRT06: South Quay-USJ 1,BRT06: South Quay-USJ 1,2026-01-23,33
BRT06: South Quay-USJ 1,BRT06: South Quay-USJ 1,2026-01-24,30
BRT06: South Quay-USJ 1,BRT06: South Quay-USJ 1,2026-01-25,49
BRT06: South Quay-USJ 1,BRT06: South Quay-USJ 1,2026-01-26,51
BRT06: South Quay-USJ 1,BRT06: South Quay-USJ 1,2026-01-27,36
BRT06: South Quay-USJ 1,BRT06: South Quay-USJ 1,2026-01-28,38
BRT06: South Quay-USJ 1,BRT06: South Quay-USJ 1,2026-01-29,31
BRT06: South Quay-USJ 1,BRT06: South Quay-USJ 1,2026-01-30,36
BRT06: South Quay-USJ 1,BRT06: South Quay-USJ 1,2026-01-31,30
BRT06: South Quay-USJ 1,BRT06: South Quay-USJ 1,2026-02-01,21
BRT06: South Quay-USJ 1,BRT06: South Quay-USJ 1,2026-02-02,43
BRT06: South Quay-USJ 1,BRT06: South Quay-USJ 1,2026-02-03,42
BRT06: South Quay-USJ 1,BRT06: South Quay-USJ 1,2026-02-04,34
BRT06: South Quay-USJ 1,BRT06: South Quay-USJ 1,2026-02-05,41
BRT06: South Quay-USJ 1,BRT06: South Quay-USJ 1,2026-02-06,46
BRT06: South Quay-USJ 1,BRT06: South Quay-USJ 1,2026-02-07,35
BRT06: South Quay-USJ 1,BRT06: South Quay-USJ 1,2026-02-08,35
BRT06: South Quay-USJ 1,BRT06: South Quay-USJ 1,2026-02-09,45
BRT06: South Quay-USJ 1,BRT06: South Quay-USJ 1,2026-02-10,47
BRT06: South Quay-USJ 1,BRT06: South Quay-USJ 1,2026-02-11,52
BRT06: South Quay-USJ 1,BRT06: South Quay-USJ 1,2026-02-12,36
BRT06: South Quay-USJ 1,BRT06: South Quay-USJ 1,2026-02-13,78
BRT06: South Quay-USJ 1,BRT06: South Quay-USJ 1,2026-02-14,37
BRT06: South Quay-USJ 1,BRT06: South Quay-USJ 1,2026-02-15,43
BRT06: South Quay-USJ 1,BRT06: South Quay-USJ 1,2026-02-16,29
BRT06: South Quay-USJ 1,BRT06: South Quay-USJ 1,2026-02-17,33
BRT06: South Quay-USJ 1,BRT06: South Quay-USJ 1,2026-02-18,39
BRT06: South Quay-USJ 1,BRT06: South Quay-USJ 1,2026-02-19,23
BRT06: South Quay-USJ 1,BRT06: South Quay-USJ 1,2026-02-20,20
BRT06: South Quay-USJ 1,BRT06: South Quay-USJ 1,2026-02-21,27
BRT06: South Quay-USJ 1,BRT06: South Quay-USJ 1,2026-02-22,43
BRT06: South Quay-USJ 1,BRT06: South Quay-USJ 1,2026-02-23,42
BRT06: South Quay-USJ 1,BRT06: South Quay-USJ 1,2026-02-24,46
BRT06: South Quay-USJ 1,BRT06: South Quay-USJ 1,2026-02-25,50
BRT06: South Quay-USJ 1,BRT06: South Quay-USJ 1,2026-02-26,43
BRT06: South Quay-USJ 1,BRT06: South Quay-USJ 1,2026-02-27,47
BRT06: South Quay-USJ 1,BRT06: South Quay-USJ 1,2026-02-28,53
BRT06: South Quay-USJ 1,BRT06: South Quay-USJ 1,2026-03-01,50
BRT06: South Quay-USJ 1,BRT06: South Quay-USJ 1,2026-03-02,31
BRT06: South Quay-USJ 1,BRT06: South Quay-USJ 1,2026-03-03,47
BRT06: South Quay-USJ 1,BRT06: South Quay-USJ 1,2026-03-04,35
BRT06: South Quay-USJ 1,BRT06: South Quay-USJ 1,2026-03-05,37
BRT06: South Quay-USJ 1,BRT06: South Quay-USJ 1,2026-03-06,50
BRT06: South Quay-USJ 1,BRT06: South Quay-USJ 1,2026-03-07,41
BRT06: South Quay-USJ 1,BRT06: South Quay-USJ 1,2026-03-08,41
BRT06: South Quay-USJ 1,BRT06: South Quay-USJ 1,2026-03-09,44
BRT06: South Quay-USJ 1,BRT06: South Quay-USJ 1,2026-03-10,34
BRT06: South Quay-USJ 1,BRT06: South Quay-USJ 1,2026-03-11,51
BRT06: South Quay-USJ 1,BRT06: South Quay-USJ 1,2026-03-12,38
BRT06: South Quay-USJ 1,BRT06: South Quay-USJ 1,2026-03-13,31
BRT06: South Quay-USJ 1,BRT06: South Quay-USJ 1,2026-03-14,36
BRT06: South Quay-USJ 1,BRT06: South Quay-USJ 1,2026-03-15,48
BRT06: South Quay-USJ 1,BRT06: South Quay-USJ 1,2026-03-16,55
BRT06: South Quay-USJ 1,BRT06: South Quay-USJ 1,2026-03-17,26
BRT06: South Quay-USJ 1,BRT06: South Quay-USJ 1,2026-03-18,36
BRT06: South Quay-USJ 1,BRT06: South Quay-USJ 1,2026-03-19,34
BRT06: South Quay-USJ 1,BRT06: South Quay-USJ 1,2026-03-20,23
BRT06: South Quay-USJ 1,BRT06: South Quay-USJ 1,2026-03-21,35
BRT06: South Quay-USJ 1,BRT06: South Quay-USJ 1,2026-03-22,19
BRT06: South Quay-USJ 1,BRT06: South Quay-USJ 1,2026-03-23,51
BRT06: South Quay-USJ 1,BRT06: South Quay-USJ 1,2026-03-24,36
BRT06: South Quay-USJ 1,BRT06: South Quay-USJ 1,2026-03-25,30
BRT06: South Quay-USJ 1,BRT06: South Quay-USJ 1,2026-03-26,41
BRT06: South Quay-USJ 1,BRT06: South Quay-USJ 1,2026-03-27,47
BRT06: South Quay-USJ 1,BRT06: South Quay-USJ 1,2026-03-28,26
BRT06: South Quay-USJ 1,BRT06: South Quay-USJ 1,2026-03-29,27
BRT06: South Quay-USJ 1,BRT06: South Quay-USJ 1,2026-03-30,25
BRT06: South Quay-USJ 1,BRT06: South Quay-USJ 1,2026-03-31,30
BRT06: South Quay-USJ 1,BRT06: South Quay-USJ 1,2026-04-01,50
BRT06: South Quay-USJ 1,BRT06: South Quay-USJ 1,2026-04-02,33
BRT06: South Quay-USJ 1,BRT06: South Quay-USJ 1,2026-04-03,34
BRT06: South Quay-USJ 1,BRT06: South Quay-USJ 1,2026-04-04,36
BRT06: South Quay-USJ 1,BRT06: South Quay-USJ 1,2026-04-05,37
BRT06: South Quay-USJ 1,BRT06: South Quay-USJ 1,2026-04-06,30
BRT06: South Quay-USJ 1,BRT06: South Quay-USJ 1,2026-04-07,35
BRT06: South Quay-USJ 1,BRT06: South Quay-USJ 1,2026-04-08,41
BRT06: South Quay-USJ 1,BRT06: South Quay-USJ 1,2026-04-09,21
BRT06: South Quay-USJ 1,BRT06: South Quay-USJ 1,2026-04-10,29
BRT06: South Quay-USJ 1,BRT06: South Quay-USJ 1,2026-04-11,37
BRT06: South Quay-USJ 1,BRT06: South Quay-USJ 1,2026-04-12,40
BRT06: South Quay-USJ 1,BRT06: South Quay-USJ 1,2026-04-13,41
BRT06: South Quay-USJ 1,BRT06: South Quay-USJ 1,2026-04-14,33
BRT06: South Quay-USJ 1,BRT06: South Quay-USJ 1,2026-04-15,29
BRT06: South Quay-USJ 1,BRT06: South Quay-USJ 1,2026-04-16,48
BRT06: South Quay-USJ 1,BRT06: South Quay-USJ 1,2026-04-17,25
BRT06: South Quay-USJ 1,BRT06: South Quay-USJ 1,2026-04-18,48
BRT06: South Quay-USJ 1,BRT06: South Quay-USJ 1,2026-04-19,35
BRT06: South Quay-USJ 1,BRT06: South Quay-USJ 1,2026-04-20,42
BRT06: South Quay-USJ 1,BRT06: South Quay-USJ 1,2026-04-21,47
BRT06: South Quay-USJ 1,BRT06: South Quay-USJ 1,2026-04-22,43
BRT06: South Quay-USJ 1,BRT06: South Quay-USJ 1,2026-04-23,30
BRT06: South Quay-USJ 1,BRT06: South Quay-USJ 1,2026-04-24,35
BRT06: South Quay-USJ 1,BRT06: South Quay-USJ 1,2026-04-25,42
BRT06: South Quay-USJ 1,BRT06: South Quay-USJ 1,2026-04-26,26
BRT06: South Quay-USJ 1,BRT06: South Quay-USJ 1,2026-04-27,36
BRT06: South Quay-USJ 1,BRT06: South Quay-USJ 1,2026-04-28,34
BRT06: South Quay-USJ 1,BRT06: South Quay-USJ 1,2026-04-29,38
BRT06: South Quay-USJ 1,BRT06: South Quay-USJ 1,2026-04-30,40
BRT06: South Quay-USJ 1,BRT06: South Quay-USJ 1,2026-05-01,45
BRT06: South Quay-USJ 1,BRT06: South Quay-USJ 1,2026-05-02,23
BRT06: South Quay-USJ 1,BRT06: South Quay-USJ 1,2026-05-03,36
BRT06: South Quay-USJ 1,BRT06: South Quay-USJ 1,2026-05-04,30
BRT06: South Quay-USJ 1,BRT06: South Quay-USJ 1,2026-05-05,42
BRT06: South Quay-USJ 1,BRT06: South Quay-USJ 1,2026-05-06,45
BRT06: South Quay-USJ 1,BRT06: South Quay-USJ 1,2026-05-07,38
BRT06: South Quay-USJ 1,BRT06: South Quay-USJ 1,2026-05-08,43
BRT06: South Quay-USJ 1,BRT06: South Quay-USJ 1,2026-05-09,35
BRT06: South Quay-USJ 1,BRT06: South Quay-USJ 1,2026-05-10,18
BRT06: South Quay-USJ 1,BRT06: South Quay-USJ 1,2026-05-11,52
BRT06: South Quay-USJ 1,BRT06: South Quay-USJ 1,2026-05-12,27
BRT06: South Quay-USJ 1,BRT06: South Quay-USJ 1,2026-05-13,35
BRT06: South Quay-USJ 1,BRT06: South Quay-USJ 1,2026-05-14,41
BRT06: South Quay-USJ 1,BRT06: South Quay-USJ 1,2026-05-15,27
BRT06: South Quay-USJ 1,BRT07: USJ 7,2026-01-01,536
BRT06: South Quay-USJ 1,BRT07: USJ 7,2026-01-02,820
BRT06: South Quay-USJ 1,BRT07: USJ 7,2026-01-03,604
BRT06: South Quay-USJ 1,BRT07: USJ 7,2026-01-04,507
BRT06: South Quay-USJ 1,BRT07: USJ 7,2026-01-05,972
BRT06: South Quay-USJ 1,BRT07: USJ 7,2026-01-06,1032
BRT06: South Quay-USJ 1,BRT07: USJ 7,2026-01-07,1001
BRT06: South Quay-USJ 1,BRT07: USJ 7,2026-01-08,986
BRT06: South Quay-USJ 1,BRT07: USJ 7,2026-01-09,1030
BRT06: South Quay-USJ 1,BRT07: USJ 7,2026-01-10,663
BRT06: South Quay-USJ 1,BRT07: USJ 7,2026-01-11,609
BRT06: South Quay-USJ 1,BRT07: USJ 7,2026-01-12,1015
BRT06: South Quay-USJ 1,BRT07: USJ 7,2026-01-13,1108
BRT06: South Quay-USJ 1,BRT07: USJ 7,2026-01-14,1113
BRT06: South Quay-USJ 1,BRT07: USJ 7,2026-01-15,1106
BRT06: South Quay-USJ 1,BRT07: USJ 7,2026-01-16,1220
BRT06: South Quay-USJ 1,BRT07: USJ 7,2026-01-17,672
BRT06: South Quay-USJ 1,BRT07: USJ 7,2026-01-18,549
BRT06: South Quay-USJ 1,BRT07: USJ 7,2026-01-19,1199
BRT06: South Quay-USJ 1,BRT07: USJ 7,2026-01-20,1210
BRT06: South Quay-USJ 1,BRT07: USJ 7,2026-01-21,1177
BRT06: South Quay-USJ 1,BRT07: USJ 7,2026-01-22,1188
BRT06: South Quay-USJ 1,BRT07: USJ 7,2026-01-23,1187
BRT06: South Quay-USJ 1,BRT07: USJ 7,2026-01-24,683
BRT06: South Quay-USJ 1,BRT07: USJ 7,2026-01-25,590
BRT06: South Quay-USJ 1,BRT07: USJ 7,2026-01-26,1162
BRT06: South Quay-USJ 1,BRT07: USJ 7,2026-01-27,1182
BRT06: South Quay-USJ 1,BRT07: USJ 7,2026-01-28,1207
BRT06: South Quay-USJ 1,BRT07: USJ 7,2026-01-29,1141
BRT06: South Quay-USJ 1,BRT07: USJ 7,2026-01-30,1220
BRT06: South Quay-USJ 1,BRT07: USJ 7,2026-01-31,707
BRT06: South Quay-USJ 1,BRT07: USJ 7,2026-02-01,634
BRT06: South Quay-USJ 1,BRT07: USJ 7,2026-02-02,649
BRT06: South Quay-USJ 1,BRT07: USJ 7,2026-02-03,1136
BRT06: South Quay-USJ 1,BRT07: USJ 7,2026-02-04,1262
BRT06: South Quay-USJ 1,BRT07: USJ 7,2026-02-05,1258
BRT06: South Quay-USJ 1,BRT07: USJ 7,2026-02-06,1287
BRT06: South Quay-USJ 1,BRT07: USJ 7,2026-02-07,789
BRT06: South Quay-USJ 1,BRT07: USJ 7,2026-02-08,675
BRT06: South Quay-USJ 1,BRT07: USJ 7,2026-02-09,1237
BRT06: South Quay-USJ 1,BRT07: USJ 7,2026-02-10,1332
BRT06: South Quay-USJ 1,BRT07: USJ 7,2026-02-11,1335
BRT06: South Quay-USJ 1,BRT07: USJ 7,2026-02-12,1354
BRT06: South Quay-USJ 1,BRT07: USJ 7,2026-02-13,1377
BRT06: South Quay-USJ 1,BRT07: USJ 7,2026-02-14,788
BRT06: South Quay-USJ 1,BRT07: USJ 7,2026-02-15,554
BRT06: South Quay-USJ 1,BRT07: USJ 7,2026-02-16,763
BRT06: South Quay-USJ 1,BRT07: USJ 7,2026-02-17,547
BRT06: South Quay-USJ 1,BRT07: USJ 7,2026-02-18,507
BRT06: South Quay-USJ 1,BRT07: USJ 7,2026-02-19,629
BRT06: South Quay-USJ 1,BRT07: USJ 7,2026-02-20,707
BRT06: South Quay-USJ 1,BRT07: USJ 7,2026-02-21,475
BRT06: South Quay-USJ 1,BRT07: USJ 7,2026-02-22,437
BRT06: South Quay-USJ 1,BRT07: USJ 7,2026-02-23,1128
BRT06: South Quay-USJ 1,BRT07: USJ 7,2026-02-24,1198
BRT06: South Quay-USJ 1,BRT07: USJ 7,2026-02-25,1155
BRT06: South Quay-USJ 1,BRT07: USJ 7,2026-02-26,1213
BRT06: South Quay-USJ 1,BRT07: USJ 7,2026-02-27,1254
BRT06: South Quay-USJ 1,BRT07: USJ 7,2026-02-28,727
BRT06: South Quay-USJ 1,BRT07: USJ 7,2026-03-01,625
BRT06: South Quay-USJ 1,BRT07: USJ 7,2026-03-02,1224
BRT06: South Quay-USJ 1,BRT07: USJ 7,2026-03-03,1307
BRT06: South Quay-USJ 1,BRT07: USJ 7,2026-03-04,1233
BRT06: South Quay-USJ 1,BRT07: USJ 7,2026-03-05,1245
BRT06: South Quay-USJ 1,BRT07: USJ 7,2026-03-06,1280
BRT06: South Quay-USJ 1,BRT07: USJ 7,2026-03-07,749
BRT06: South Quay-USJ 1,BRT07: USJ 7,2026-03-08,683
BRT06: South Quay-USJ 1,BRT07: USJ 7,2026-03-09,1266
BRT06: South Quay-USJ 1,BRT07: USJ 7,2026-03-10,1277
BRT06: South Quay-USJ 1,BRT07: USJ 7,2026-03-11,1187
BRT06: South Quay-USJ 1,BRT07: USJ 7,2026-03-12,1292
BRT06: South Quay-USJ 1,BRT07: USJ 7,2026-03-13,1317
BRT06: South Quay-USJ 1,BRT07: USJ 7,2026-03-14,785
BRT06: South Quay-USJ 1,BRT07: USJ 7,2026-03-15,638
BRT06: South Quay-USJ 1,BRT07: USJ 7,2026-03-16,1196
BRT06: South Quay-USJ 1,BRT07: USJ 7,2026-03-17,1207
BRT06: South Quay-USJ 1,BRT07: USJ 7,2026-03-18,1142
BRT06: South Quay-USJ 1,BRT07: USJ 7,2026-03-19,1109
BRT06: South Quay-USJ 1,BRT07: USJ 7,2026-03-20,707
BRT06: South Quay-USJ 1,BRT07: USJ 7,2026-03-21,594
BRT06: South Quay-USJ 1,BRT07: USJ 7,2026-03-22,622
BRT06: South Quay-USJ 1,BRT07: USJ 7,2026-03-23,442
BRT06: South Quay-USJ 1,BRT07: USJ 7,2026-03-24,709
BRT06: South Quay-USJ 1,BRT07: USJ 7,2026-03-25,783
BRT06: South Quay-USJ 1,BRT07: USJ 7,2026-03-26,839
BRT06: South Quay-USJ 1,BRT07: USJ 7,2026-03-27,906
BRT06: South Quay-USJ 1,BRT07: USJ 7,2026-03-28,598
BRT06: South Quay-USJ 1,BRT07: USJ 7,2026-03-29,493
BRT06: South Quay-USJ 1,BRT07: USJ 7,2026-03-30,1051
BRT06: South Quay-USJ 1,BRT07: USJ 7,2026-03-31,1096
BRT06: South Quay-USJ 1,BRT07: USJ 7,2026-04-01,1150
BRT06: South Quay-USJ 1,BRT07: USJ 7,2026-04-02,1169
BRT06: South Quay-USJ 1,BRT07: USJ 7,2026-04-03,1170
BRT06: South Quay-USJ 1,BRT07: USJ 7,2026-04-04,743
BRT06: South Quay-USJ 1,BRT07: USJ 7,2026-04-05,650
BRT06: South Quay-USJ 1,BRT07: USJ 7,2026-04-06,1112
BRT06: South Quay-USJ 1,BRT07: USJ 7,2026-04-07,1161
BRT06: South Quay-USJ 1,BRT07: USJ 7,2026-04-08,1167
BRT06: South Quay-USJ 1,BRT07: USJ 7,2026-04-09,1147
BRT06: South Quay-USJ 1,BRT07: USJ 7,2026-04-10,1168
BRT06: South Quay-USJ 1,BRT07: USJ 7,2026-04-11,765
BRT06: South Quay-USJ 1,BRT07: USJ 7,2026-04-12,674
BRT06: South Quay-USJ 1,BRT07: USJ 7,2026-04-13,1059
BRT06: South Quay-USJ 1,BRT07: USJ 7,2026-04-14,1143
BRT06: South Quay-USJ 1,BRT07: USJ 7,2026-04-15,1144
BRT06: South Quay-USJ 1,BRT07: USJ 7,2026-04-16,1126
BRT06: South Quay-USJ 1,BRT07: USJ 7,2026-04-17,1189
BRT06: South Quay-USJ 1,BRT07: USJ 7,2026-04-18,713
BRT06: South Quay-USJ 1,BRT07: USJ 7,2026-04-19,579
BRT06: South Quay-USJ 1,BRT07: USJ 7,2026-04-20,1041
BRT06: South Quay-USJ 1,BRT07: USJ 7,2026-04-21,1130
BRT06: South Quay-USJ 1,BRT07: USJ 7,2026-04-22,1104
BRT06: South Quay-USJ 1,BRT07: USJ 7,2026-04-23,1066
BRT06: South Quay-USJ 1,BRT07: USJ 7,2026-04-24,1076
BRT06: South Quay-USJ 1,BRT07: USJ 7,2026-04-25,778
BRT06: South Quay-USJ 1,BRT07: USJ 7,2026-04-26,635
BRT06: South Quay-USJ 1,BRT07: USJ 7,2026-04-27,1065
BRT06: South Quay-USJ 1,BRT07: USJ 7,2026-04-28,1049
BRT06: South Quay-USJ 1,BRT07: USJ 7,2026-04-29,1065
BRT06: South Quay-USJ 1,BRT07: USJ 7,2026-04-30,1173
BRT06: South Quay-USJ 1,BRT07: USJ 7,2026-05-01,771
BRT06: South Quay-USJ 1,BRT07: USJ 7,2026-05-02,664
BRT06: South Quay-USJ 1,BRT07: USJ 7,2026-05-03,602
BRT06: South Quay-USJ 1,BRT07: USJ 7,2026-05-04,1070
BRT06: South Quay-USJ 1,BRT07: USJ 7,2026-05-05,1149
BRT06: South Quay-USJ 1,BRT07: USJ 7,2026-05-06,1158
BRT06: South Quay-USJ 1,BRT07: USJ 7,2026-05-07,1106
BRT06: South Quay-USJ 1,BRT07: USJ 7,2026-05-08,1170
BRT06: South Quay-USJ 1,BRT07: USJ 7,2026-05-09,695
BRT06: South Quay-USJ 1,BRT07: USJ 7,2026-05-10,633
BRT06: South Quay-USJ 1,BRT07: USJ 7,2026-05-11,1111
BRT06: South Quay-USJ 1,BRT07: USJ 7,2026-05-12,1148
BRT06: South Quay-USJ 1,BRT07: USJ 7,2026-05-13,1121
BRT06: South Quay-USJ 1,BRT07: USJ 7,2026-05-14,1175
BRT06: South Quay-USJ 1,BRT07: USJ 7,2026-05-15,1163
BRT07: USJ 7,A0: All Stations,2026-01-01,3252
BRT07: USJ 7,A0: All Stations,2026-01-02,4494
BRT07: USJ 7,A0: All Stations,2026-01-03,3249
BRT07: USJ 7,A0: All Stations,2026-01-04,2834
BRT07: USJ 7,A0: All Stations,2026-01-05,5636
BRT07: USJ 7,A0: All Stations,2026-01-06,6002
BRT07: USJ 7,A0: All Stations,2026-01-07,6051
BRT07: USJ 7,A0: All Stations,2026-01-08,5894
BRT07: USJ 7,A0: All Stations,2026-01-09,5729
BRT07: USJ 7,A0: All Stations,2026-01-10,3742
BRT07: USJ 7,A0: All Stations,2026-01-11,3167
BRT07: USJ 7,A0: All Stations,2026-01-12,6056
BRT07: USJ 7,A0: All Stations,2026-01-13,6256
BRT07: USJ 7,A0: All Stations,2026-01-14,6403
BRT07: USJ 7,A0: All Stations,2026-01-15,6338
BRT07: USJ 7,A0: All Stations,2026-01-16,6243
BRT07: USJ 7,A0: All Stations,2026-01-17,3988
BRT07: USJ 7,A0: All Stations,2026-01-18,3303
BRT07: USJ 7,A0: All Stations,2026-01-19,6552
BRT07: USJ 7,A0: All Stations,2026-01-20,6898
BRT07: USJ 7,A0: All Stations,2026-01-21,7235
BRT07: USJ 7,A0: All Stations,2026-01-22,6871
BRT07: USJ 7,A0: All Stations,2026-01-23,6670
BRT07: USJ 7,A0: All Stations,2026-01-24,3997
BRT07: USJ 7,A0: All Stations,2026-01-25,3153
BRT07: USJ 7,A0: All Stations,2026-01-26,6623
BRT07: USJ 7,A0: All Stations,2026-01-27,6893
BRT07: USJ 7,A0: All Stations,2026-01-28,7074
BRT07: USJ 7,A0: All Stations,2026-01-29,6884
BRT07: USJ 7,A0: All Stations,2026-01-30,6850
BRT07: USJ 7,A0: All Stations,2026-01-31,4033
BRT07: USJ 7,A0: All Stations,2026-02-01,3672
BRT07: USJ 7,A0: All Stations,2026-02-02,3675
BRT07: USJ 7,A0: All Stations,2026-02-03,6771
BRT07: USJ 7,A0: All Stations,2026-02-04,7581
BRT07: USJ 7,A0: All Stations,2026-02-05,7520
BRT07: USJ 7,A0: All Stations,2026-02-06,7253
BRT07: USJ 7,A0: All Stations,2026-02-07,5408
BRT07: USJ 7,A0: All Stations,2026-02-08,4314
BRT07: USJ 7,A0: All Stations,2026-02-09,7510
BRT07: USJ 7,A0: All Stations,2026-02-10,8113
BRT07: USJ 7,A0: All Stations,2026-02-11,8142
BRT07: USJ 7,A0: All Stations,2026-02-12,7840
BRT07: USJ 7,A0: All Stations,2026-02-13,7182
BRT07: USJ 7,A0: All Stations,2026-02-14,3924
BRT07: USJ 7,A0: All Stations,2026-02-15,2831
BRT07: USJ 7,A0: All Stations,2026-02-16,3783
BRT07: USJ 7,A0: All Stations,2026-02-17,2536
BRT07: USJ 7,A0: All Stations,2026-02-18,2619
BRT07: USJ 7,A0: All Stations,2026-02-19,3368
BRT07: USJ 7,A0: All Stations,2026-02-20,3634
BRT07: USJ 7,A0: All Stations,2026-02-21,2712
BRT07: USJ 7,A0: All Stations,2026-02-22,2566
BRT07: USJ 7,A0: All Stations,2026-02-23,6764
BRT07: USJ 7,A0: All Stations,2026-02-24,6813
BRT07: USJ 7,A0: All Stations,2026-02-25,7080
BRT07: USJ 7,A0: All Stations,2026-02-26,7132
BRT07: USJ 7,A0: All Stations,2026-02-27,6839
BRT07: USJ 7,A0: All Stations,2026-02-28,3957
BRT07: USJ 7,A0: All Stations,2026-03-01,3245
BRT07: USJ 7,A0: All Stations,2026-03-02,7465
BRT07: USJ 7,A0: All Stations,2026-03-03,7911
BRT07: USJ 7,A0: All Stations,2026-03-04,7740
BRT07: USJ 7,A0: All Stations,2026-03-05,7605
BRT07: USJ 7,A0: All Stations,2026-03-06,7328
BRT07: USJ 7,A0: All Stations,2026-03-07,3774
BRT07: USJ 7,A0: All Stations,2026-03-08,3551
BRT07: USJ 7,A0: All Stations,2026-03-09,7265
BRT07: USJ 7,A0: All Stations,2026-03-10,7518
BRT07: USJ 7,A0: All Stations,2026-03-11,7476
BRT07: USJ 7,A0: All Stations,2026-03-12,7354
BRT07: USJ 7,A0: All Stations,2026-03-13,7234
BRT07: USJ 7,A0: All Stations,2026-03-14,4163
BRT07: USJ 7,A0: All Stations,2026-03-15,3418
BRT07: USJ 7,A0: All Stations,2026-03-16,7316
BRT07: USJ 7,A0: All Stations,2026-03-17,7436
BRT07: USJ 7,A0: All Stations,2026-03-18,7300
BRT07: USJ 7,A0: All Stations,2026-03-19,5881
BRT07: USJ 7,A0: All Stations,2026-03-20,3226
BRT07: USJ 7,A0: All Stations,2026-03-21,3243
BRT07: USJ 7,A0: All Stations,2026-03-22,3332
BRT07: USJ 7,A0: All Stations,2026-03-23,2945
BRT07: USJ 7,A0: All Stations,2026-03-24,5054
BRT07: USJ 7,A0: All Stations,2026-03-25,5615
BRT07: USJ 7,A0: All Stations,2026-03-26,5802
BRT07: USJ 7,A0: All Stations,2026-03-27,5487
BRT07: USJ 7,A0: All Stations,2026-03-28,3307
BRT07: USJ 7,A0: All Stations,2026-03-29,2862
BRT07: USJ 7,A0: All Stations,2026-03-30,6476
BRT07: USJ 7,A0: All Stations,2026-03-31,6719
BRT07: USJ 7,A0: All Stations,2026-04-01,6932
BRT07: USJ 7,A0: All Stations,2026-04-02,6869
BRT07: USJ 7,A0: All Stations,2026-04-03,6388
BRT07: USJ 7,A0: All Stations,2026-04-04,4057
BRT07: USJ 7,A0: All Stations,2026-04-05,3327
BRT07: USJ 7,A0: All Stations,2026-04-06,6307
BRT07: USJ 7,A0: All Stations,2026-04-07,6712
BRT07: USJ 7,A0: All Stations,2026-04-08,6565
BRT07: USJ 7,A0: All Stations,2026-04-09,6519
BRT07: USJ 7,A0: All Stations,2026-04-10,6311
BRT07: USJ 7,A0: All Stations,2026-04-11,4211
BRT07: USJ 7,A0: All Stations,2026-04-12,3498
BRT07: USJ 7,A0: All Stations,2026-04-13,6751
BRT07: USJ 7,A0: All Stations,2026-04-14,6887
BRT07: USJ 7,A0: All Stations,2026-04-15,7282
BRT07: USJ 7,A0: All Stations,2026-04-16,7054
BRT07: USJ 7,A0: All Stations,2026-04-17,7118
BRT07: USJ 7,A0: All Stations,2026-04-18,5800
BRT07: USJ 7,A0: All Stations,2026-04-19,4597
BRT07: USJ 7,A0: All Stations,2026-04-20,6883
BRT07: USJ 7,A0: All Stations,2026-04-21,7136
BRT07: USJ 7,A0: All Stations,2026-04-22,7222
BRT07: USJ 7,A0: All Stations,2026-04-23,7070
BRT07: USJ 7,A0: All Stations,2026-04-24,6616
BRT07: USJ 7,A0: All Stations,2026-04-25,4046
BRT07: USJ 7,A0: All Stations,2026-04-26,3525
BRT07: USJ 7,A0: All Stations,2026-04-27,6670
BRT07: USJ 7,A0: All Stations,2026-04-28,6907
BRT07: USJ 7,A0: All Stations,2026-04-29,7214
BRT07: USJ 7,A0: All Stations,2026-04-30,7199
BRT07: USJ 7,A0: All Stations,2026-05-01,3834
BRT07: USJ 7,A0: All Stations,2026-05-02,4311
BRT07: USJ 7,A0: All Stations,2026-05-03,3354
BRT07: USJ 7,A0: All Stations,2026-05-04,7185
BRT07: USJ 7,A0: All Stations,2026-05-05,7538
BRT07: USJ 7,A0: All Stations,2026-05-06,7760
BRT07: USJ 7,A0: All Stations,2026-05-07,7446
BRT07: USJ 7,A0: All Stations,2026-05-08,7165
BRT07: USJ 7,A0: All Stations,2026-05-09,4216
BRT07: USJ 7,A0: All Stations,2026-05-10,3483
BRT07: USJ 7,A0: All Stations,2026-05-11,7528
BRT07: USJ 7,A0: All Stations,2026-05-12,7613
BRT07: USJ 7,A0: All Stations,2026-05-13,7906
BRT07: USJ 7,A0: All Stations,2026-05-14,7552
BRT07: USJ 7,A0: All Stations,2026-05-15,7092
BRT07: USJ 7,BRT01: Sunway-Setia Jaya,2026-01-01,147
BRT07: USJ 7,BRT01: Sunway-Setia Jaya,2026-01-02,266
BRT07: USJ 7,BRT01: Sunway-Setia Jaya,2026-01-03,154
BRT07: USJ 7,BRT01: Sunway-Setia Jaya,2026-01-04,125
BRT07: USJ 7,BRT01: Sunway-Setia Jaya,2026-01-05,404
BRT07: USJ 7,BRT01: Sunway-Setia Jaya,2026-01-06,423
BRT07: USJ 7,BRT01: Sunway-Setia Jaya,2026-01-07,419
BRT07: USJ 7,BRT01: Sunway-Setia Jaya,2026-01-08,409
BRT07: USJ 7,BRT01: Sunway-Setia Jaya,2026-01-09,389
BRT07: USJ 7,BRT01: Sunway-Setia Jaya,2026-01-10,219
BRT07: USJ 7,BRT01: Sunway-Setia Jaya,2026-01-11,161
BRT07: USJ 7,BRT01: Sunway-Setia Jaya,2026-01-12,498
BRT07: USJ 7,BRT01: Sunway-Setia Jaya,2026-01-13,553
BRT07: USJ 7,BRT01: Sunway-Setia Jaya,2026-01-14,548
BRT07: USJ 7,BRT01: Sunway-Setia Jaya,2026-01-15,509
BRT07: USJ 7,BRT01: Sunway-Setia Jaya,2026-01-16,481
BRT07: USJ 7,BRT01: Sunway-Setia Jaya,2026-01-17,215
BRT07: USJ 7,BRT01: Sunway-Setia Jaya,2026-01-18,121
BRT07: USJ 7,BRT01: Sunway-Setia Jaya,2026-01-19,566
BRT07: USJ 7,BRT01: Sunway-Setia Jaya,2026-01-20,564
BRT07: USJ 7,BRT01: Sunway-Setia Jaya,2026-01-21,562
BRT07: USJ 7,BRT01: Sunway-Setia Jaya,2026-01-22,546
BRT07: USJ 7,BRT01: Sunway-Setia Jaya,2026-01-23,518
BRT07: USJ 7,BRT01: Sunway-Setia Jaya,2026-01-24,238
BRT07: USJ 7,BRT01: Sunway-Setia Jaya,2026-01-25,148
BRT07: USJ 7,BRT01: Sunway-Setia Jaya,2026-01-26,533
BRT07: USJ 7,BRT01: Sunway-Setia Jaya,2026-01-27,539
BRT07: USJ 7,BRT01: Sunway-Setia Jaya,2026-01-28,518
BRT07: USJ 7,BRT01: Sunway-Setia Jaya,2026-01-29,521
BRT07: USJ 7,BRT01: Sunway-Setia Jaya,2026-01-30,490
BRT07: USJ 7,BRT01: Sunway-Setia Jaya,2026-01-31,231
BRT07: USJ 7,BRT01: Sunway-Setia Jaya,2026-02-01,152
BRT07: USJ 7,BRT01: Sunway-Setia Jaya,2026-02-02,193
BRT07: USJ 7,BRT01: Sunway-Setia Jaya,2026-02-03,487
BRT07: USJ 7,BRT01: Sunway-Setia Jaya,2026-02-04,556
BRT07: USJ 7,BRT01: Sunway-Setia Jaya,2026-02-05,527
BRT07: USJ 7,BRT01: Sunway-Setia Jaya,2026-02-06,514
BRT07: USJ 7,BRT01: Sunway-Setia Jaya,2026-02-07,244
BRT07: USJ 7,BRT01: Sunway-Setia Jaya,2026-02-08,172
BRT07: USJ 7,BRT01: Sunway-Setia Jaya,2026-02-09,571
BRT07: USJ 7,BRT01: Sunway-Setia Jaya,2026-02-10,579
BRT07: USJ 7,BRT01: Sunway-Setia Jaya,2026-02-11,584
BRT07: USJ 7,BRT01: Sunway-Setia Jaya,2026-02-12,547
BRT07: USJ 7,BRT01: Sunway-Setia Jaya,2026-02-13,479
BRT07: USJ 7,BRT01: Sunway-Setia Jaya,2026-02-14,193
BRT07: USJ 7,BRT01: Sunway-Setia Jaya,2026-02-15,155
BRT07: USJ 7,BRT01: Sunway-Setia Jaya,2026-02-16,291
BRT07: USJ 7,BRT01: Sunway-Setia Jaya,2026-02-17,154
BRT07: USJ 7,BRT01: Sunway-Setia Jaya,2026-02-18,152
BRT07: USJ 7,BRT01: Sunway-Setia Jaya,2026-02-19,277
BRT07: USJ 7,BRT01: Sunway-Setia Jaya,2026-02-20,280
BRT07: USJ 7,BRT01: Sunway-Setia Jaya,2026-02-21,182
BRT07: USJ 7,BRT01: Sunway-Setia Jaya,2026-02-22,148
BRT07: USJ 7,BRT01: Sunway-Setia Jaya,2026-02-23,543
BRT07: USJ 7,BRT01: Sunway-Setia Jaya,2026-02-24,505
BRT07: USJ 7,BRT01: Sunway-Setia Jaya,2026-02-25,566
BRT07: USJ 7,BRT01: Sunway-Setia Jaya,2026-02-26,526
BRT07: USJ 7,BRT01: Sunway-Setia Jaya,2026-02-27,513
BRT07: USJ 7,BRT01: Sunway-Setia Jaya,2026-02-28,242
BRT07: USJ 7,BRT01: Sunway-Setia Jaya,2026-03-01,152
BRT07: USJ 7,BRT01: Sunway-Setia Jaya,2026-03-02,566
BRT07: USJ 7,BRT01: Sunway-Setia Jaya,2026-03-03,538
BRT07: USJ 7,BRT01: Sunway-Setia Jaya,2026-03-04,545
BRT07: USJ 7,BRT01: Sunway-Setia Jaya,2026-03-05,542
BRT07: USJ 7,BRT01: Sunway-Setia Jaya,2026-03-06,500
BRT07: USJ 7,BRT01: Sunway-Setia Jaya,2026-03-07,192
BRT07: USJ 7,BRT01: Sunway-Setia Jaya,2026-03-08,152
BRT07: USJ 7,BRT01: Sunway-Setia Jaya,2026-03-09,491
BRT07: USJ 7,BRT01: Sunway-Setia Jaya,2026-03-10,490
BRT07: USJ 7,BRT01: Sunway-Setia Jaya,2026-03-11,519
BRT07: USJ 7,BRT01: Sunway-Setia Jaya,2026-03-12,505
BRT07: USJ 7,BRT01: Sunway-Setia Jaya,2026-03-13,448
BRT07: USJ 7,BRT01: Sunway-Setia Jaya,2026-03-14,200
BRT07: USJ 7,BRT01: Sunway-Setia Jaya,2026-03-15,194
BRT07: USJ 7,BRT01: Sunway-Setia Jaya,2026-03-16,527
BRT07: USJ 7,BRT01: Sunway-Setia Jaya,2026-03-17,498
BRT07: USJ 7,BRT01: Sunway-Setia Jaya,2026-03-18,463
BRT07: USJ 7,BRT01: Sunway-Setia Jaya,2026-03-19,354
BRT07: USJ 7,BRT01: Sunway-Setia Jaya,2026-03-20,133
BRT07: USJ 7,BRT01: Sunway-Setia Jaya,2026-03-21,120
BRT07: USJ 7,BRT01: Sunway-Setia Jaya,2026-03-22,136
BRT07: USJ 7,BRT01: Sunway-Setia Jaya,2026-03-23,132
BRT07: USJ 7,BRT01: Sunway-Setia Jaya,2026-03-24,346
BRT07: USJ 7,BRT01: Sunway-Setia Jaya,2026-03-25,376
BRT07: USJ 7,BRT01: Sunway-Setia Jaya,2026-03-26,416
BRT07: USJ 7,BRT01: Sunway-Setia Jaya,2026-03-27,380
BRT07: USJ 7,BRT01: Sunway-Setia Jaya,2026-03-28,200
BRT07: USJ 7,BRT01: Sunway-Setia Jaya,2026-03-29,160
BRT07: USJ 7,BRT01: Sunway-Setia Jaya,2026-03-30,519
BRT07: USJ 7,BRT01: Sunway-Setia Jaya,2026-03-31,502
BRT07: USJ 7,BRT01: Sunway-Setia Jaya,2026-04-01,517
BRT07: USJ 7,BRT01: Sunway-Setia Jaya,2026-04-02,525
BRT07: USJ 7,BRT01: Sunway-Setia Jaya,2026-04-03,422
BRT07: USJ 7,BRT01: Sunway-Setia Jaya,2026-04-04,213
BRT07: USJ 7,BRT01: Sunway-Setia Jaya,2026-04-05,186
BRT07: USJ 7,BRT01: Sunway-Setia Jaya,2026-04-06,500
BRT07: USJ 7,BRT01: Sunway-Setia Jaya,2026-04-07,530
BRT07: USJ 7,BRT01: Sunway-Setia Jaya,2026-04-08,524
BRT07: USJ 7,BRT01: Sunway-Setia Jaya,2026-04-09,485
BRT07: USJ 7,BRT01: Sunway-Setia Jaya,2026-04-10,440
BRT07: USJ 7,BRT01: Sunway-Setia Jaya,2026-04-11,211
BRT07: USJ 7,BRT01: Sunway-Setia Jaya,2026-04-12,163
BRT07: USJ 7,BRT01: Sunway-Setia Jaya,2026-04-13,482
BRT07: USJ 7,BRT01: Sunway-Setia Jaya,2026-04-14,515
BRT07: USJ 7,BRT01: Sunway-Setia Jaya,2026-04-15,510
BRT07: USJ 7,BRT01: Sunway-Setia Jaya,2026-04-16,528
BRT07: USJ 7,BRT01: Sunway-Setia Jaya,2026-04-17,429
BRT07: USJ 7,BRT01: Sunway-Setia Jaya,2026-04-18,215
BRT07: USJ 7,BRT01: Sunway-Setia Jaya,2026-04-19,186
BRT07: USJ 7,BRT01: Sunway-Setia Jaya,2026-04-20,510
BRT07: USJ 7,BRT01: Sunway-Setia Jaya,2026-04-21,475
BRT07: USJ 7,BRT01: Sunway-Setia Jaya,2026-04-22,466
BRT07: USJ 7,BRT01: Sunway-Setia Jaya,2026-04-23,497
BRT07: USJ 7,BRT01: Sunway-Setia Jaya,2026-04-24,456
BRT07: USJ 7,BRT01: Sunway-Setia Jaya,2026-04-25,208
BRT07: USJ 7,BRT01: Sunway-Setia Jaya,2026-04-26,173
BRT07: USJ 7,BRT01: Sunway-Setia Jaya,2026-04-27,451
BRT07: USJ 7,BRT01: Sunway-Setia Jaya,2026-04-28,459
BRT07: USJ 7,BRT01: Sunway-Setia Jaya,2026-04-29,418
BRT07: USJ 7,BRT01: Sunway-Setia Jaya,2026-04-30,417
BRT07: USJ 7,BRT01: Sunway-Setia Jaya,2026-05-01,164
BRT07: USJ 7,BRT01: Sunway-Setia Jaya,2026-05-02,190
BRT07: USJ 7,BRT01: Sunway-Setia Jaya,2026-05-03,136
BRT07: USJ 7,BRT01: Sunway-Setia Jaya,2026-05-04,426
BRT07: USJ 7,BRT01: Sunway-Setia Jaya,2026-05-05,433
BRT07: USJ 7,BRT01: Sunway-Setia Jaya,2026-05-06,466
BRT07: USJ 7,BRT01: Sunway-Setia Jaya,2026-05-07,413
BRT07: USJ 7,BRT01: Sunway-Setia Jaya,2026-05-08,393
BRT07: USJ 7,BRT01: Sunway-Setia Jaya,2026-05-09,195
BRT07: USJ 7,BRT01: Sunway-Setia Jaya,2026-05-10,169
BRT07: USJ 7,BRT01: Sunway-Setia Jaya,2026-05-11,455
BRT07: USJ 7,BRT01: Sunway-Setia Jaya,2026-05-12,436
BRT07: USJ 7,BRT01: Sunway-Setia Jaya,2026-05-13,423
BRT07: USJ 7,BRT01: Sunway-Setia Jaya,2026-05-14,463
BRT07: USJ 7,BRT01: Sunway-Setia Jaya,2026-05-15,429
BRT07: USJ 7,BRT02: Mentari,2026-01-01,216
BRT07: USJ 7,BRT02: Mentari,2026-01-02,297
BRT07: USJ 7,BRT02: Mentari,2026-01-03,218
BRT07: USJ 7,BRT02: Mentari,2026-01-04,238
BRT07: USJ 7,BRT02: Mentari,2026-01-05,381
BRT07: USJ 7,BRT02: Mentari,2026-01-06,413
BRT07: USJ 7,BRT02: Mentari,2026-01-07,447
BRT07: USJ 7,BRT02: Mentari,2026-01-08,412
BRT07: USJ 7,BRT02: Mentari,2026-01-09,366
BRT07: USJ 7,BRT02: Mentari,2026-01-10,251
BRT07: USJ 7,BRT02: Mentari,2026-01-11,230
BRT07: USJ 7,BRT02: Mentari,2026-01-12,457
BRT07: USJ 7,BRT02: Mentari,2026-01-13,427
BRT07: USJ 7,BRT02: Mentari,2026-01-14,467
BRT07: USJ 7,BRT02: Mentari,2026-01-15,460
BRT07: USJ 7,BRT02: Mentari,2026-01-16,403
BRT07: USJ 7,BRT02: Mentari,2026-01-17,231
BRT07: USJ 7,BRT02: Mentari,2026-01-18,222
BRT07: USJ 7,BRT02: Mentari,2026-01-19,399
BRT07: USJ 7,BRT02: Mentari,2026-01-20,461
BRT07: USJ 7,BRT02: Mentari,2026-01-21,508
BRT07: USJ 7,BRT02: Mentari,2026-01-22,430
BRT07: USJ 7,BRT02: Mentari,2026-01-23,423
BRT07: USJ 7,BRT02: Mentari,2026-01-24,253
BRT07: USJ 7,BRT02: Mentari,2026-01-25,211
BRT07: USJ 7,BRT02: Mentari,2026-01-26,427
BRT07: USJ 7,BRT02: Mentari,2026-01-27,477
BRT07: USJ 7,BRT02: Mentari,2026-01-28,514
BRT07: USJ 7,BRT02: Mentari,2026-01-29,443
BRT07: USJ 7,BRT02: Mentari,2026-01-30,428
BRT07: USJ 7,BRT02: Mentari,2026-01-31,270
BRT07: USJ 7,BRT02: Mentari,2026-02-01,232
BRT07: USJ 7,BRT02: Mentari,2026-02-02,247
BRT07: USJ 7,BRT02: Mentari,2026-02-03,399
BRT07: USJ 7,BRT02: Mentari,2026-02-04,485
BRT07: USJ 7,BRT02: Mentari,2026-02-05,474
BRT07: USJ 7,BRT02: Mentari,2026-02-06,444
BRT07: USJ 7,BRT02: Mentari,2026-02-07,309
BRT07: USJ 7,BRT02: Mentari,2026-02-08,273
BRT07: USJ 7,BRT02: Mentari,2026-02-09,472
BRT07: USJ 7,BRT02: Mentari,2026-02-10,503
BRT07: USJ 7,BRT02: Mentari,2026-02-11,531
BRT07: USJ 7,BRT02: Mentari,2026-02-12,521
BRT07: USJ 7,BRT02: Mentari,2026-02-13,467
BRT07: USJ 7,BRT02: Mentari,2026-02-14,283
BRT07: USJ 7,BRT02: Mentari,2026-02-15,254
BRT07: USJ 7,BRT02: Mentari,2026-02-16,331
BRT07: USJ 7,BRT02: Mentari,2026-02-17,204
BRT07: USJ 7,BRT02: Mentari,2026-02-18,214
BRT07: USJ 7,BRT02: Mentari,2026-02-19,236
BRT07: USJ 7,BRT02: Mentari,2026-02-20,281
BRT07: USJ 7,BRT02: Mentari,2026-02-21,191
BRT07: USJ 7,BRT02: Mentari,2026-02-22,200
BRT07: USJ 7,BRT02: Mentari,2026-02-23,408
BRT07: USJ 7,BRT02: Mentari,2026-02-24,449
BRT07: USJ 7,BRT02: Mentari,2026-02-25,465
BRT07: USJ 7,BRT02: Mentari,2026-02-26,457
BRT07: USJ 7,BRT02: Mentari,2026-02-27,419
BRT07: USJ 7,BRT02: Mentari,2026-02-28,260
BRT07: USJ 7,BRT02: Mentari,2026-03-01,220
BRT07: USJ 7,BRT02: Mentari,2026-03-02,440
BRT07: USJ 7,BRT02: Mentari,2026-03-03,440
BRT07: USJ 7,BRT02: Mentari,2026-03-04,500
BRT07: USJ 7,BRT02: Mentari,2026-03-05,464
BRT07: USJ 7,BRT02: Mentari,2026-03-06,441
BRT07: USJ 7,BRT02: Mentari,2026-03-07,237
BRT07: USJ 7,BRT02: Mentari,2026-03-08,250
BRT07: USJ 7,BRT02: Mentari,2026-03-09,458
BRT07: USJ 7,BRT02: Mentari,2026-03-10,432
BRT07: USJ 7,BRT02: Mentari,2026-03-11,521
BRT07: USJ 7,BRT02: Mentari,2026-03-12,459
BRT07: USJ 7,BRT02: Mentari,2026-03-13,445
BRT07: USJ 7,BRT02: Mentari,2026-03-14,258
BRT07: USJ 7,BRT02: Mentari,2026-03-15,217
BRT07: USJ 7,BRT02: Mentari,2026-03-16,442
BRT07: USJ 7,BRT02: Mentari,2026-03-17,433
BRT07: USJ 7,BRT02: Mentari,2026-03-18,425
BRT07: USJ 7,BRT02: Mentari,2026-03-19,346
BRT07: USJ 7,BRT02: Mentari,2026-03-20,186
BRT07: USJ 7,BRT02: Mentari,2026-03-21,235
BRT07: USJ 7,BRT02: Mentari,2026-03-22,193
BRT07: USJ 7,BRT02: Mentari,2026-03-23,191
BRT07: USJ 7,BRT02: Mentari,2026-03-24,345
BRT07: USJ 7,BRT02: Mentari,2026-03-25,367
BRT07: USJ 7,BRT02: Mentari,2026-03-26,360
BRT07: USJ 7,BRT02: Mentari,2026-03-27,342
BRT07: USJ 7,BRT02: Mentari,2026-03-28,233
BRT07: USJ 7,BRT02: Mentari,2026-03-29,223
BRT07: USJ 7,BRT02: Mentari,2026-03-30,413
BRT07: USJ 7,BRT02: Mentari,2026-03-31,417
BRT07: USJ 7,BRT02: Mentari,2026-04-01,495
BRT07: USJ 7,BRT02: Mentari,2026-04-02,444
BRT07: USJ 7,BRT02: Mentari,2026-04-03,436
BRT07: USJ 7,BRT02: Mentari,2026-04-04,256
BRT07: USJ 7,BRT02: Mentari,2026-04-05,240
BRT07: USJ 7,BRT02: Mentari,2026-04-06,441
BRT07: USJ 7,BRT02: Mentari,2026-04-07,446
BRT07: USJ 7,BRT02: Mentari,2026-04-08,494
BRT07: USJ 7,BRT02: Mentari,2026-04-09,462
BRT07: USJ 7,BRT02: Mentari,2026-04-10,434
BRT07: USJ 7,BRT02: Mentari,2026-04-11,270
BRT07: USJ 7,BRT02: Mentari,2026-04-12,226
BRT07: USJ 7,BRT02: Mentari,2026-04-13,435
BRT07: USJ 7,BRT02: Mentari,2026-04-14,459
BRT07: USJ 7,BRT02: Mentari,2026-04-15,525
BRT07: USJ 7,BRT02: Mentari,2026-04-16,415
BRT07: USJ 7,BRT02: Mentari,2026-04-17,430
BRT07: USJ 7,BRT02: Mentari,2026-04-18,296
BRT07: USJ 7,BRT02: Mentari,2026-04-19,234
BRT07: USJ 7,BRT02: Mentari,2026-04-20,446
BRT07: USJ 7,BRT02: Mentari,2026-04-21,463
BRT07: USJ 7,BRT02: Mentari,2026-04-22,520
BRT07: USJ 7,BRT02: Mentari,2026-04-23,442
BRT07: USJ 7,BRT02: Mentari,2026-04-24,419
BRT07: USJ 7,BRT02: Mentari,2026-04-25,251
BRT07: USJ 7,BRT02: Mentari,2026-04-26,254
BRT07: USJ 7,BRT02: Mentari,2026-04-27,438
BRT07: USJ 7,BRT02: Mentari,2026-04-28,447
BRT07: USJ 7,BRT02: Mentari,2026-04-29,494
BRT07: USJ 7,BRT02: Mentari,2026-04-30,473
BRT07: USJ 7,BRT02: Mentari,2026-05-01,202
BRT07: USJ 7,BRT02: Mentari,2026-05-02,271
BRT07: USJ 7,BRT02: Mentari,2026-05-03,251
BRT07: USJ 7,BRT02: Mentari,2026-05-04,419
BRT07: USJ 7,BRT02: Mentari,2026-05-05,448
BRT07: USJ 7,BRT02: Mentari,2026-05-06,513
BRT07: USJ 7,BRT02: Mentari,2026-05-07,450
BRT07: USJ 7,BRT02: Mentari,2026-05-08,453
BRT07: USJ 7,BRT02: Mentari,2026-05-09,290
BRT07: USJ 7,BRT02: Mentari,2026-05-10,271
BRT07: USJ 7,BRT02: Mentari,2026-05-11,433
BRT07: USJ 7,BRT02: Mentari,2026-05-12,387
BRT07: USJ 7,BRT02: Mentari,2026-05-13,502
BRT07: USJ 7,BRT02: Mentari,2026-05-14,417
BRT07: USJ 7,BRT02: Mentari,2026-05-15,397
BRT07: USJ 7,BRT03: Sunway Lagoon,2026-01-01,1274
BRT07: USJ 7,BRT03: Sunway Lagoon,2026-01-02,1327
BRT07: USJ 7,BRT03: Sunway Lagoon,2026-01-03,1137
BRT07: USJ 7,BRT03: Sunway Lagoon,2026-01-04,951
BRT07: USJ 7,BRT03: Sunway Lagoon,2026-01-05,1299
BRT07: USJ 7,BRT03: Sunway Lagoon,2026-01-06,1430
BRT07: USJ 7,BRT03: Sunway Lagoon,2026-01-07,1430
BRT07: USJ 7,BRT03: Sunway Lagoon,2026-01-08,1406
BRT07: USJ 7,BRT03: Sunway Lagoon,2026-01-09,1458
BRT07: USJ 7,BRT03: Sunway Lagoon,2026-01-10,1146
BRT07: USJ 7,BRT03: Sunway Lagoon,2026-01-11,950
BRT07: USJ 7,BRT03: Sunway Lagoon,2026-01-12,1287
BRT07: USJ 7,BRT03: Sunway Lagoon,2026-01-13,1373
BRT07: USJ 7,BRT03: Sunway Lagoon,2026-01-14,1348
BRT07: USJ 7,BRT03: Sunway Lagoon,2026-01-15,1406
BRT07: USJ 7,BRT03: Sunway Lagoon,2026-01-16,1462
BRT07: USJ 7,BRT03: Sunway Lagoon,2026-01-17,1242
BRT07: USJ 7,BRT03: Sunway Lagoon,2026-01-18,1047
BRT07: USJ 7,BRT03: Sunway Lagoon,2026-01-19,1309
BRT07: USJ 7,BRT03: Sunway Lagoon,2026-01-20,1420
BRT07: USJ 7,BRT03: Sunway Lagoon,2026-01-21,1705
BRT07: USJ 7,BRT03: Sunway Lagoon,2026-01-22,1393
BRT07: USJ 7,BRT03: Sunway Lagoon,2026-01-23,1467
BRT07: USJ 7,BRT03: Sunway Lagoon,2026-01-24,1201
BRT07: USJ 7,BRT03: Sunway Lagoon,2026-01-25,960
BRT07: USJ 7,BRT03: Sunway Lagoon,2026-01-26,1315
BRT07: USJ 7,BRT03: Sunway Lagoon,2026-01-27,1274
BRT07: USJ 7,BRT03: Sunway Lagoon,2026-01-28,1445
BRT07: USJ 7,BRT03: Sunway Lagoon,2026-01-29,1378
BRT07: USJ 7,BRT03: Sunway Lagoon,2026-01-30,1562
BRT07: USJ 7,BRT03: Sunway Lagoon,2026-01-31,1338
BRT07: USJ 7,BRT03: Sunway Lagoon,2026-02-01,1327
BRT07: USJ 7,BRT03: Sunway Lagoon,2026-02-02,1145
BRT07: USJ 7,BRT03: Sunway Lagoon,2026-02-03,1373
BRT07: USJ 7,BRT03: Sunway Lagoon,2026-02-04,1520
BRT07: USJ 7,BRT03: Sunway Lagoon,2026-02-05,1413
BRT07: USJ 7,BRT03: Sunway Lagoon,2026-02-06,1534
BRT07: USJ 7,BRT03: Sunway Lagoon,2026-02-07,2213
BRT07: USJ 7,BRT03: Sunway Lagoon,2026-02-08,1709
BRT07: USJ 7,BRT03: Sunway Lagoon,2026-02-09,1527
BRT07: USJ 7,BRT03: Sunway Lagoon,2026-02-10,1665
BRT07: USJ 7,BRT03: Sunway Lagoon,2026-02-11,1723
BRT07: USJ 7,BRT03: Sunway Lagoon,2026-02-12,1646
BRT07: USJ 7,BRT03: Sunway Lagoon,2026-02-13,1767
BRT07: USJ 7,BRT03: Sunway Lagoon,2026-02-14,1368
BRT07: USJ 7,BRT03: Sunway Lagoon,2026-02-15,956
BRT07: USJ 7,BRT03: Sunway Lagoon,2026-02-16,1139
BRT07: USJ 7,BRT03: Sunway Lagoon,2026-02-17,828
BRT07: USJ 7,BRT03: Sunway Lagoon,2026-02-18,865
BRT07: USJ 7,BRT03: Sunway Lagoon,2026-02-19,956
BRT07: USJ 7,BRT03: Sunway Lagoon,2026-02-20,1020
BRT07: USJ 7,BRT03: Sunway Lagoon,2026-02-21,802
BRT07: USJ 7,BRT03: Sunway Lagoon,2026-02-22,665
BRT07: USJ 7,BRT03: Sunway Lagoon,2026-02-23,1229
BRT07: USJ 7,BRT03: Sunway Lagoon,2026-02-24,1184
BRT07: USJ 7,BRT03: Sunway Lagoon,2026-02-25,1334
BRT07: USJ 7,BRT03: Sunway Lagoon,2026-02-26,1303
BRT07: USJ 7,BRT03: Sunway Lagoon,2026-02-27,1539
BRT07: USJ 7,BRT03: Sunway Lagoon,2026-02-28,1241
BRT07: USJ 7,BRT03: Sunway Lagoon,2026-03-01,892
BRT07: USJ 7,BRT03: Sunway Lagoon,2026-03-02,1347
BRT07: USJ 7,BRT03: Sunway Lagoon,2026-03-03,1329
BRT07: USJ 7,BRT03: Sunway Lagoon,2026-03-04,1442
BRT07: USJ 7,BRT03: Sunway Lagoon,2026-03-05,1473
BRT07: USJ 7,BRT03: Sunway Lagoon,2026-03-06,1547
BRT07: USJ 7,BRT03: Sunway Lagoon,2026-03-07,1193
BRT07: USJ 7,BRT03: Sunway Lagoon,2026-03-08,1011
BRT07: USJ 7,BRT03: Sunway Lagoon,2026-03-09,1283
BRT07: USJ 7,BRT03: Sunway Lagoon,2026-03-10,1397
BRT07: USJ 7,BRT03: Sunway Lagoon,2026-03-11,1411
BRT07: USJ 7,BRT03: Sunway Lagoon,2026-03-12,1411
BRT07: USJ 7,BRT03: Sunway Lagoon,2026-03-13,1614
BRT07: USJ 7,BRT03: Sunway Lagoon,2026-03-14,1324
BRT07: USJ 7,BRT03: Sunway Lagoon,2026-03-15,1011
BRT07: USJ 7,BRT03: Sunway Lagoon,2026-03-16,1362
BRT07: USJ 7,BRT03: Sunway Lagoon,2026-03-17,1437
BRT07: USJ 7,BRT03: Sunway Lagoon,2026-03-18,1657
BRT07: USJ 7,BRT03: Sunway Lagoon,2026-03-19,1344
BRT07: USJ 7,BRT03: Sunway Lagoon,2026-03-20,1064
BRT07: USJ 7,BRT03: Sunway Lagoon,2026-03-21,1054
BRT07: USJ 7,BRT03: Sunway Lagoon,2026-03-22,1189
BRT07: USJ 7,BRT03: Sunway Lagoon,2026-03-23,941
BRT07: USJ 7,BRT03: Sunway Lagoon,2026-03-24,1218
BRT07: USJ 7,BRT03: Sunway Lagoon,2026-03-25,1400
BRT07: USJ 7,BRT03: Sunway Lagoon,2026-03-26,1412
BRT07: USJ 7,BRT03: Sunway Lagoon,2026-03-27,1376
BRT07: USJ 7,BRT03: Sunway Lagoon,2026-03-28,965
BRT07: USJ 7,BRT03: Sunway Lagoon,2026-03-29,793
BRT07: USJ 7,BRT03: Sunway Lagoon,2026-03-30,1211
BRT07: USJ 7,BRT03: Sunway Lagoon,2026-03-31,1372
BRT07: USJ 7,BRT03: Sunway Lagoon,2026-04-01,1326
BRT07: USJ 7,BRT03: Sunway Lagoon,2026-04-02,1373
BRT07: USJ 7,BRT03: Sunway Lagoon,2026-04-03,1457
BRT07: USJ 7,BRT03: Sunway Lagoon,2026-04-04,1289
BRT07: USJ 7,BRT03: Sunway Lagoon,2026-04-05,940
BRT07: USJ 7,BRT03: Sunway Lagoon,2026-04-06,1321
BRT07: USJ 7,BRT03: Sunway Lagoon,2026-04-07,1363
BRT07: USJ 7,BRT03: Sunway Lagoon,2026-04-08,1484
BRT07: USJ 7,BRT03: Sunway Lagoon,2026-04-09,1376
BRT07: USJ 7,BRT03: Sunway Lagoon,2026-04-10,1439
BRT07: USJ 7,BRT03: Sunway Lagoon,2026-04-11,1334
BRT07: USJ 7,BRT03: Sunway Lagoon,2026-04-12,993
BRT07: USJ 7,BRT03: Sunway Lagoon,2026-04-13,1347
BRT07: USJ 7,BRT03: Sunway Lagoon,2026-04-14,1297
BRT07: USJ 7,BRT03: Sunway Lagoon,2026-04-15,1477
BRT07: USJ 7,BRT03: Sunway Lagoon,2026-04-16,1374
BRT07: USJ 7,BRT03: Sunway Lagoon,2026-04-17,1626
BRT07: USJ 7,BRT03: Sunway Lagoon,2026-04-18,2740
BRT07: USJ 7,BRT03: Sunway Lagoon,2026-04-19,2189
BRT07: USJ 7,BRT03: Sunway Lagoon,2026-04-20,1286
BRT07: USJ 7,BRT03: Sunway Lagoon,2026-04-21,1344
BRT07: USJ 7,BRT03: Sunway Lagoon,2026-04-22,1416
BRT07: USJ 7,BRT03: Sunway Lagoon,2026-04-23,1421
BRT07: USJ 7,BRT03: Sunway Lagoon,2026-04-24,1462
BRT07: USJ 7,BRT03: Sunway Lagoon,2026-04-25,1152
BRT07: USJ 7,BRT03: Sunway Lagoon,2026-04-26,1003
BRT07: USJ 7,BRT03: Sunway Lagoon,2026-04-27,1248
BRT07: USJ 7,BRT03: Sunway Lagoon,2026-04-28,1274
BRT07: USJ 7,BRT03: Sunway Lagoon,2026-04-29,1465
BRT07: USJ 7,BRT03: Sunway Lagoon,2026-04-30,1482
BRT07: USJ 7,BRT03: Sunway Lagoon,2026-05-01,1349
BRT07: USJ 7,BRT03: Sunway Lagoon,2026-05-02,1507
BRT07: USJ 7,BRT03: Sunway Lagoon,2026-05-03,907
BRT07: USJ 7,BRT03: Sunway Lagoon,2026-05-04,1236
BRT07: USJ 7,BRT03: Sunway Lagoon,2026-05-05,1314
BRT07: USJ 7,BRT03: Sunway Lagoon,2026-05-06,1491
BRT07: USJ 7,BRT03: Sunway Lagoon,2026-05-07,1372
BRT07: USJ 7,BRT03: Sunway Lagoon,2026-05-08,1490
BRT07: USJ 7,BRT03: Sunway Lagoon,2026-05-09,1403
BRT07: USJ 7,BRT03: Sunway Lagoon,2026-05-10,988
BRT07: USJ 7,BRT03: Sunway Lagoon,2026-05-11,1239
BRT07: USJ 7,BRT03: Sunway Lagoon,2026-05-12,1306
BRT07: USJ 7,BRT03: Sunway Lagoon,2026-05-13,1475
BRT07: USJ 7,BRT03: Sunway Lagoon,2026-05-14,1357
BRT07: USJ 7,BRT03: Sunway Lagoon,2026-05-15,1451
BRT07: USJ 7,BRT04: SunMed,2026-01-01,724
BRT07: USJ 7,BRT04: SunMed,2026-01-02,1125
BRT07: USJ 7,BRT04: SunMed,2026-01-03,765
BRT07: USJ 7,BRT04: SunMed,2026-01-04,619
BRT07: USJ 7,BRT04: SunMed,2026-01-05,1413
BRT07: USJ 7,BRT04: SunMed,2026-01-06,1499
BRT07: USJ 7,BRT04: SunMed,2026-01-07,1465
BRT07: USJ 7,BRT04: SunMed,2026-01-08,1429
BRT07: USJ 7,BRT04: SunMed,2026-01-09,1399
BRT07: USJ 7,BRT04: SunMed,2026-01-10,891
BRT07: USJ 7,BRT04: SunMed,2026-01-11,733
BRT07: USJ 7,BRT04: SunMed,2026-01-12,1475
BRT07: USJ 7,BRT04: SunMed,2026-01-13,1509
BRT07: USJ 7,BRT04: SunMed,2026-01-14,1583
BRT07: USJ 7,BRT04: SunMed,2026-01-15,1522
BRT07: USJ 7,BRT04: SunMed,2026-01-16,1457
BRT07: USJ 7,BRT04: SunMed,2026-01-17,947
BRT07: USJ 7,BRT04: SunMed,2026-01-18,707
BRT07: USJ 7,BRT04: SunMed,2026-01-19,1562
BRT07: USJ 7,BRT04: SunMed,2026-01-20,1595
BRT07: USJ 7,BRT04: SunMed,2026-01-21,1625
BRT07: USJ 7,BRT04: SunMed,2026-01-22,1646
BRT07: USJ 7,BRT04: SunMed,2026-01-23,1520
BRT07: USJ 7,BRT04: SunMed,2026-01-24,973
BRT07: USJ 7,BRT04: SunMed,2026-01-25,714
BRT07: USJ 7,BRT04: SunMed,2026-01-26,1459
BRT07: USJ 7,BRT04: SunMed,2026-01-27,1560
BRT07: USJ 7,BRT04: SunMed,2026-01-28,1605
BRT07: USJ 7,BRT04: SunMed,2026-01-29,1536
BRT07: USJ 7,BRT04: SunMed,2026-01-30,1487
BRT07: USJ 7,BRT04: SunMed,2026-01-31,946
BRT07: USJ 7,BRT04: SunMed,2026-02-01,759
BRT07: USJ 7,BRT04: SunMed,2026-02-02,847
BRT07: USJ 7,BRT04: SunMed,2026-02-03,1536
BRT07: USJ 7,BRT04: SunMed,2026-02-04,1837
BRT07: USJ 7,BRT04: SunMed,2026-02-05,1790
BRT07: USJ 7,BRT04: SunMed,2026-02-06,1681
BRT07: USJ 7,BRT04: SunMed,2026-02-07,1144
BRT07: USJ 7,BRT04: SunMed,2026-02-08,905
BRT07: USJ 7,BRT04: SunMed,2026-02-09,1710
BRT07: USJ 7,BRT04: SunMed,2026-02-10,1921
BRT07: USJ 7,BRT04: SunMed,2026-02-11,1835
BRT07: USJ 7,BRT04: SunMed,2026-02-12,1792
BRT07: USJ 7,BRT04: SunMed,2026-02-13,1546
BRT07: USJ 7,BRT04: SunMed,2026-02-14,900
BRT07: USJ 7,BRT04: SunMed,2026-02-15,561
BRT07: USJ 7,BRT04: SunMed,2026-02-16,824
BRT07: USJ 7,BRT04: SunMed,2026-02-17,533
BRT07: USJ 7,BRT04: SunMed,2026-02-18,527
BRT07: USJ 7,BRT04: SunMed,2026-02-19,763
BRT07: USJ 7,BRT04: SunMed,2026-02-20,820
BRT07: USJ 7,BRT04: SunMed,2026-02-21,641
BRT07: USJ 7,BRT04: SunMed,2026-02-22,532
BRT07: USJ 7,BRT04: SunMed,2026-02-23,1449
BRT07: USJ 7,BRT04: SunMed,2026-02-24,1485
BRT07: USJ 7,BRT04: SunMed,2026-02-25,1516
BRT07: USJ 7,BRT04: SunMed,2026-02-26,1543
BRT07: USJ 7,BRT04: SunMed,2026-02-27,1485
BRT07: USJ 7,BRT04: SunMed,2026-02-28,910
BRT07: USJ 7,BRT04: SunMed,2026-03-01,730
BRT07: USJ 7,BRT04: SunMed,2026-03-02,1515
BRT07: USJ 7,BRT04: SunMed,2026-03-03,1842
BRT07: USJ 7,BRT04: SunMed,2026-03-04,1601
BRT07: USJ 7,BRT04: SunMed,2026-03-05,1552
BRT07: USJ 7,BRT04: SunMed,2026-03-06,1510
BRT07: USJ 7,BRT04: SunMed,2026-03-07,820
BRT07: USJ 7,BRT04: SunMed,2026-03-08,777
BRT07: USJ 7,BRT04: SunMed,2026-03-09,1545
BRT07: USJ 7,BRT04: SunMed,2026-03-10,1591
BRT07: USJ 7,BRT04: SunMed,2026-03-11,1501
BRT07: USJ 7,BRT04: SunMed,2026-03-12,1606
BRT07: USJ 7,BRT04: SunMed,2026-03-13,1467
BRT07: USJ 7,BRT04: SunMed,2026-03-14,948
BRT07: USJ 7,BRT04: SunMed,2026-03-15,762
BRT07: USJ 7,BRT04: SunMed,2026-03-16,1528
BRT07: USJ 7,BRT04: SunMed,2026-03-17,1602
BRT07: USJ 7,BRT04: SunMed,2026-03-18,1532
BRT07: USJ 7,BRT04: SunMed,2026-03-19,1256
BRT07: USJ 7,BRT04: SunMed,2026-03-20,684
BRT07: USJ 7,BRT04: SunMed,2026-03-21,812
BRT07: USJ 7,BRT04: SunMed,2026-03-22,761
BRT07: USJ 7,BRT04: SunMed,2026-03-23,688
BRT07: USJ 7,BRT04: SunMed,2026-03-24,1155
BRT07: USJ 7,BRT04: SunMed,2026-03-25,1226
BRT07: USJ 7,BRT04: SunMed,2026-03-26,1242
BRT07: USJ 7,BRT04: SunMed,2026-03-27,1224
BRT07: USJ 7,BRT04: SunMed,2026-03-28,776
BRT07: USJ 7,BRT04: SunMed,2026-03-29,638
BRT07: USJ 7,BRT04: SunMed,2026-03-30,1385
BRT07: USJ 7,BRT04: SunMed,2026-03-31,1397
BRT07: USJ 7,BRT04: SunMed,2026-04-01,1454
BRT07: USJ 7,BRT04: SunMed,2026-04-02,1447
BRT07: USJ 7,BRT04: SunMed,2026-04-03,1344
BRT07: USJ 7,BRT04: SunMed,2026-04-04,944
BRT07: USJ 7,BRT04: SunMed,2026-04-05,722
BRT07: USJ 7,BRT04: SunMed,2026-04-06,1405
BRT07: USJ 7,BRT04: SunMed,2026-04-07,1603
BRT07: USJ 7,BRT04: SunMed,2026-04-08,1501
BRT07: USJ 7,BRT04: SunMed,2026-04-09,1534
BRT07: USJ 7,BRT04: SunMed,2026-04-10,1438
BRT07: USJ 7,BRT04: SunMed,2026-04-11,971
BRT07: USJ 7,BRT04: SunMed,2026-04-12,795
BRT07: USJ 7,BRT04: SunMed,2026-04-13,1551
BRT07: USJ 7,BRT04: SunMed,2026-04-14,1636
BRT07: USJ 7,BRT04: SunMed,2026-04-15,1594
BRT07: USJ 7,BRT04: SunMed,2026-04-16,1590
BRT07: USJ 7,BRT04: SunMed,2026-04-17,1551
BRT07: USJ 7,BRT04: SunMed,2026-04-18,1110
BRT07: USJ 7,BRT04: SunMed,2026-04-19,791
BRT07: USJ 7,BRT04: SunMed,2026-04-20,1605
BRT07: USJ 7,BRT04: SunMed,2026-04-21,1734
BRT07: USJ 7,BRT04: SunMed,2026-04-22,1704
BRT07: USJ 7,BRT04: SunMed,2026-04-23,1652
BRT07: USJ 7,BRT04: SunMed,2026-04-24,1596
BRT07: USJ 7,BRT04: SunMed,2026-04-25,1040
BRT07: USJ 7,BRT04: SunMed,2026-04-26,960
BRT07: USJ 7,BRT04: SunMed,2026-04-27,1575
BRT07: USJ 7,BRT04: SunMed,2026-04-28,1686
BRT07: USJ 7,BRT04: SunMed,2026-04-29,1711
BRT07: USJ 7,BRT04: SunMed,2026-04-30,1680
BRT07: USJ 7,BRT04: SunMed,2026-05-01,822
BRT07: USJ 7,BRT04: SunMed,2026-05-02,962
BRT07: USJ 7,BRT04: SunMed,2026-05-03,806
BRT07: USJ 7,BRT04: SunMed,2026-05-04,1583
BRT07: USJ 7,BRT04: SunMed,2026-05-05,1707
BRT07: USJ 7,BRT04: SunMed,2026-05-06,1756
BRT07: USJ 7,BRT04: SunMed,2026-05-07,1684
BRT07: USJ 7,BRT04: SunMed,2026-05-08,1653
BRT07: USJ 7,BRT04: SunMed,2026-05-09,974
BRT07: USJ 7,BRT04: SunMed,2026-05-10,757
BRT07: USJ 7,BRT04: SunMed,2026-05-11,1667
BRT07: USJ 7,BRT04: SunMed,2026-05-12,1703
BRT07: USJ 7,BRT04: SunMed,2026-05-13,1774
BRT07: USJ 7,BRT04: SunMed,2026-05-14,1709
BRT07: USJ 7,BRT04: SunMed,2026-05-15,1607
BRT07: USJ 7,BRT05: SunU-Monash,2026-01-01,302
BRT07: USJ 7,BRT05: SunU-Monash,2026-01-02,655
BRT07: USJ 7,BRT05: SunU-Monash,2026-01-03,408
BRT07: USJ 7,BRT05: SunU-Monash,2026-01-04,334
BRT07: USJ 7,BRT05: SunU-Monash,2026-01-05,1065
BRT07: USJ 7,BRT05: SunU-Monash,2026-01-06,1167
BRT07: USJ 7,BRT05: SunU-Monash,2026-01-07,1260
BRT07: USJ 7,BRT05: SunU-Monash,2026-01-08,1256
BRT07: USJ 7,BRT05: SunU-Monash,2026-01-09,1154
BRT07: USJ 7,BRT05: SunU-Monash,2026-01-10,611
BRT07: USJ 7,BRT05: SunU-Monash,2026-01-11,393
BRT07: USJ 7,BRT05: SunU-Monash,2026-01-12,1251
BRT07: USJ 7,BRT05: SunU-Monash,2026-01-13,1247
BRT07: USJ 7,BRT05: SunU-Monash,2026-01-14,1327
BRT07: USJ 7,BRT05: SunU-Monash,2026-01-15,1338
BRT07: USJ 7,BRT05: SunU-Monash,2026-01-16,1290
BRT07: USJ 7,BRT05: SunU-Monash,2026-01-17,754
BRT07: USJ 7,BRT05: SunU-Monash,2026-01-18,573
BRT07: USJ 7,BRT05: SunU-Monash,2026-01-19,1519
BRT07: USJ 7,BRT05: SunU-Monash,2026-01-20,1651
BRT07: USJ 7,BRT05: SunU-Monash,2026-01-21,1616
BRT07: USJ 7,BRT05: SunU-Monash,2026-01-22,1688
BRT07: USJ 7,BRT05: SunU-Monash,2026-01-23,1629
BRT07: USJ 7,BRT05: SunU-Monash,2026-01-24,698
BRT07: USJ 7,BRT05: SunU-Monash,2026-01-25,468
BRT07: USJ 7,BRT05: SunU-Monash,2026-01-26,1725
BRT07: USJ 7,BRT05: SunU-Monash,2026-01-27,1819
BRT07: USJ 7,BRT05: SunU-Monash,2026-01-28,1814
BRT07: USJ 7,BRT05: SunU-Monash,2026-01-29,1834
BRT07: USJ 7,BRT05: SunU-Monash,2026-01-30,1766
BRT07: USJ 7,BRT05: SunU-Monash,2026-01-31,614
BRT07: USJ 7,BRT05: SunU-Monash,2026-02-01,530
BRT07: USJ 7,BRT05: SunU-Monash,2026-02-02,536
BRT07: USJ 7,BRT05: SunU-Monash,2026-02-03,1816
BRT07: USJ 7,BRT05: SunU-Monash,2026-02-04,1990
BRT07: USJ 7,BRT05: SunU-Monash,2026-02-05,2063
BRT07: USJ 7,BRT05: SunU-Monash,2026-02-06,1909
BRT07: USJ 7,BRT05: SunU-Monash,2026-02-07,744
BRT07: USJ 7,BRT05: SunU-Monash,2026-02-08,545
BRT07: USJ 7,BRT05: SunU-Monash,2026-02-09,1972
BRT07: USJ 7,BRT05: SunU-Monash,2026-02-10,2156
BRT07: USJ 7,BRT05: SunU-Monash,2026-02-11,2150
BRT07: USJ 7,BRT05: SunU-Monash,2026-02-12,2055
BRT07: USJ 7,BRT05: SunU-Monash,2026-02-13,1764
BRT07: USJ 7,BRT05: SunU-Monash,2026-02-14,501
BRT07: USJ 7,BRT05: SunU-Monash,2026-02-15,305
BRT07: USJ 7,BRT05: SunU-Monash,2026-02-16,460
BRT07: USJ 7,BRT05: SunU-Monash,2026-02-17,260
BRT07: USJ 7,BRT05: SunU-Monash,2026-02-18,280
BRT07: USJ 7,BRT05: SunU-Monash,2026-02-19,444
BRT07: USJ 7,BRT05: SunU-Monash,2026-02-20,503
BRT07: USJ 7,BRT05: SunU-Monash,2026-02-21,397
BRT07: USJ 7,BRT05: SunU-Monash,2026-02-22,443
BRT07: USJ 7,BRT05: SunU-Monash,2026-02-23,1976
BRT07: USJ 7,BRT05: SunU-Monash,2026-02-24,2040
BRT07: USJ 7,BRT05: SunU-Monash,2026-02-25,2038
BRT07: USJ 7,BRT05: SunU-Monash,2026-02-26,2141
BRT07: USJ 7,BRT05: SunU-Monash,2026-02-27,1780
BRT07: USJ 7,BRT05: SunU-Monash,2026-02-28,646
BRT07: USJ 7,BRT05: SunU-Monash,2026-03-01,535
BRT07: USJ 7,BRT05: SunU-Monash,2026-03-02,2398
BRT07: USJ 7,BRT05: SunU-Monash,2026-03-03,2530
BRT07: USJ 7,BRT05: SunU-Monash,2026-03-04,2439
BRT07: USJ 7,BRT05: SunU-Monash,2026-03-05,2387
BRT07: USJ 7,BRT05: SunU-Monash,2026-03-06,2177
BRT07: USJ 7,BRT05: SunU-Monash,2026-03-07,635
BRT07: USJ 7,BRT05: SunU-Monash,2026-03-08,616
BRT07: USJ 7,BRT05: SunU-Monash,2026-03-09,2252
BRT07: USJ 7,BRT05: SunU-Monash,2026-03-10,2388
BRT07: USJ 7,BRT05: SunU-Monash,2026-03-11,2295
BRT07: USJ 7,BRT05: SunU-Monash,2026-03-12,2161
BRT07: USJ 7,BRT05: SunU-Monash,2026-03-13,2022
BRT07: USJ 7,BRT05: SunU-Monash,2026-03-14,699
BRT07: USJ 7,BRT05: SunU-Monash,2026-03-15,535
BRT07: USJ 7,BRT05: SunU-Monash,2026-03-16,2293
BRT07: USJ 7,BRT05: SunU-Monash,2026-03-17,2299
BRT07: USJ 7,BRT05: SunU-Monash,2026-03-18,2148
BRT07: USJ 7,BRT05: SunU-Monash,2026-03-19,1654
BRT07: USJ 7,BRT05: SunU-Monash,2026-03-20,465
BRT07: USJ 7,BRT05: SunU-Monash,2026-03-21,435
BRT07: USJ 7,BRT05: SunU-Monash,2026-03-22,400
BRT07: USJ 7,BRT05: SunU-Monash,2026-03-23,471
BRT07: USJ 7,BRT05: SunU-Monash,2026-03-24,1224
BRT07: USJ 7,BRT05: SunU-Monash,2026-03-25,1401
BRT07: USJ 7,BRT05: SunU-Monash,2026-03-26,1463
BRT07: USJ 7,BRT05: SunU-Monash,2026-03-27,1279
BRT07: USJ 7,BRT05: SunU-Monash,2026-03-28,525
BRT07: USJ 7,BRT05: SunU-Monash,2026-03-29,440
BRT07: USJ 7,BRT05: SunU-Monash,2026-03-30,1870
BRT07: USJ 7,BRT05: SunU-Monash,2026-03-31,1951
BRT07: USJ 7,BRT05: SunU-Monash,2026-04-01,1952
BRT07: USJ 7,BRT05: SunU-Monash,2026-04-02,1884
BRT07: USJ 7,BRT05: SunU-Monash,2026-04-03,1646
BRT07: USJ 7,BRT05: SunU-Monash,2026-04-04,660
BRT07: USJ 7,BRT05: SunU-Monash,2026-04-05,510
BRT07: USJ 7,BRT05: SunU-Monash,2026-04-06,1509
BRT07: USJ 7,BRT05: SunU-Monash,2026-04-07,1584
BRT07: USJ 7,BRT05: SunU-Monash,2026-04-08,1419
BRT07: USJ 7,BRT05: SunU-Monash,2026-04-09,1480
BRT07: USJ 7,BRT05: SunU-Monash,2026-04-10,1444
BRT07: USJ 7,BRT05: SunU-Monash,2026-04-11,703
BRT07: USJ 7,BRT05: SunU-Monash,2026-04-12,601
BRT07: USJ 7,BRT05: SunU-Monash,2026-04-13,1812
BRT07: USJ 7,BRT05: SunU-Monash,2026-04-14,1866
BRT07: USJ 7,BRT05: SunU-Monash,2026-04-15,2017
BRT07: USJ 7,BRT05: SunU-Monash,2026-04-16,2008
BRT07: USJ 7,BRT05: SunU-Monash,2026-04-17,1968
BRT07: USJ 7,BRT05: SunU-Monash,2026-04-18,804
BRT07: USJ 7,BRT05: SunU-Monash,2026-04-19,532
BRT07: USJ 7,BRT05: SunU-Monash,2026-04-20,1910
BRT07: USJ 7,BRT05: SunU-Monash,2026-04-21,2016
BRT07: USJ 7,BRT05: SunU-Monash,2026-04-22,2001
BRT07: USJ 7,BRT05: SunU-Monash,2026-04-23,1961
BRT07: USJ 7,BRT05: SunU-Monash,2026-04-24,1660
BRT07: USJ 7,BRT05: SunU-Monash,2026-04-25,646
BRT07: USJ 7,BRT05: SunU-Monash,2026-04-26,474
BRT07: USJ 7,BRT05: SunU-Monash,2026-04-27,1884
BRT07: USJ 7,BRT05: SunU-Monash,2026-04-28,1951
BRT07: USJ 7,BRT05: SunU-Monash,2026-04-29,2085
BRT07: USJ 7,BRT05: SunU-Monash,2026-04-30,2065
BRT07: USJ 7,BRT05: SunU-Monash,2026-05-01,578
BRT07: USJ 7,BRT05: SunU-Monash,2026-05-02,690
BRT07: USJ 7,BRT05: SunU-Monash,2026-05-03,578
BRT07: USJ 7,BRT05: SunU-Monash,2026-05-04,2401
BRT07: USJ 7,BRT05: SunU-Monash,2026-05-05,2495
BRT07: USJ 7,BRT05: SunU-Monash,2026-05-06,2408
BRT07: USJ 7,BRT05: SunU-Monash,2026-05-07,2437
BRT07: USJ 7,BRT05: SunU-Monash,2026-05-08,2077
BRT07: USJ 7,BRT05: SunU-Monash,2026-05-09,678
BRT07: USJ 7,BRT05: SunU-Monash,2026-05-10,590
BRT07: USJ 7,BRT05: SunU-Monash,2026-05-11,2611
BRT07: USJ 7,BRT05: SunU-Monash,2026-05-12,2691
BRT07: USJ 7,BRT05: SunU-Monash,2026-05-13,2637
BRT07: USJ 7,BRT05: SunU-Monash,2026-05-14,2477
BRT07: USJ 7,BRT05: SunU-Monash,2026-05-15,2124
BRT07: USJ 7,BRT06: South Quay-USJ 1,2026-01-01,589
BRT07: USJ 7,BRT06: South Quay-USJ 1,2026-01-02,824
BRT07: USJ 7,BRT06: South Quay-USJ 1,2026-01-03,567
BRT07: USJ 7,BRT06: South Quay-USJ 1,2026-01-04,567
BRT07: USJ 7,BRT06: South Quay-USJ 1,2026-01-05,1074
BRT07: USJ 7,BRT06: South Quay-USJ 1,2026-01-06,1070
BRT07: USJ 7,BRT06: South Quay-USJ 1,2026-01-07,1030
BRT07: USJ 7,BRT06: South Quay-USJ 1,2026-01-08,982
BRT07: USJ 7,BRT06: South Quay-USJ 1,2026-01-09,963
BRT07: USJ 7,BRT06: South Quay-USJ 1,2026-01-10,624
BRT07: USJ 7,BRT06: South Quay-USJ 1,2026-01-11,700
BRT07: USJ 7,BRT06: South Quay-USJ 1,2026-01-12,1088
BRT07: USJ 7,BRT06: South Quay-USJ 1,2026-01-13,1147
BRT07: USJ 7,BRT06: South Quay-USJ 1,2026-01-14,1130
BRT07: USJ 7,BRT06: South Quay-USJ 1,2026-01-15,1103
BRT07: USJ 7,BRT06: South Quay-USJ 1,2026-01-16,1150
BRT07: USJ 7,BRT06: South Quay-USJ 1,2026-01-17,599
BRT07: USJ 7,BRT06: South Quay-USJ 1,2026-01-18,633
BRT07: USJ 7,BRT06: South Quay-USJ 1,2026-01-19,1197
BRT07: USJ 7,BRT06: South Quay-USJ 1,2026-01-20,1207
BRT07: USJ 7,BRT06: South Quay-USJ 1,2026-01-21,1219
BRT07: USJ 7,BRT06: South Quay-USJ 1,2026-01-22,1168
BRT07: USJ 7,BRT06: South Quay-USJ 1,2026-01-23,1113
BRT07: USJ 7,BRT06: South Quay-USJ 1,2026-01-24,634
BRT07: USJ 7,BRT06: South Quay-USJ 1,2026-01-25,652
BRT07: USJ 7,BRT06: South Quay-USJ 1,2026-01-26,1164
BRT07: USJ 7,BRT06: South Quay-USJ 1,2026-01-27,1224
BRT07: USJ 7,BRT06: South Quay-USJ 1,2026-01-28,1178
BRT07: USJ 7,BRT06: South Quay-USJ 1,2026-01-29,1172
BRT07: USJ 7,BRT06: South Quay-USJ 1,2026-01-30,1117
BRT07: USJ 7,BRT06: South Quay-USJ 1,2026-01-31,634
BRT07: USJ 7,BRT06: South Quay-USJ 1,2026-02-01,672
BRT07: USJ 7,BRT06: South Quay-USJ 1,2026-02-02,707
BRT07: USJ 7,BRT06: South Quay-USJ 1,2026-02-03,1160
BRT07: USJ 7,BRT06: South Quay-USJ 1,2026-02-04,1193
BRT07: USJ 7,BRT06: South Quay-USJ 1,2026-02-05,1253
BRT07: USJ 7,BRT06: South Quay-USJ 1,2026-02-06,1171
BRT07: USJ 7,BRT06: South Quay-USJ 1,2026-02-07,754
BRT07: USJ 7,BRT06: South Quay-USJ 1,2026-02-08,710
BRT07: USJ 7,BRT06: South Quay-USJ 1,2026-02-09,1258
BRT07: USJ 7,BRT06: South Quay-USJ 1,2026-02-10,1289
BRT07: USJ 7,BRT06: South Quay-USJ 1,2026-02-11,1319
BRT07: USJ 7,BRT06: South Quay-USJ 1,2026-02-12,1279
BRT07: USJ 7,BRT06: South Quay-USJ 1,2026-02-13,1159
BRT07: USJ 7,BRT06: South Quay-USJ 1,2026-02-14,679
BRT07: USJ 7,BRT06: South Quay-USJ 1,2026-02-15,600
BRT07: USJ 7,BRT06: South Quay-USJ 1,2026-02-16,738
BRT07: USJ 7,BRT06: South Quay-USJ 1,2026-02-17,557
BRT07: USJ 7,BRT06: South Quay-USJ 1,2026-02-18,581
BRT07: USJ 7,BRT06: South Quay-USJ 1,2026-02-19,692
BRT07: USJ 7,BRT06: South Quay-USJ 1,2026-02-20,730
BRT07: USJ 7,BRT06: South Quay-USJ 1,2026-02-21,499
BRT07: USJ 7,BRT06: South Quay-USJ 1,2026-02-22,578
BRT07: USJ 7,BRT06: South Quay-USJ 1,2026-02-23,1159
BRT07: USJ 7,BRT06: South Quay-USJ 1,2026-02-24,1150
BRT07: USJ 7,BRT06: South Quay-USJ 1,2026-02-25,1161
BRT07: USJ 7,BRT06: South Quay-USJ 1,2026-02-26,1162
BRT07: USJ 7,BRT06: South Quay-USJ 1,2026-02-27,1103
BRT07: USJ 7,BRT06: South Quay-USJ 1,2026-02-28,658
BRT07: USJ 7,BRT06: South Quay-USJ 1,2026-03-01,716
BRT07: USJ 7,BRT06: South Quay-USJ 1,2026-03-02,1199
BRT07: USJ 7,BRT06: South Quay-USJ 1,2026-03-03,1232
BRT07: USJ 7,BRT06: South Quay-USJ 1,2026-03-04,1213
BRT07: USJ 7,BRT06: South Quay-USJ 1,2026-03-05,1187
BRT07: USJ 7,BRT06: South Quay-USJ 1,2026-03-06,1153
BRT07: USJ 7,BRT06: South Quay-USJ 1,2026-03-07,697
BRT07: USJ 7,BRT06: South Quay-USJ 1,2026-03-08,745
BRT07: USJ 7,BRT06: South Quay-USJ 1,2026-03-09,1236
BRT07: USJ 7,BRT06: South Quay-USJ 1,2026-03-10,1220
BRT07: USJ 7,BRT06: South Quay-USJ 1,2026-03-11,1229
BRT07: USJ 7,BRT06: South Quay-USJ 1,2026-03-12,1212
BRT07: USJ 7,BRT06: South Quay-USJ 1,2026-03-13,1238
BRT07: USJ 7,BRT06: South Quay-USJ 1,2026-03-14,734
BRT07: USJ 7,BRT06: South Quay-USJ 1,2026-03-15,699
BRT07: USJ 7,BRT06: South Quay-USJ 1,2026-03-16,1164
BRT07: USJ 7,BRT06: South Quay-USJ 1,2026-03-17,1167
BRT07: USJ 7,BRT06: South Quay-USJ 1,2026-03-18,1075
BRT07: USJ 7,BRT06: South Quay-USJ 1,2026-03-19,927
BRT07: USJ 7,BRT06: South Quay-USJ 1,2026-03-20,694
BRT07: USJ 7,BRT06: South Quay-USJ 1,2026-03-21,587
BRT07: USJ 7,BRT06: South Quay-USJ 1,2026-03-22,653
BRT07: USJ 7,BRT06: South Quay-USJ 1,2026-03-23,522
BRT07: USJ 7,BRT06: South Quay-USJ 1,2026-03-24,766
BRT07: USJ 7,BRT06: South Quay-USJ 1,2026-03-25,845
BRT07: USJ 7,BRT06: South Quay-USJ 1,2026-03-26,909
BRT07: USJ 7,BRT06: South Quay-USJ 1,2026-03-27,886
BRT07: USJ 7,BRT06: South Quay-USJ 1,2026-03-28,608
BRT07: USJ 7,BRT06: South Quay-USJ 1,2026-03-29,608
BRT07: USJ 7,BRT06: South Quay-USJ 1,2026-03-30,1078
BRT07: USJ 7,BRT06: South Quay-USJ 1,2026-03-31,1080
BRT07: USJ 7,BRT06: South Quay-USJ 1,2026-04-01,1188
BRT07: USJ 7,BRT06: South Quay-USJ 1,2026-04-02,1196
BRT07: USJ 7,BRT06: South Quay-USJ 1,2026-04-03,1083
BRT07: USJ 7,BRT06: South Quay-USJ 1,2026-04-04,695
BRT07: USJ 7,BRT06: South Quay-USJ 1,2026-04-05,729
BRT07: USJ 7,BRT06: South Quay-USJ 1,2026-04-06,1131
BRT07: USJ 7,BRT06: South Quay-USJ 1,2026-04-07,1186
BRT07: USJ 7,BRT06: South Quay-USJ 1,2026-04-08,1143
BRT07: USJ 7,BRT06: South Quay-USJ 1,2026-04-09,1182
BRT07: USJ 7,BRT06: South Quay-USJ 1,2026-04-10,1116
BRT07: USJ 7,BRT06: South Quay-USJ 1,2026-04-11,722
BRT07: USJ 7,BRT06: South Quay-USJ 1,2026-04-12,720
BRT07: USJ 7,BRT06: South Quay-USJ 1,2026-04-13,1124
BRT07: USJ 7,BRT06: South Quay-USJ 1,2026-04-14,1114
BRT07: USJ 7,BRT06: South Quay-USJ 1,2026-04-15,1159
BRT07: USJ 7,BRT06: South Quay-USJ 1,2026-04-16,1139
BRT07: USJ 7,BRT06: South Quay-USJ 1,2026-04-17,1114
BRT07: USJ 7,BRT06: South Quay-USJ 1,2026-04-18,635
BRT07: USJ 7,BRT06: South Quay-USJ 1,2026-04-19,665
BRT07: USJ 7,BRT06: South Quay-USJ 1,2026-04-20,1126
BRT07: USJ 7,BRT06: South Quay-USJ 1,2026-04-21,1104
BRT07: USJ 7,BRT06: South Quay-USJ 1,2026-04-22,1115
BRT07: USJ 7,BRT06: South Quay-USJ 1,2026-04-23,1097
BRT07: USJ 7,BRT06: South Quay-USJ 1,2026-04-24,1023
BRT07: USJ 7,BRT06: South Quay-USJ 1,2026-04-25,749
BRT07: USJ 7,BRT06: South Quay-USJ 1,2026-04-26,661
BRT07: USJ 7,BRT06: South Quay-USJ 1,2026-04-27,1074
BRT07: USJ 7,BRT06: South Quay-USJ 1,2026-04-28,1090
BRT07: USJ 7,BRT06: South Quay-USJ 1,2026-04-29,1041
BRT07: USJ 7,BRT06: South Quay-USJ 1,2026-04-30,1082
BRT07: USJ 7,BRT06: South Quay-USJ 1,2026-05-01,719
BRT07: USJ 7,BRT06: South Quay-USJ 1,2026-05-02,691
BRT07: USJ 7,BRT06: South Quay-USJ 1,2026-05-03,676
BRT07: USJ 7,BRT06: South Quay-USJ 1,2026-05-04,1120
BRT07: USJ 7,BRT06: South Quay-USJ 1,2026-05-05,1141
BRT07: USJ 7,BRT06: South Quay-USJ 1,2026-05-06,1126
BRT07: USJ 7,BRT06: South Quay-USJ 1,2026-05-07,1090
BRT07: USJ 7,BRT06: South Quay-USJ 1,2026-05-08,1099
BRT07: USJ 7,BRT06: South Quay-USJ 1,2026-05-09,676
BRT07: USJ 7,BRT06: South Quay-USJ 1,2026-05-10,708
BRT07: USJ 7,BRT06: South Quay-USJ 1,2026-05-11,1123
BRT07: USJ 7,BRT06: South Quay-USJ 1,2026-05-12,1090
BRT07: USJ 7,BRT06: South Quay-USJ 1,2026-05-13,1095
BRT07: USJ 7,BRT06: South Quay-USJ 1,2026-05-14,1129
BRT07: USJ 7,BRT06: South Quay-USJ 1,2026-05-15,1084
