date,type,fuel,registrations
2000-01-01,all_types,all_fuels,51261
2000-02-01,all_types,all_fuels,46478
2000-03-01,all_types,all_fuels,57477
2000-04-01,all_types,all_fuels,50941
2000-05-01,all_types,all_fuels,53361
2000-06-01,all_types,all_fuels,50687
2000-07-01,all_types,all_fuels,55177
2000-08-01,all_types,all_fuels,55463
2000-09-01,all_types,all_fuels,50307
2000-10-01,all_types,all_fuels,51998
2000-11-01,all_types,all_fuels,53135
2000-12-01,all_types,all_fuels,49518
2001-01-01,all_types,all_fuels,52232
2001-02-01,all_types,all_fuels,53834
2001-03-01,all_types,all_fuels,55476
2001-04-01,all_types,all_fuels,53882
2001-05-01,all_types,all_fuels,56513
2001-06-01,all_types,all_fuels,54923
2001-07-01,all_types,all_fuels,60489
2001-08-01,all_types,all_fuels,61743
2001-09-01,all_types,all_fuels,55019
2001-10-01,all_types,all_fuels,63544
2001-11-01,all_types,all_fuels,59986
2001-12-01,all_types,all_fuels,49569
2002-01-01,all_types,all_fuels,67350
2002-02-01,all_types,all_fuels,50357
2002-03-01,all_types,all_fuels,60089
2002-04-01,all_types,all_fuels,64061
2002-05-01,all_types,all_fuels,61902
2002-06-01,all_types,all_fuels,56868
2002-07-01,all_types,all_fuels,67013
2002-08-01,all_types,all_fuels,64615
2002-09-01,all_types,all_fuels,53844
2002-10-01,all_types,all_fuels,62163
2002-11-01,all_types,all_fuels,59304
2002-12-01,all_types,all_fuels,46161
2003-01-01,all_types,all_fuels,76462
2003-02-01,all_types,all_fuels,50540
2003-03-01,all_types,all_fuels,63769
2003-04-01,all_types,all_fuels,65088
2003-05-01,all_types,all_fuels,64117
2003-06-01,all_types,all_fuels,64800
2003-07-01,all_types,all_fuels,76166
2003-08-01,all_types,all_fuels,71541
2003-09-01,all_types,all_fuels,66999
2003-10-01,all_types,all_fuels,70340
2003-11-01,all_types,all_fuels,58805
2003-12-01,all_types,all_fuels,61912
2004-01-01,all_types,all_fuels,71630
2004-02-01,all_types,all_fuels,63655
2004-03-01,all_types,all_fuels,81962
2004-04-01,all_types,all_fuels,79626
2004-05-01,all_types,all_fuels,72282
2004-06-01,all_types,all_fuels,83445
2004-07-01,all_types,all_fuels,89411
2004-08-01,all_types,all_fuels,78108
2004-09-01,all_types,all_fuels,83146
2004-10-01,all_types,all_fuels,82160
2004-11-01,all_types,all_fuels,67847
2004-12-01,all_types,all_fuels,79004
2005-01-01,all_types,all_fuels,87251
2005-02-01,all_types,all_fuels,73658
2005-03-01,all_types,all_fuels,95853
2005-04-01,all_types,all_fuels,84251
2005-05-01,all_types,all_fuels,85688
2005-06-01,all_types,all_fuels,89884
2005-07-01,all_types,all_fuels,86178
2005-08-01,all_types,all_fuels,93139
2005-09-01,all_types,all_fuels,91939
2005-10-01,all_types,all_fuels,102395
2005-11-01,all_types,all_fuels,69562
2005-12-01,all_types,all_fuels,86818
2006-01-01,all_types,all_fuels,81977
2006-02-01,all_types,all_fuels,74617
2006-03-01,all_types,all_fuels,95427
2006-04-01,all_types,all_fuels,81400
2006-05-01,all_types,all_fuels,85024
2006-06-01,all_types,all_fuels,80508
2006-07-01,all_types,all_fuels,82050
2006-08-01,all_types,all_fuels,90751
2006-09-01,all_types,all_fuels,84353
2006-10-01,all_types,all_fuels,72647
2006-11-01,all_types,all_fuels,72933
2006-12-01,all_types,all_fuels,72626
2007-01-01,all_types,all_fuels,87455
2007-02-01,all_types,all_fuels,70806
2007-03-01,all_types,all_fuels,83436
2007-04-01,all_types,all_fuels,73743
2007-05-01,all_types,all_fuels,82062
2007-06-01,all_types,all_fuels,84272
2007-07-01,all_types,all_fuels,95071
2007-08-01,all_types,all_fuels,99447
2007-09-01,all_types,all_fuels,90498
2007-10-01,all_types,all_fuels,87392
2007-11-01,all_types,all_fuels,85593
2007-12-01,all_types,all_fuels,82630
2008-01-01,all_types,all_fuels,105890
2008-02-01,all_types,all_fuels,85190
2008-03-01,all_types,all_fuels,95714
2008-04-01,all_types,all_fuels,102459
2008-05-01,all_types,all_fuels,96839
2008-06-01,all_types,all_fuels,106583
2008-07-01,all_types,all_fuels,120834
2008-08-01,all_types,all_fuels,98701
2008-09-01,all_types,all_fuels,107080
2008-10-01,all_types,all_fuels,77442
2008-11-01,all_types,all_fuels,79811
2008-12-01,all_types,all_fuels,80398
2009-01-01,all_types,all_fuels,83896
2009-02-01,all_types,all_fuels,79899
2009-03-01,all_types,all_fuels,89455
2009-04-01,all_types,all_fuels,82218
2009-05-01,all_types,all_fuels,83912
2009-06-01,all_types,all_fuels,86855
2009-07-01,all_types,all_fuels,100439
2009-08-01,all_types,all_fuels,92113
2009-09-01,all_types,all_fuels,87704
2009-10-01,all_types,all_fuels,86345
2009-11-01,all_types,all_fuels,82847
2009-12-01,all_types,all_fuels,89303
2010-01-01,all_types,all_fuels,106679
2010-02-01,all_types,all_fuels,81913
2010-03-01,all_types,all_fuels,113246
2010-04-01,all_types,all_fuels,97497
2010-05-01,all_types,all_fuels,95115
2010-06-01,all_types,all_fuels,103377
2010-07-01,all_types,all_fuels,102949
2010-08-01,all_types,all_fuels,104378
2010-09-01,all_types,all_fuels,85177
2010-10-01,all_types,all_fuels,95732
2010-11-01,all_types,all_fuels,86518
2010-12-01,all_types,all_fuels,99110
2011-01-01,all_types,all_fuels,119081
2011-02-01,all_types,all_fuels,84227
2011-03-01,all_types,all_fuels,120298
2011-04-01,all_types,all_fuels,100159
2011-05-01,all_types,all_fuels,96916
2011-06-01,all_types,all_fuels,93906
2011-07-01,all_types,all_fuels,103084
2011-08-01,all_types,all_fuels,115764
2011-09-01,all_types,all_fuels,89822
2011-10-01,all_types,all_fuels,102969
2011-11-01,all_types,all_fuels,92790
2011-12-01,all_types,all_fuels,92618
2012-01-01,all_types,all_fuels,98722
2012-02-01,all_types,all_fuels,103909
2012-03-01,all_types,all_fuels,112953
2012-04-01,all_types,all_fuels,103993
2012-05-01,all_types,all_fuels,118943
2012-06-01,all_types,all_fuels,112894
2012-07-01,all_types,all_fuels,124527
2012-08-01,all_types,all_fuels,106325
2012-09-01,all_types,all_fuels,97128
2012-10-01,all_types,all_fuels,110772
2012-11-01,all_types,all_fuels,99014
2012-12-01,all_types,all_fuels,110824
2013-01-01,all_types,all_fuels,128181
2013-02-01,all_types,all_fuels,98633
2013-03-01,all_types,all_fuels,117828
2013-04-01,all_types,all_fuels,115024
2013-05-01,all_types,all_fuels,105208
2013-06-01,all_types,all_fuels,106205
2013-07-01,all_types,all_fuels,134516
2013-08-01,all_types,all_fuels,100216
2013-09-01,all_types,all_fuels,105016
2013-10-01,all_types,all_fuels,113856
2013-11-01,all_types,all_fuels,99349
2013-12-01,all_types,all_fuels,106896
2014-01-01,all_types,all_fuels,121425
2014-02-01,all_types,all_fuels,99970
2014-03-01,all_types,all_fuels,117104
2014-04-01,all_types,all_fuels,116268
2014-05-01,all_types,all_fuels,105348
2014-06-01,all_types,all_fuels,105745
2014-07-01,all_types,all_fuels,112861
2014-08-01,all_types,all_fuels,95803
2014-09-01,all_types,all_fuels,96174
2014-10-01,all_types,all_fuels,103360
2014-11-01,all_types,all_fuels,94734
2014-12-01,all_types,all_fuels,112629
2015-01-01,all_types,all_fuels,111185
2015-02-01,all_types,all_fuels,97476
2015-03-01,all_types,all_fuels,138704
2015-04-01,all_types,all_fuels,81554
2015-05-01,all_types,all_fuels,87033
2015-06-01,all_types,all_fuels,98976
2015-07-01,all_types,all_fuels,99321
2015-08-01,all_types,all_fuels,91512
2015-09-01,all_types,all_fuels,92078
2015-10-01,all_types,all_fuels,96889
2015-11-01,all_types,all_fuels,93559
2015-12-01,all_types,all_fuels,109234
2016-01-01,all_types,all_fuels,96461
2016-02-01,all_types,all_fuels,78677
2016-03-01,all_types,all_fuels,97687
2016-04-01,all_types,all_fuels,84966
2016-05-01,all_types,all_fuels,86658
2016-06-01,all_types,all_fuels,101207
2016-07-01,all_types,all_fuels,77641
2016-08-01,all_types,all_fuels,99568
2016-09-01,all_types,all_fuels,92331
2016-10-01,all_types,all_fuels,91425
2016-11-01,all_types,all_fuels,90479
2016-12-01,all_types,all_fuels,104685
2017-01-01,all_types,all_fuels,95378
2017-02-01,all_types,all_fuels,88437
2017-03-01,all_types,all_fuels,108157
2017-04-01,all_types,all_fuels,86748
2017-05-01,all_types,all_fuels,98523
2017-06-01,all_types,all_fuels,91116
2017-07-01,all_types,all_fuels,91268
2017-08-01,all_types,all_fuels,101654
2017-09-01,all_types,all_fuels,82151
2017-10-01,all_types,all_fuels,94736
2017-11-01,all_types,all_fuels,93748
2017-12-01,all_types,all_fuels,94318
2018-01-01,all_types,all_fuels,101515
2018-02-01,all_types,all_fuels,85197
2018-03-01,all_types,all_fuels,102825
2018-04-01,all_types,all_fuels,100182
2018-05-01,all_types,all_fuels,84874
2018-06-01,all_types,all_fuels,114094
2018-07-01,all_types,all_fuels,129986
2018-08-01,all_types,all_fuels,130709
2018-09-01,all_types,all_fuels,79125
2018-10-01,all_types,all_fuels,102394
2018-11-01,all_types,all_fuels,91881
2018-12-01,all_types,all_fuels,96227
2019-01-01,all_types,all_fuels,114644
2019-02-01,all_types,all_fuels,82585
2019-03-01,all_types,all_fuels,111982
2019-04-01,all_types,all_fuels,109052
2019-05-01,all_types,all_fuels,119446
2019-06-01,all_types,all_fuels,80715
2019-07-01,all_types,all_fuels,113018
2019-08-01,all_types,all_fuels,107914
2019-09-01,all_types,all_fuels,96019
2019-10-01,all_types,all_fuels,108761
2019-11-01,all_types,all_fuels,102526
2019-12-01,all_types,all_fuels,112357
2020-01-01,all_types,all_fuels,106116
2020-02-01,all_types,all_fuels,104794
2020-03-01,all_types,all_fuels,59449
2020-04-01,all_types,all_fuels,1585
2020-05-01,all_types,all_fuels,59899
2020-06-01,all_types,all_fuels,102203
2020-07-01,all_types,all_fuels,125712
2020-08-01,all_types,all_fuels,111551
2020-09-01,all_types,all_fuels,122910
2020-10-01,all_types,all_fuels,121921
2020-11-01,all_types,all_fuels,117671
2020-12-01,all_types,all_fuels,130187
2021-01-01,all_types,all_fuels,98133
2021-02-01,all_types,all_fuels,102747
2021-03-01,all_types,all_fuels,157601
2021-04-01,all_types,all_fuels,133921
2021-05-01,all_types,all_fuels,103197
2021-06-01,all_types,all_fuels,11219
2021-07-01,all_types,all_fuels,28597
2021-08-01,all_types,all_fuels,46521
2021-09-01,all_types,all_fuels,100715
2021-10-01,all_types,all_fuels,130564
2021-11-01,all_types,all_fuels,127477
2021-12-01,all_types,all_fuels,152167
2022-01-01,all_types,all_fuels,93644
2022-02-01,all_types,all_fuels,91616
2022-03-01,all_types,all_fuels,138691
2022-04-01,all_types,all_fuels,137392
2022-05-01,all_types,all_fuels,120308
2022-06-01,all_types,all_fuels,146022
2022-07-01,all_types,all_fuels,120539
2022-08-01,all_types,all_fuels,143386
2022-09-01,all_types,all_fuels,138783
2022-10-01,all_types,all_fuels,126248
2022-11-01,all_types,all_fuels,127984
2022-12-01,all_types,all_fuels,138112
2023-01-01,all_types,all_fuels,111343
2023-02-01,all_types,all_fuels,126976
2023-03-01,all_types,all_fuels,150692
2023-04-01,all_types,all_fuels,103569
2023-05-01,all_types,all_fuels,131132
2023-06-01,all_types,all_fuels,124759
2023-07-01,all_types,all_fuels,128433
2023-08-01,all_types,all_fuels,134837
2023-09-01,all_types,all_fuels,122001
2023-10-01,all_types,all_fuels,137372
2023-11-01,all_types,all_fuels,131362
2023-12-01,all_types,all_fuels,130828
2024-01-01,all_types,all_fuels,129676
2024-02-01,all_types,all_fuels,119048
2024-03-01,all_types,all_fuels,136057
2024-04-01,all_types,all_fuels,115213
2024-05-01,all_types,all_fuels,136270
2024-06-01,all_types,all_fuels,117906
2024-07-01,all_types,all_fuels,144275
2024-08-01,all_types,all_fuels,140710
2024-09-01,all_types,all_fuels,119552
2024-10-01,all_types,all_fuels,138076
2024-11-01,all_types,all_fuels,128956
2024-12-01,all_types,all_fuels,144931
2025-01-01,all_types,all_fuels,109815
2025-02-01,all_types,all_fuels,127062
2025-03-01,all_types,all_fuels,143861
2025-04-01,all_types,all_fuels,123964
2025-05-01,all_types,all_fuels,141124
2025-06-01,all_types,all_fuels,119343
2025-07-01,all_types,all_fuels,149176
2025-08-01,all_types,all_fuels,147780
2025-09-01,all_types,all_fuels,120066
2025-10-01,all_types,all_fuels,146828
2025-11-01,all_types,all_fuels,138443
2025-12-01,all_types,all_fuels,162090
2026-01-01,all_types,all_fuels,141075
2026-02-01,all_types,all_fuels,116154
2026-03-01,all_types,all_fuels,131863
2026-04-01,all_types,all_fuels,156866
2000-01-01,all_types,diesel,1247
2000-02-01,all_types,diesel,1119
2000-03-01,all_types,diesel,1741
2000-04-01,all_types,diesel,1630
2000-05-01,all_types,diesel,1749
2000-06-01,all_types,diesel,1576
2000-07-01,all_types,diesel,1793
2000-08-01,all_types,diesel,1817
2000-09-01,all_types,diesel,1914
2000-10-01,all_types,diesel,1526
2000-11-01,all_types,diesel,1659
2000-12-01,all_types,diesel,1512
2001-01-01,all_types,diesel,1671
2001-02-01,all_types,diesel,1571
2001-03-01,all_types,diesel,1865
2001-04-01,all_types,diesel,1792
2001-05-01,all_types,diesel,1828
2001-06-01,all_types,diesel,1661
2001-07-01,all_types,diesel,1786
2001-08-01,all_types,diesel,2013
2001-09-01,all_types,diesel,1741
2001-10-01,all_types,diesel,1691
2001-11-01,all_types,diesel,1672
2001-12-01,all_types,diesel,1299
2002-01-01,all_types,diesel,2046
2002-02-01,all_types,diesel,1095
2002-03-01,all_types,diesel,1678
2002-04-01,all_types,diesel,1838
2002-05-01,all_types,diesel,1723
2002-06-01,all_types,diesel,1590
2002-07-01,all_types,diesel,2131
2002-08-01,all_types,diesel,1857
2002-09-01,all_types,diesel,1843
2002-10-01,all_types,diesel,2041
2002-11-01,all_types,diesel,1905
2002-12-01,all_types,diesel,1439
2003-01-01,all_types,diesel,1875
2003-02-01,all_types,diesel,1113
2003-03-01,all_types,diesel,1733
2003-04-01,all_types,diesel,2068
2003-05-01,all_types,diesel,1815
2003-06-01,all_types,diesel,1830
2003-07-01,all_types,diesel,2085
2003-08-01,all_types,diesel,1991
2003-09-01,all_types,diesel,1928
2003-10-01,all_types,diesel,1977
2003-11-01,all_types,diesel,1428
2003-12-01,all_types,diesel,1841
2004-01-01,all_types,diesel,1512
2004-02-01,all_types,diesel,1294
2004-03-01,all_types,diesel,2264
2004-04-01,all_types,diesel,1874
2004-05-01,all_types,diesel,1842
2004-06-01,all_types,diesel,2063
2004-07-01,all_types,diesel,2116
2004-08-01,all_types,diesel,2004
2004-09-01,all_types,diesel,2321
2004-10-01,all_types,diesel,2229
2004-11-01,all_types,diesel,1607
2004-12-01,all_types,diesel,1897
2005-01-01,all_types,diesel,1823
2005-02-01,all_types,diesel,1443
2005-03-01,all_types,diesel,1889
2005-04-01,all_types,diesel,1713
2005-05-01,all_types,diesel,1720
2005-06-01,all_types,diesel,1858
2005-07-01,all_types,diesel,1835
2005-08-01,all_types,diesel,1807
2005-09-01,all_types,diesel,1838
2005-10-01,all_types,diesel,1751
2005-11-01,all_types,diesel,1472
2005-12-01,all_types,diesel,1711
2006-01-01,all_types,diesel,1463
2006-02-01,all_types,diesel,1206
2006-03-01,all_types,diesel,1963
2006-04-01,all_types,diesel,1514
2006-05-01,all_types,diesel,1802
2006-06-01,all_types,diesel,1780
2006-07-01,all_types,diesel,1793
2006-08-01,all_types,diesel,1955
2006-09-01,all_types,diesel,2081
2006-10-01,all_types,diesel,1514
2006-11-01,all_types,diesel,1947
2006-12-01,all_types,diesel,1832
2007-01-01,all_types,diesel,2133
2007-02-01,all_types,diesel,1697
2007-03-01,all_types,diesel,2083
2007-04-01,all_types,diesel,2197
2007-05-01,all_types,diesel,2441
2007-06-01,all_types,diesel,2411
2007-07-01,all_types,diesel,2679
2007-08-01,all_types,diesel,2588
2007-09-01,all_types,diesel,2503
2007-10-01,all_types,diesel,2383
2007-11-01,all_types,diesel,2705
2007-12-01,all_types,diesel,2464
2008-01-01,all_types,diesel,2903
2008-02-01,all_types,diesel,2395
2008-03-01,all_types,diesel,2685
2008-04-01,all_types,diesel,3186
2008-05-01,all_types,diesel,2710
2008-06-01,all_types,diesel,2993
2008-07-01,all_types,diesel,2598
2008-08-01,all_types,diesel,1956
2008-09-01,all_types,diesel,2396
2008-10-01,all_types,diesel,1891
2008-11-01,all_types,diesel,2652
2008-12-01,all_types,diesel,2183
2009-01-01,all_types,diesel,1695
2009-02-01,all_types,diesel,1539
2009-03-01,all_types,diesel,2006
2009-04-01,all_types,diesel,1856
2009-05-01,all_types,diesel,1900
2009-06-01,all_types,diesel,2118
2009-07-01,all_types,diesel,2473
2009-08-01,all_types,diesel,2359
2009-09-01,all_types,diesel,2181
2009-10-01,all_types,diesel,2480
2009-11-01,all_types,diesel,2290
2009-12-01,all_types,diesel,2268
2010-01-01,all_types,diesel,2817
2010-02-01,all_types,diesel,1199
2010-03-01,all_types,diesel,2756
2010-04-01,all_types,diesel,3044
2010-05-01,all_types,diesel,2689
2010-06-01,all_types,diesel,3187
2010-07-01,all_types,diesel,2916
2010-08-01,all_types,diesel,2928
2010-09-01,all_types,diesel,2155
2010-10-01,all_types,diesel,2595
2010-11-01,all_types,diesel,2418
2010-12-01,all_types,diesel,2471
2011-01-01,all_types,diesel,2607
2011-02-01,all_types,diesel,1667
2011-03-01,all_types,diesel,2948
2011-04-01,all_types,diesel,2780
2011-05-01,all_types,diesel,2639
2011-06-01,all_types,diesel,2800
2011-07-01,all_types,diesel,2810
2011-08-01,all_types,diesel,2968
2011-09-01,all_types,diesel,2469
2011-10-01,all_types,diesel,2749
2011-11-01,all_types,diesel,2679
2011-12-01,all_types,diesel,2725
2012-01-01,all_types,diesel,2165
2012-02-01,all_types,diesel,2334
2012-03-01,all_types,diesel,3080
2012-04-01,all_types,diesel,2797
2012-05-01,all_types,diesel,2971
2012-06-01,all_types,diesel,2754
2012-07-01,all_types,diesel,3161
2012-08-01,all_types,diesel,2544
2012-09-01,all_types,diesel,2566
2012-10-01,all_types,diesel,2999
2012-11-01,all_types,diesel,2582
2012-12-01,all_types,diesel,2588
2013-01-01,all_types,diesel,2667
2013-02-01,all_types,diesel,1922
2013-03-01,all_types,diesel,2482
2013-04-01,all_types,diesel,2952
2013-05-01,all_types,diesel,2588
2013-06-01,all_types,diesel,2674
2013-07-01,all_types,diesel,2927
2013-08-01,all_types,diesel,2621
2013-09-01,all_types,diesel,2726
2013-10-01,all_types,diesel,2865
2013-11-01,all_types,diesel,2382
2013-12-01,all_types,diesel,2416
2014-01-01,all_types,diesel,2690
2014-02-01,all_types,diesel,1935
2014-03-01,all_types,diesel,2764
2014-04-01,all_types,diesel,2673
2014-05-01,all_types,diesel,2389
2014-06-01,all_types,diesel,2386
2014-07-01,all_types,diesel,2460
2014-08-01,all_types,diesel,2345
2014-09-01,all_types,diesel,2602
2014-10-01,all_types,diesel,2590
2014-11-01,all_types,diesel,2053
2014-12-01,all_types,diesel,2311
2015-01-01,all_types,diesel,2174
2015-02-01,all_types,diesel,1683
2015-03-01,all_types,diesel,2985
2015-04-01,all_types,diesel,2280
2015-05-01,all_types,diesel,1655
2015-06-01,all_types,diesel,1873
2015-07-01,all_types,diesel,1780
2015-08-01,all_types,diesel,1757
2015-09-01,all_types,diesel,1832
2015-10-01,all_types,diesel,1738
2015-11-01,all_types,diesel,1648
2015-12-01,all_types,diesel,1600
2016-01-01,all_types,diesel,1584
2016-02-01,all_types,diesel,1260
2016-03-01,all_types,diesel,1676
2016-04-01,all_types,diesel,1702
2016-05-01,all_types,diesel,1670
2016-06-01,all_types,diesel,1723
2016-07-01,all_types,diesel,1331
2016-08-01,all_types,diesel,1748
2016-09-01,all_types,diesel,1769
2016-10-01,all_types,diesel,1739
2016-11-01,all_types,diesel,1657
2016-12-01,all_types,diesel,1507
2017-01-01,all_types,diesel,1603
2017-02-01,all_types,diesel,1359
2017-03-01,all_types,diesel,1891
2017-04-01,all_types,diesel,1622
2017-05-01,all_types,diesel,1805
2017-06-01,all_types,diesel,1635
2017-07-01,all_types,diesel,1858
2017-08-01,all_types,diesel,2146
2017-09-01,all_types,diesel,1585
2017-10-01,all_types,diesel,1976
2017-11-01,all_types,diesel,1949
2017-12-01,all_types,diesel,1630
2018-01-01,all_types,diesel,2131
2018-02-01,all_types,diesel,1784
2018-03-01,all_types,diesel,2160
2018-04-01,all_types,diesel,2176
2018-05-01,all_types,diesel,1663
2018-06-01,all_types,diesel,2018
2018-07-01,all_types,diesel,2329
2018-08-01,all_types,diesel,2230
2018-09-01,all_types,diesel,1985
2018-10-01,all_types,diesel,2054
2018-11-01,all_types,diesel,1764
2018-12-01,all_types,diesel,1746
2019-01-01,all_types,diesel,1926
2019-02-01,all_types,diesel,1158
2019-03-01,all_types,diesel,1678
2019-04-01,all_types,diesel,1745
2019-05-01,all_types,diesel,1892
2019-06-01,all_types,diesel,1362
2019-07-01,all_types,diesel,1950
2019-08-01,all_types,diesel,1870
2019-09-01,all_types,diesel,1689
2019-10-01,all_types,diesel,1902
2019-11-01,all_types,diesel,1708
2019-12-01,all_types,diesel,1680
2020-01-01,all_types,diesel,1574
2020-02-01,all_types,diesel,1596
2020-03-01,all_types,diesel,1061
2020-05-01,all_types,diesel,871
2020-06-01,all_types,diesel,1622
2020-07-01,all_types,diesel,1832
2020-08-01,all_types,diesel,1631
2020-09-01,all_types,diesel,2133
2020-10-01,all_types,diesel,2024
2020-11-01,all_types,diesel,2003
2020-12-01,all_types,diesel,1824
2021-01-01,all_types,diesel,1657
2021-02-01,all_types,diesel,1637
2021-03-01,all_types,diesel,2267
2021-04-01,all_types,diesel,2166
2021-05-01,all_types,diesel,1915
2021-06-01,all_types,diesel,13
2021-07-01,all_types,diesel,1705
2021-08-01,all_types,diesel,1944
2021-09-01,all_types,diesel,2542
2021-10-01,all_types,diesel,2266
2021-11-01,all_types,diesel,2247
2021-12-01,all_types,diesel,2695
2022-01-01,all_types,diesel,2432
2022-02-01,all_types,diesel,1704
2022-03-01,all_types,diesel,2731
2022-04-01,all_types,diesel,2429
2022-05-01,all_types,diesel,2046
2022-06-01,all_types,diesel,2544
2022-07-01,all_types,diesel,2453
2022-08-01,all_types,diesel,2601
2022-09-01,all_types,diesel,2739
2022-10-01,all_types,diesel,2316
2022-11-01,all_types,diesel,2260
2022-12-01,all_types,diesel,2358
2023-01-01,all_types,diesel,2285
2023-02-01,all_types,diesel,2470
2023-03-01,all_types,diesel,2896
2023-04-01,all_types,diesel,2211
2023-05-01,all_types,diesel,2562
2023-06-01,all_types,diesel,2427
2023-07-01,all_types,diesel,2650
2023-08-01,all_types,diesel,2730
2023-09-01,all_types,diesel,2364
2023-10-01,all_types,diesel,2612
2023-11-01,all_types,diesel,2415
2023-12-01,all_types,diesel,2258
2024-01-01,all_types,diesel,2283
2024-02-01,all_types,diesel,1904
2024-03-01,all_types,diesel,2471
2024-04-01,all_types,diesel,2181
2024-05-01,all_types,diesel,2339
2024-06-01,all_types,diesel,2247
2024-07-01,all_types,diesel,2527
2024-08-01,all_types,diesel,2596
2024-09-01,all_types,diesel,2168
2024-10-01,all_types,diesel,2503
2024-11-01,all_types,diesel,2455
2024-12-01,all_types,diesel,2292
2025-01-01,all_types,diesel,2154
2025-02-01,all_types,diesel,2926
2025-03-01,all_types,diesel,3256
2025-04-01,all_types,diesel,2698
2025-05-01,all_types,diesel,2784
2025-06-01,all_types,diesel,2562
2025-07-01,all_types,diesel,3228
2025-08-01,all_types,diesel,2824
2025-09-01,all_types,diesel,2554
2025-10-01,all_types,diesel,2819
2025-11-01,all_types,diesel,2340
2025-12-01,all_types,diesel,2553
2026-01-01,all_types,diesel,2268
2026-02-01,all_types,diesel,1994
2026-03-01,all_types,diesel,2160
2026-04-01,all_types,diesel,2542
2001-06-01,all_types,electric,2
2003-03-01,all_types,electric,1
2003-12-01,all_types,electric,1
2006-07-01,all_types,electric,1
2009-07-01,all_types,electric,1
2010-12-01,all_types,electric,1
2011-05-01,all_types,electric,1
2011-06-01,all_types,electric,2
2011-07-01,all_types,electric,129
2011-08-01,all_types,electric,45
2011-09-01,all_types,electric,22
2011-10-01,all_types,electric,27
2011-11-01,all_types,electric,17
2011-12-01,all_types,electric,28
2012-01-01,all_types,electric,35
2012-02-01,all_types,electric,24
2012-03-01,all_types,electric,38
2012-04-01,all_types,electric,35
2012-05-01,all_types,electric,15
2012-06-01,all_types,electric,12
2012-07-01,all_types,electric,24
2012-08-01,all_types,electric,18
2012-09-01,all_types,electric,27
2012-10-01,all_types,electric,23
2012-11-01,all_types,electric,20
2012-12-01,all_types,electric,15
2013-01-01,all_types,electric,14
2013-02-01,all_types,electric,11
2013-03-01,all_types,electric,8
2013-04-01,all_types,electric,30
2013-05-01,all_types,electric,16
2013-06-01,all_types,electric,12
2013-07-01,all_types,electric,14
2013-08-01,all_types,electric,9
2013-09-01,all_types,electric,48
2013-10-01,all_types,electric,18
2013-11-01,all_types,electric,30
2013-12-01,all_types,electric,39
2014-01-01,all_types,electric,24
2014-02-01,all_types,electric,57
2014-03-01,all_types,electric,69
2014-04-01,all_types,electric,40
2014-05-01,all_types,electric,35
2014-06-01,all_types,electric,34
2014-07-01,all_types,electric,80
2014-08-01,all_types,electric,53
2014-09-01,all_types,electric,36
2014-10-01,all_types,electric,48
2014-11-01,all_types,electric,70
2014-12-01,all_types,electric,102
2015-01-01,all_types,electric,63
2015-02-01,all_types,electric,55
2015-03-01,all_types,electric,99
2015-04-01,all_types,electric,94
2015-05-01,all_types,electric,69
2015-06-01,all_types,electric,89
2015-07-01,all_types,electric,58
2015-08-01,all_types,electric,64
2015-09-01,all_types,electric,65
2015-10-01,all_types,electric,77
2015-11-01,all_types,electric,57
2015-12-01,all_types,electric,70
2016-01-01,all_types,electric,56
2016-02-01,all_types,electric,62
2016-03-01,all_types,electric,82
2016-04-01,all_types,electric,69
2016-05-01,all_types,electric,63
2016-06-01,all_types,electric,58
2016-07-01,all_types,electric,49
2016-08-01,all_types,electric,62
2016-09-01,all_types,electric,81
2016-10-01,all_types,electric,94
2016-11-01,all_types,electric,103
2016-12-01,all_types,electric,76
2017-01-01,all_types,electric,80
2017-02-01,all_types,electric,52
2017-03-01,all_types,electric,87
2017-04-01,all_types,electric,113
2017-05-01,all_types,electric,107
2017-06-01,all_types,electric,83
2017-07-01,all_types,electric,108
2017-08-01,all_types,electric,100
2017-09-01,all_types,electric,26
2017-10-01,all_types,electric,29
2017-11-01,all_types,electric,52
2017-12-01,all_types,electric,58
2018-01-01,all_types,electric,76
2018-02-01,all_types,electric,79
2018-03-01,all_types,electric,124
2018-04-01,all_types,electric,96
2018-05-01,all_types,electric,65
2018-06-01,all_types,electric,69
2018-07-01,all_types,electric,95
2018-08-01,all_types,electric,124
2018-09-01,all_types,electric,70
2018-10-01,all_types,electric,127
2018-11-01,all_types,electric,137
2018-12-01,all_types,electric,161
2019-01-01,all_types,electric,171
2019-02-01,all_types,electric,85
2019-03-01,all_types,electric,83
2019-04-01,all_types,electric,111
2019-05-01,all_types,electric,150
2019-06-01,all_types,electric,39
2019-07-01,all_types,electric,77
2019-08-01,all_types,electric,90
2019-09-01,all_types,electric,111
2019-10-01,all_types,electric,92
2019-11-01,all_types,electric,93
2019-12-01,all_types,electric,82
2020-01-01,all_types,electric,77
2020-02-01,all_types,electric,58
2020-03-01,all_types,electric,38
2020-05-01,all_types,electric,50
2020-06-01,all_types,electric,69
2020-07-01,all_types,electric,94
2020-08-01,all_types,electric,72
2020-09-01,all_types,electric,108
2020-10-01,all_types,electric,87
2020-11-01,all_types,electric,62
2020-12-01,all_types,electric,73
2021-01-01,all_types,electric,85
2021-02-01,all_types,electric,73
2021-03-01,all_types,electric,97
2021-04-01,all_types,electric,98
2021-05-01,all_types,electric,91
2021-06-01,all_types,electric,2
2021-07-01,all_types,electric,51
2021-08-01,all_types,electric,95
2021-09-01,all_types,electric,130
2021-10-01,all_types,electric,90
2021-11-01,all_types,electric,154
2021-12-01,all_types,electric,92
2022-01-01,all_types,electric,89
2022-02-01,all_types,electric,95
2022-03-01,all_types,electric,230
2022-04-01,all_types,electric,382
2022-05-01,all_types,electric,228
2022-06-01,all_types,electric,273
2022-07-01,all_types,electric,209
2022-08-01,all_types,electric,320
2022-09-01,all_types,electric,564
2022-10-01,all_types,electric,406
2022-11-01,all_types,electric,547
2022-12-01,all_types,electric,965
2023-01-01,all_types,electric,478
2023-02-01,all_types,electric,649
2023-03-01,all_types,electric,1041
2023-04-01,all_types,electric,756
2023-05-01,all_types,electric,1200
2023-06-01,all_types,electric,1006
2023-07-01,all_types,electric,1144
2023-08-01,all_types,electric,1420
2023-09-01,all_types,electric,1152
2023-10-01,all_types,electric,1793
2023-11-01,all_types,electric,1813
2023-12-01,all_types,electric,3217
2024-01-01,all_types,electric,1780
2024-02-01,all_types,electric,1260
2024-03-01,all_types,electric,2579
2024-04-01,all_types,electric,1812
2024-05-01,all_types,electric,3019
2024-06-01,all_types,electric,2407
2024-07-01,all_types,electric,2388
2024-08-01,all_types,electric,2240
2024-09-01,all_types,electric,1959
2024-10-01,all_types,electric,2308
2024-11-01,all_types,electric,2737
2024-12-01,all_types,electric,3559
2025-01-01,all_types,electric,2753
2025-02-01,all_types,electric,2751
2025-03-01,all_types,electric,3841
2025-04-01,all_types,electric,3677
2025-05-01,all_types,electric,5088
2025-06-01,all_types,electric,3981
2025-07-01,all_types,electric,3979
2025-08-01,all_types,electric,4644
2025-09-01,all_types,electric,4780
2025-10-01,all_types,electric,5185
2025-11-01,all_types,electric,6905
2025-12-01,all_types,electric,9652
2026-01-01,all_types,electric,7687
2026-02-01,all_types,electric,4352
2026-03-01,all_types,electric,5633
2026-04-01,all_types,electric,9272
2000-01-01,all_types,greendiesel,1428
2000-02-01,all_types,greendiesel,1065
2000-03-01,all_types,greendiesel,1778
2000-04-01,all_types,greendiesel,1687
2000-05-01,all_types,greendiesel,1726
2000-06-01,all_types,greendiesel,1578
2000-07-01,all_types,greendiesel,1758
2000-08-01,all_types,greendiesel,1772
2000-09-01,all_types,greendiesel,1806
2000-10-01,all_types,greendiesel,1917
2000-11-01,all_types,greendiesel,1898
2000-12-01,all_types,greendiesel,1497
2001-01-01,all_types,greendiesel,1655
2001-02-01,all_types,greendiesel,1612
2001-03-01,all_types,greendiesel,2066
2001-04-01,all_types,greendiesel,1977
2001-05-01,all_types,greendiesel,2080
2001-06-01,all_types,greendiesel,1834
2001-07-01,all_types,greendiesel,2179
2001-08-01,all_types,greendiesel,2232
2001-09-01,all_types,greendiesel,1947
2001-10-01,all_types,greendiesel,2082
2001-11-01,all_types,greendiesel,2105
2001-12-01,all_types,greendiesel,1714
2002-01-01,all_types,greendiesel,2276
2002-02-01,all_types,greendiesel,1713
2002-03-01,all_types,greendiesel,2277
2002-04-01,all_types,greendiesel,2545
2002-05-01,all_types,greendiesel,2399
2002-06-01,all_types,greendiesel,2180
2002-07-01,all_types,greendiesel,2647
2002-08-01,all_types,greendiesel,2486
2002-09-01,all_types,greendiesel,2187
2002-10-01,all_types,greendiesel,2737
2002-11-01,all_types,greendiesel,2694
2002-12-01,all_types,greendiesel,2118
2003-01-01,all_types,greendiesel,3222
2003-02-01,all_types,greendiesel,1585
2003-03-01,all_types,greendiesel,2777
2003-04-01,all_types,greendiesel,2904
2003-05-01,all_types,greendiesel,2737
2003-06-01,all_types,greendiesel,2705
2003-07-01,all_types,greendiesel,3543
2003-08-01,all_types,greendiesel,3297
2003-09-01,all_types,greendiesel,2809
2003-10-01,all_types,greendiesel,2972
2003-11-01,all_types,greendiesel,2376
2003-12-01,all_types,greendiesel,3009
2004-01-01,all_types,greendiesel,2409
2004-02-01,all_types,greendiesel,2459
2004-03-01,all_types,greendiesel,3693
2004-04-01,all_types,greendiesel,3662
2004-05-01,all_types,greendiesel,3177
2004-06-01,all_types,greendiesel,3673
2004-07-01,all_types,greendiesel,3974
2004-08-01,all_types,greendiesel,3617
2004-09-01,all_types,greendiesel,3841
2004-10-01,all_types,greendiesel,3804
2004-11-01,all_types,greendiesel,3026
2004-12-01,all_types,greendiesel,3954
2005-01-01,all_types,greendiesel,3705
2005-02-01,all_types,greendiesel,2811
2005-03-01,all_types,greendiesel,3682
2005-04-01,all_types,greendiesel,3593
2005-05-01,all_types,greendiesel,4183
2005-06-01,all_types,greendiesel,4180
2005-07-01,all_types,greendiesel,4247
2005-08-01,all_types,greendiesel,4095
2005-09-01,all_types,greendiesel,3888
2005-10-01,all_types,greendiesel,4219
2005-11-01,all_types,greendiesel,3105
2005-12-01,all_types,greendiesel,4501
2006-01-01,all_types,greendiesel,4107
2006-02-01,all_types,greendiesel,3140
2006-03-01,all_types,greendiesel,4405
2006-04-01,all_types,greendiesel,3745
2006-05-01,all_types,greendiesel,4094
2006-06-01,all_types,greendiesel,3887
2006-07-01,all_types,greendiesel,3511
2006-08-01,all_types,greendiesel,3743
2006-09-01,all_types,greendiesel,3856
2006-10-01,all_types,greendiesel,3328
2006-11-01,all_types,greendiesel,3891
2006-12-01,all_types,greendiesel,3966
2007-01-01,all_types,greendiesel,3237
2007-02-01,all_types,greendiesel,2953
2007-03-01,all_types,greendiesel,3508
2007-04-01,all_types,greendiesel,3353
2007-05-01,all_types,greendiesel,3693
2007-06-01,all_types,greendiesel,3763
2007-07-01,all_types,greendiesel,4238
2007-08-01,all_types,greendiesel,4545
2007-09-01,all_types,greendiesel,4005
2007-10-01,all_types,greendiesel,3677
2007-11-01,all_types,greendiesel,3962
2007-12-01,all_types,greendiesel,4192
2008-01-01,all_types,greendiesel,4050
2008-02-01,all_types,greendiesel,3285
2008-03-01,all_types,greendiesel,4084
2008-04-01,all_types,greendiesel,4657
2008-05-01,all_types,greendiesel,4291
2008-06-01,all_types,greendiesel,4186
2008-07-01,all_types,greendiesel,5287
2008-08-01,all_types,greendiesel,4427
2008-09-01,all_types,greendiesel,4385
2008-10-01,all_types,greendiesel,4128
2008-11-01,all_types,greendiesel,4793
2008-12-01,all_types,greendiesel,4752
2009-01-01,all_types,greendiesel,3540
2009-02-01,all_types,greendiesel,3310
2009-03-01,all_types,greendiesel,4340
2009-04-01,all_types,greendiesel,3971
2009-05-01,all_types,greendiesel,3909
2009-06-01,all_types,greendiesel,4055
2009-07-01,all_types,greendiesel,4769
2009-08-01,all_types,greendiesel,4495
2009-09-01,all_types,greendiesel,4107
2009-10-01,all_types,greendiesel,4780
2009-11-01,all_types,greendiesel,4744
2009-12-01,all_types,greendiesel,5384
2010-01-01,all_types,greendiesel,5109
2010-02-01,all_types,greendiesel,4232
2010-03-01,all_types,greendiesel,6002
2010-04-01,all_types,greendiesel,5691
2010-05-01,all_types,greendiesel,5210
2010-06-01,all_types,greendiesel,5736
2010-07-01,all_types,greendiesel,5841
2010-08-01,all_types,greendiesel,5781
2010-09-01,all_types,greendiesel,5030
2010-10-01,all_types,greendiesel,6471
2010-11-01,all_types,greendiesel,6112
2010-12-01,all_types,greendiesel,6377
2011-01-01,all_types,greendiesel,6156
2011-02-01,all_types,greendiesel,4317
2011-03-01,all_types,greendiesel,7730
2011-04-01,all_types,greendiesel,6398
2011-05-01,all_types,greendiesel,5931
2011-06-01,all_types,greendiesel,5745
2011-07-01,all_types,greendiesel,6060
2011-08-01,all_types,greendiesel,6801
2011-09-01,all_types,greendiesel,4989
2011-10-01,all_types,greendiesel,6871
2011-11-01,all_types,greendiesel,6710
2011-12-01,all_types,greendiesel,6132
2012-01-01,all_types,greendiesel,4767
2012-02-01,all_types,greendiesel,5585
2012-03-01,all_types,greendiesel,7092
2012-04-01,all_types,greendiesel,6738
2012-05-01,all_types,greendiesel,7432
2012-06-01,all_types,greendiesel,7216
2012-07-01,all_types,greendiesel,8323
2012-08-01,all_types,greendiesel,6847
2012-09-01,all_types,greendiesel,5982
2012-10-01,all_types,greendiesel,7294
2012-11-01,all_types,greendiesel,7391
2012-12-01,all_types,greendiesel,7655
2013-01-01,all_types,greendiesel,7179
2013-02-01,all_types,greendiesel,5026
2013-03-01,all_types,greendiesel,7795
2013-04-01,all_types,greendiesel,7935
2013-05-01,all_types,greendiesel,6954
2013-06-01,all_types,greendiesel,6779
2013-07-01,all_types,greendiesel,8639
2013-08-01,all_types,greendiesel,6730
2013-09-01,all_types,greendiesel,6796
2013-10-01,all_types,greendiesel,7972
2013-11-01,all_types,greendiesel,7036
2013-12-01,all_types,greendiesel,7768
2014-01-01,all_types,greendiesel,7182
2014-02-01,all_types,greendiesel,5254
2014-03-01,all_types,greendiesel,7483
2014-04-01,all_types,greendiesel,7355
2014-05-01,all_types,greendiesel,6653
2014-06-01,all_types,greendiesel,7104
2014-07-01,all_types,greendiesel,7728
2014-08-01,all_types,greendiesel,6768
2014-09-01,all_types,greendiesel,6902
2014-10-01,all_types,greendiesel,7077
2014-11-01,all_types,greendiesel,6715
2014-12-01,all_types,greendiesel,9063
2015-01-01,all_types,greendiesel,6517
2015-02-01,all_types,greendiesel,5804
2015-03-01,all_types,greendiesel,9047
2015-04-01,all_types,greendiesel,4380
2015-05-01,all_types,greendiesel,5712
2015-06-01,all_types,greendiesel,7154
2015-07-01,all_types,greendiesel,6622
2015-08-01,all_types,greendiesel,6592
2015-09-01,all_types,greendiesel,6333
2015-10-01,all_types,greendiesel,7091
2015-11-01,all_types,greendiesel,6823
2015-12-01,all_types,greendiesel,8729
2016-01-01,all_types,greendiesel,5541
2016-02-01,all_types,greendiesel,4253
2016-03-01,all_types,greendiesel,6272
2016-04-01,all_types,greendiesel,4760
2016-05-01,all_types,greendiesel,6198
2016-06-01,all_types,greendiesel,6935
2016-07-01,all_types,greendiesel,5162
2016-08-01,all_types,greendiesel,6541
2016-09-01,all_types,greendiesel,5867
2016-10-01,all_types,greendiesel,5879
2016-11-01,all_types,greendiesel,5980
2016-12-01,all_types,greendiesel,6859
2017-01-01,all_types,greendiesel,5013
2017-02-01,all_types,greendiesel,4213
2017-03-01,all_types,greendiesel,6288
2017-04-01,all_types,greendiesel,5063
2017-05-01,all_types,greendiesel,5862
2017-06-01,all_types,greendiesel,5611
2017-07-01,all_types,greendiesel,5297
2017-08-01,all_types,greendiesel,6255
2017-09-01,all_types,greendiesel,4583
2017-10-01,all_types,greendiesel,5874
2017-11-01,all_types,greendiesel,6746
2017-12-01,all_types,greendiesel,6400
2018-01-01,all_types,greendiesel,5737
2018-02-01,all_types,greendiesel,4561
2018-03-01,all_types,greendiesel,6022
2018-04-01,all_types,greendiesel,5917
2018-05-01,all_types,greendiesel,3995
2018-06-01,all_types,greendiesel,6714
2018-07-01,all_types,greendiesel,8026
2018-08-01,all_types,greendiesel,11902
2018-09-01,all_types,greendiesel,4279
2018-10-01,all_types,greendiesel,5573
2018-11-01,all_types,greendiesel,5101
2018-12-01,all_types,greendiesel,5584
2019-01-01,all_types,greendiesel,5644
2019-02-01,all_types,greendiesel,3397
2019-03-01,all_types,greendiesel,5450
2019-04-01,all_types,greendiesel,5212
2019-05-01,all_types,greendiesel,5661
2019-06-01,all_types,greendiesel,4125
2019-07-01,all_types,greendiesel,5525
2019-08-01,all_types,greendiesel,4750
2019-09-01,all_types,greendiesel,4644
2019-10-01,all_types,greendiesel,5253
2019-11-01,all_types,greendiesel,5128
2019-12-01,all_types,greendiesel,5902
2020-01-01,all_types,greendiesel,4104
2020-02-01,all_types,greendiesel,4480
2020-03-01,all_types,greendiesel,2708
2020-04-01,all_types,greendiesel,7
2020-05-01,all_types,greendiesel,2697
2020-06-01,all_types,greendiesel,4402
2020-07-01,all_types,greendiesel,6201
2020-08-01,all_types,greendiesel,5382
2020-09-01,all_types,greendiesel,5175
2020-10-01,all_types,greendiesel,4747
2020-11-01,all_types,greendiesel,5506
2020-12-01,all_types,greendiesel,6726
2021-01-01,all_types,greendiesel,4038
2021-02-01,all_types,greendiesel,5151
2021-03-01,all_types,greendiesel,6640
2021-04-01,all_types,greendiesel,5636
2021-05-01,all_types,greendiesel,4923
2021-06-01,all_types,greendiesel,85
2021-07-01,all_types,greendiesel,2398
2021-08-01,all_types,greendiesel,2606
2021-09-01,all_types,greendiesel,6220
2021-10-01,all_types,greendiesel,6864
2021-11-01,all_types,greendiesel,6218
2021-12-01,all_types,greendiesel,7799
2022-01-01,all_types,greendiesel,6979
2022-02-01,all_types,greendiesel,5133
2022-03-01,all_types,greendiesel,7598
2022-04-01,all_types,greendiesel,6790
2022-05-01,all_types,greendiesel,6273
2022-06-01,all_types,greendiesel,6925
2022-07-01,all_types,greendiesel,5867
2022-08-01,all_types,greendiesel,7372
2022-09-01,all_types,greendiesel,8130
2022-10-01,all_types,greendiesel,6825
2022-11-01,all_types,greendiesel,7243
2022-12-01,all_types,greendiesel,8281
2023-01-01,all_types,greendiesel,5758
2023-02-01,all_types,greendiesel,7285
2023-03-01,all_types,greendiesel,8453
2023-04-01,all_types,greendiesel,5522
2023-05-01,all_types,greendiesel,7205
2023-06-01,all_types,greendiesel,7438
2023-07-01,all_types,greendiesel,6359
2023-08-01,all_types,greendiesel,7661
2023-09-01,all_types,greendiesel,6834
2023-10-01,all_types,greendiesel,7969
2023-11-01,all_types,greendiesel,7023
2023-12-01,all_types,greendiesel,7832
2024-01-01,all_types,greendiesel,6582
2024-02-01,all_types,greendiesel,5387
2024-03-01,all_types,greendiesel,6900
2024-04-01,all_types,greendiesel,5276
2024-05-01,all_types,greendiesel,6401
2024-06-01,all_types,greendiesel,5847
2024-07-01,all_types,greendiesel,6570
2024-08-01,all_types,greendiesel,6091
2024-09-01,all_types,greendiesel,5787
2024-10-01,all_types,greendiesel,6119
2024-11-01,all_types,greendiesel,5702
2024-12-01,all_types,greendiesel,9912
2025-01-01,all_types,greendiesel,3502
2025-02-01,all_types,greendiesel,2883
2025-03-01,all_types,greendiesel,4081
2025-04-01,all_types,greendiesel,4724
2025-05-01,all_types,greendiesel,5501
2025-06-01,all_types,greendiesel,5374
2025-07-01,all_types,greendiesel,6135
2025-08-01,all_types,greendiesel,6188
2025-09-01,all_types,greendiesel,5407
2025-10-01,all_types,greendiesel,6337
2025-11-01,all_types,greendiesel,5665
2025-12-01,all_types,greendiesel,8285
2026-01-01,all_types,greendiesel,4206
2026-02-01,all_types,greendiesel,4126
2026-03-01,all_types,greendiesel,4465
2026-04-01,all_types,greendiesel,4740
2004-12-01,all_types,hybrid,1
2009-03-01,all_types,hybrid,1
2009-06-01,all_types,hybrid,1
2009-11-01,all_types,hybrid,1
2010-06-01,all_types,hybrid,1
2010-08-01,all_types,hybrid,1
2010-12-01,all_types,hybrid,1
2011-01-01,all_types,hybrid,1
2011-02-01,all_types,hybrid,1
2011-03-01,all_types,hybrid,3
2011-05-01,all_types,hybrid,2
2011-06-01,all_types,hybrid,3
2011-07-01,all_types,hybrid,3
2011-08-01,all_types,hybrid,17
2011-09-01,all_types,hybrid,12
2011-10-01,all_types,hybrid,32
2011-11-01,all_types,hybrid,55
2011-12-01,all_types,hybrid,252
2012-01-01,all_types,hybrid,379
2012-02-01,all_types,hybrid,368
2012-03-01,all_types,hybrid,978
2012-04-01,all_types,hybrid,993
2012-05-01,all_types,hybrid,1232
2012-06-01,all_types,hybrid,1022
2012-07-01,all_types,hybrid,1623
2012-08-01,all_types,hybrid,1391
2012-09-01,all_types,hybrid,1074
2012-10-01,all_types,hybrid,1023
2012-11-01,all_types,hybrid,1161
2012-12-01,all_types,hybrid,1508
2013-01-01,all_types,hybrid,1218
2013-02-01,all_types,hybrid,636
2013-03-01,all_types,hybrid,1218
2013-04-01,all_types,hybrid,995
2013-05-01,all_types,hybrid,833
2013-06-01,all_types,hybrid,1061
2013-07-01,all_types,hybrid,1565
2013-08-01,all_types,hybrid,1866
2013-09-01,all_types,hybrid,1433
2013-10-01,all_types,hybrid,1774
2013-11-01,all_types,hybrid,1663
2013-12-01,all_types,hybrid,2538
2014-01-01,all_types,hybrid,1931
2014-02-01,all_types,hybrid,903
2014-03-01,all_types,hybrid,943
2014-04-01,all_types,hybrid,921
2014-05-01,all_types,hybrid,686
2014-06-01,all_types,hybrid,700
2014-07-01,all_types,hybrid,439
2014-08-01,all_types,hybrid,165
2014-09-01,all_types,hybrid,152
2014-10-01,all_types,hybrid,201
2014-11-01,all_types,hybrid,271
2014-12-01,all_types,hybrid,332
2015-01-01,all_types,hybrid,461
2015-02-01,all_types,hybrid,373
2015-03-01,all_types,hybrid,563
2015-04-01,all_types,hybrid,813
2015-05-01,all_types,hybrid,1141
2015-06-01,all_types,hybrid,964
2015-07-01,all_types,hybrid,809
2015-08-01,all_types,hybrid,742
2015-09-01,all_types,hybrid,786
2015-10-01,all_types,hybrid,968
2015-11-01,all_types,hybrid,1006
2015-12-01,all_types,hybrid,1017
2016-01-01,all_types,hybrid,490
2016-02-01,all_types,hybrid,311
2016-03-01,all_types,hybrid,458
2016-04-01,all_types,hybrid,447
2016-05-01,all_types,hybrid,491
2016-06-01,all_types,hybrid,613
2016-07-01,all_types,hybrid,470
2016-08-01,all_types,hybrid,514
2016-09-01,all_types,hybrid,489
2016-10-01,all_types,hybrid,453
2016-11-01,all_types,hybrid,514
2016-12-01,all_types,hybrid,606
2017-01-01,all_types,hybrid,749
2017-02-01,all_types,hybrid,452
2017-03-01,all_types,hybrid,644
2017-04-01,all_types,hybrid,564
2017-05-01,all_types,hybrid,568
2017-06-01,all_types,hybrid,490
2017-07-01,all_types,hybrid,486
2017-08-01,all_types,hybrid,944
2017-09-01,all_types,hybrid,747
2017-10-01,all_types,hybrid,1199
2017-11-01,all_types,hybrid,1242
2017-12-01,all_types,hybrid,1064
2018-01-01,all_types,hybrid,940
2018-02-01,all_types,hybrid,650
2018-03-01,all_types,hybrid,931
2018-04-01,all_types,hybrid,729
2018-05-01,all_types,hybrid,496
2018-06-01,all_types,hybrid,1372
2018-07-01,all_types,hybrid,1271
2018-08-01,all_types,hybrid,1012
2018-09-01,all_types,hybrid,54
2018-10-01,all_types,hybrid,62
2018-11-01,all_types,hybrid,121
2018-12-01,all_types,hybrid,154
2019-01-01,all_types,hybrid,340
2019-02-01,all_types,hybrid,300
2019-03-01,all_types,hybrid,574
2019-04-01,all_types,hybrid,597
2019-05-01,all_types,hybrid,628
2019-06-01,all_types,hybrid,357
2019-07-01,all_types,hybrid,480
2019-08-01,all_types,hybrid,465
2019-09-01,all_types,hybrid,598
2019-10-01,all_types,hybrid,545
2019-11-01,all_types,hybrid,636
2019-12-01,all_types,hybrid,596
2020-01-01,all_types,hybrid,419
2020-02-01,all_types,hybrid,262
2020-03-01,all_types,hybrid,156
2020-04-01,all_types,hybrid,1
2020-05-01,all_types,hybrid,91
2020-06-01,all_types,hybrid,296
2020-07-01,all_types,hybrid,203
2020-08-01,all_types,hybrid,150
2020-09-01,all_types,hybrid,112
2020-10-01,all_types,hybrid,125
2020-11-01,all_types,hybrid,105
2020-12-01,all_types,hybrid,145
2021-01-01,all_types,hybrid,72
2021-02-01,all_types,hybrid,125
2021-03-01,all_types,hybrid,474
2021-04-01,all_types,hybrid,359
2021-05-01,all_types,hybrid,343
2021-06-01,all_types,hybrid,10
2021-07-01,all_types,hybrid,61
2021-08-01,all_types,hybrid,98
2021-09-01,all_types,hybrid,305
2021-10-01,all_types,hybrid,313
2021-11-01,all_types,hybrid,299
2021-12-01,all_types,hybrid,317
2022-01-01,all_types,hybrid,313
2022-02-01,all_types,hybrid,434
2022-03-01,all_types,hybrid,1210
2022-04-01,all_types,hybrid,967
2022-05-01,all_types,hybrid,1130
2022-06-01,all_types,hybrid,1372
2022-07-01,all_types,hybrid,1220
2022-08-01,all_types,hybrid,1484
2022-09-01,all_types,hybrid,1700
2022-10-01,all_types,hybrid,1753
2022-11-01,all_types,hybrid,1905
2022-12-01,all_types,hybrid,1893
2023-01-01,all_types,hybrid,1316
2023-02-01,all_types,hybrid,2040
2023-03-01,all_types,hybrid,2072
2023-04-01,all_types,hybrid,1252
2023-05-01,all_types,hybrid,1416
2023-06-01,all_types,hybrid,1527
2023-07-01,all_types,hybrid,1276
2023-08-01,all_types,hybrid,1703
2023-09-01,all_types,hybrid,1809
2023-10-01,all_types,hybrid,2227
2023-11-01,all_types,hybrid,2646
2023-12-01,all_types,hybrid,2931
2024-01-01,all_types,hybrid,2101
2024-02-01,all_types,hybrid,1830
2024-03-01,all_types,hybrid,2261
2024-04-01,all_types,hybrid,1761
2024-05-01,all_types,hybrid,1870
2024-06-01,all_types,hybrid,1899
2024-07-01,all_types,hybrid,2119
2024-08-01,all_types,hybrid,1924
2024-09-01,all_types,hybrid,1688
2024-10-01,all_types,hybrid,1804
2024-11-01,all_types,hybrid,1863
2024-12-01,all_types,hybrid,3406
2025-01-01,all_types,hybrid,2249
2025-02-01,all_types,hybrid,2112
2025-03-01,all_types,hybrid,2772
2025-04-01,all_types,hybrid,2269
2025-05-01,all_types,hybrid,2695
2025-06-01,all_types,hybrid,2070
2025-07-01,all_types,hybrid,2477
2025-08-01,all_types,hybrid,2902
2025-09-01,all_types,hybrid,2399
2025-10-01,all_types,hybrid,2804
2025-11-01,all_types,hybrid,2550
2025-12-01,all_types,hybrid,3893
2026-01-01,all_types,hybrid,2155
2026-02-01,all_types,hybrid,2208
2026-03-01,all_types,hybrid,4093
2026-04-01,all_types,hybrid,4942
2000-01-01,all_types,other,246
2000-02-01,all_types,other,188
2000-03-01,all_types,other,320
2000-04-01,all_types,other,293
2000-05-01,all_types,other,372
2000-06-01,all_types,other,269
2000-07-01,all_types,other,273
2000-08-01,all_types,other,309
2000-09-01,all_types,other,304
2000-10-01,all_types,other,307
2000-11-01,all_types,other,304
2000-12-01,all_types,other,234
2001-01-01,all_types,other,329
2001-02-01,all_types,other,340
2001-03-01,all_types,other,475
2001-04-01,all_types,other,395
2001-05-01,all_types,other,423
2001-06-01,all_types,other,603
2001-07-01,all_types,other,705
2001-08-01,all_types,other,568
2001-09-01,all_types,other,468
2001-10-01,all_types,other,427
2001-11-01,all_types,other,446
2001-12-01,all_types,other,435
2002-01-01,all_types,other,539
2002-02-01,all_types,other,421
2002-03-01,all_types,other,521
2002-04-01,all_types,other,498
2002-05-01,all_types,other,483
2002-06-01,all_types,other,501
2002-07-01,all_types,other,530
2002-08-01,all_types,other,464
2002-09-01,all_types,other,468
2002-10-01,all_types,other,714
2002-11-01,all_types,other,594
2002-12-01,all_types,other,403
2003-01-01,all_types,other,668
2003-02-01,all_types,other,406
2003-03-01,all_types,other,625
2003-04-01,all_types,other,817
2003-05-01,all_types,other,574
2003-06-01,all_types,other,473
2003-07-01,all_types,other,680
2003-08-01,all_types,other,675
2003-09-01,all_types,other,584
2003-10-01,all_types,other,812
2003-11-01,all_types,other,620
2003-12-01,all_types,other,948
2004-01-01,all_types,other,619
2004-02-01,all_types,other,616
2004-03-01,all_types,other,945
2004-04-01,all_types,other,928
2004-05-01,all_types,other,992
2004-06-01,all_types,other,1094
2004-07-01,all_types,other,1251
2004-08-01,all_types,other,948
2004-09-01,all_types,other,1139
2004-10-01,all_types,other,1038
2004-11-01,all_types,other,583
2004-12-01,all_types,other,826
2005-01-01,all_types,other,790
2005-02-01,all_types,other,720
2005-03-01,all_types,other,1236
2005-04-01,all_types,other,844
2005-05-01,all_types,other,855
2005-06-01,all_types,other,1092
2005-07-01,all_types,other,1010
2005-08-01,all_types,other,700
2005-09-01,all_types,other,843
2005-10-01,all_types,other,893
2005-11-01,all_types,other,817
2005-12-01,all_types,other,1084
2006-01-01,all_types,other,859
2006-02-01,all_types,other,845
2006-03-01,all_types,other,1201
2006-04-01,all_types,other,882
2006-05-01,all_types,other,944
2006-06-01,all_types,other,1098
2006-07-01,all_types,other,787
2006-08-01,all_types,other,907
2006-09-01,all_types,other,919
2006-10-01,all_types,other,841
2006-11-01,all_types,other,918
2006-12-01,all_types,other,1014
2007-01-01,all_types,other,873
2007-02-01,all_types,other,717
2007-03-01,all_types,other,940
2007-04-01,all_types,other,1075
2007-05-01,all_types,other,1044
2007-06-01,all_types,other,762
2007-07-01,all_types,other,904
2007-08-01,all_types,other,1168
2007-09-01,all_types,other,1017
2007-10-01,all_types,other,669
2007-11-01,all_types,other,869
2007-12-01,all_types,other,914
2008-01-01,all_types,other,880
2008-02-01,all_types,other,1007
2008-03-01,all_types,other,1040
2008-04-01,all_types,other,1113
2008-05-01,all_types,other,931
2008-06-01,all_types,other,916
2008-07-01,all_types,other,1193
2008-08-01,all_types,other,915
2008-09-01,all_types,other,1030
2008-10-01,all_types,other,858
2008-11-01,all_types,other,715
2008-12-01,all_types,other,852
2009-01-01,all_types,other,861
2009-02-01,all_types,other,512
2009-03-01,all_types,other,668
2009-04-01,all_types,other,910
2009-05-01,all_types,other,796
2009-06-01,all_types,other,767
2009-07-01,all_types,other,794
2009-08-01,all_types,other,653
2009-09-01,all_types,other,813
2009-10-01,all_types,other,782
2009-11-01,all_types,other,707
2009-12-01,all_types,other,764
2010-01-01,all_types,other,835
2010-02-01,all_types,other,557
2010-03-01,all_types,other,817
2010-04-01,all_types,other,835
2010-05-01,all_types,other,949
2010-06-01,all_types,other,967
2010-07-01,all_types,other,1130
2010-08-01,all_types,other,923
2010-09-01,all_types,other,792
2010-10-01,all_types,other,933
2010-11-01,all_types,other,1016
2010-12-01,all_types,other,1001
2011-01-01,all_types,other,803
2011-02-01,all_types,other,733
2011-03-01,all_types,other,1044
2011-04-01,all_types,other,923
2011-05-01,all_types,other,1012
2011-06-01,all_types,other,860
2011-07-01,all_types,other,895
2011-08-01,all_types,other,979
2011-09-01,all_types,other,741
2011-10-01,all_types,other,662
2011-11-01,all_types,other,760
2011-12-01,all_types,other,743
2012-01-01,all_types,other,611
2012-02-01,all_types,other,545
2012-03-01,all_types,other,728
2012-04-01,all_types,other,778
2012-05-01,all_types,other,753
2012-06-01,all_types,other,557
2012-07-01,all_types,other,761
2012-08-01,all_types,other,729
2012-09-01,all_types,other,586
2012-10-01,all_types,other,750
2012-11-01,all_types,other,669
2012-12-01,all_types,other,788
2013-01-01,all_types,other,650
2013-02-01,all_types,other,502
2013-03-01,all_types,other,764
2013-04-01,all_types,other,785
2013-05-01,all_types,other,789
2013-06-01,all_types,other,712
2013-07-01,all_types,other,917
2013-08-01,all_types,other,705
2013-09-01,all_types,other,908
2013-10-01,all_types,other,867
2013-11-01,all_types,other,719
2013-12-01,all_types,other,912
2014-01-01,all_types,other,829
2014-02-01,all_types,other,863
2014-03-01,all_types,other,1102
2014-04-01,all_types,other,1014
2014-05-01,all_types,other,879
2014-06-01,all_types,other,1046
2014-07-01,all_types,other,857
2014-08-01,all_types,other,967
2014-09-01,all_types,other,1112
2014-10-01,all_types,other,1273
2014-11-01,all_types,other,862
2014-12-01,all_types,other,1053
2015-01-01,all_types,other,681
2015-02-01,all_types,other,525
2015-03-01,all_types,other,1189
2015-04-01,all_types,other,704
2015-05-01,all_types,other,561
2015-06-01,all_types,other,588
2015-07-01,all_types,other,542
2015-08-01,all_types,other,419
2015-09-01,all_types,other,606
2015-10-01,all_types,other,725
2015-11-01,all_types,other,528
2015-12-01,all_types,other,593
2016-01-01,all_types,other,614
2016-02-01,all_types,other,354
2016-03-01,all_types,other,660
2016-04-01,all_types,other,628
2016-05-01,all_types,other,649
2016-06-01,all_types,other,608
2016-07-01,all_types,other,506
2016-08-01,all_types,other,547
2016-09-01,all_types,other,537
2016-10-01,all_types,other,526
2016-11-01,all_types,other,488
2016-12-01,all_types,other,337
2017-01-01,all_types,other,439
2017-02-01,all_types,other,395
2017-03-01,all_types,other,468
2017-04-01,all_types,other,295
2017-05-01,all_types,other,466
2017-06-01,all_types,other,461
2017-07-01,all_types,other,510
2017-08-01,all_types,other,539
2017-09-01,all_types,other,399
2017-10-01,all_types,other,707
2017-11-01,all_types,other,634
2017-12-01,all_types,other,559
2018-01-01,all_types,other,598
2018-02-01,all_types,other,482
2018-03-01,all_types,other,789
2018-04-01,all_types,other,630
2018-05-01,all_types,other,554
2018-06-01,all_types,other,654
2018-07-01,all_types,other,876
2018-08-01,all_types,other,1172
2018-09-01,all_types,other,492
2018-10-01,all_types,other,700
2018-11-01,all_types,other,529
2018-12-01,all_types,other,646
2019-01-01,all_types,other,640
2019-02-01,all_types,other,458
2019-03-01,all_types,other,628
2019-04-01,all_types,other,679
2019-05-01,all_types,other,550
2019-06-01,all_types,other,270
2019-07-01,all_types,other,1044
2019-08-01,all_types,other,789
2019-09-01,all_types,other,474
2019-10-01,all_types,other,614
2019-11-01,all_types,other,535
2019-12-01,all_types,other,622
2020-01-01,all_types,other,382
2020-02-01,all_types,other,633
2020-03-01,all_types,other,288
2020-05-01,all_types,other,217
2020-06-01,all_types,other,454
2020-07-01,all_types,other,518
2020-08-01,all_types,other,588
2020-09-01,all_types,other,479
2020-10-01,all_types,other,548
2020-11-01,all_types,other,551
2020-12-01,all_types,other,621
2021-01-01,all_types,other,380
2021-02-01,all_types,other,339
2021-03-01,all_types,other,447
2021-04-01,all_types,other,490
2021-05-01,all_types,other,394
2021-06-01,all_types,other,12
2021-07-01,all_types,other,266
2021-08-01,all_types,other,467
2021-09-01,all_types,other,510
2021-10-01,all_types,other,495
2021-11-01,all_types,other,612
2021-12-01,all_types,other,438
2022-01-01,all_types,other,369
2022-02-01,all_types,other,389
2022-03-01,all_types,other,478
2022-04-01,all_types,other,559
2022-05-01,all_types,other,432
2022-06-01,all_types,other,662
2022-07-01,all_types,other,551
2022-08-01,all_types,other,454
2022-09-01,all_types,other,417
2022-10-01,all_types,other,503
2022-11-01,all_types,other,483
2022-12-01,all_types,other,554
2023-01-01,all_types,other,327
2023-02-01,all_types,other,427
2023-03-01,all_types,other,504
2023-04-01,all_types,other,374
2023-05-01,all_types,other,424
2023-06-01,all_types,other,463
2023-07-01,all_types,other,349
2023-08-01,all_types,other,438
2023-09-01,all_types,other,360
2023-10-01,all_types,other,449
2023-11-01,all_types,other,467
2023-12-01,all_types,other,436
2024-01-01,all_types,other,398
2024-02-01,all_types,other,283
2024-03-01,all_types,other,433
2024-04-01,all_types,other,335
2024-05-01,all_types,other,437
2024-06-01,all_types,other,282
2024-07-01,all_types,other,402
2024-08-01,all_types,other,464
2024-09-01,all_types,other,436
2024-10-01,all_types,other,424
2024-11-01,all_types,other,492
2024-12-01,all_types,other,431
2025-01-01,all_types,other,343
2025-02-01,all_types,other,325
2025-03-01,all_types,other,376
2025-04-01,all_types,other,391
2025-05-01,all_types,other,321
2025-06-01,all_types,other,327
2025-07-01,all_types,other,494
2025-08-01,all_types,other,521
2025-09-01,all_types,other,366
2025-10-01,all_types,other,480
2025-11-01,all_types,other,391
2025-12-01,all_types,other,554
2026-01-01,all_types,other,342
2026-02-01,all_types,other,356
2026-03-01,all_types,other,445
2026-04-01,all_types,other,529
2000-01-01,all_types,petrol,48340
2000-02-01,all_types,petrol,44106
2000-03-01,all_types,petrol,53638
2000-04-01,all_types,petrol,47331
2000-05-01,all_types,petrol,49514
2000-06-01,all_types,petrol,47264
2000-07-01,all_types,petrol,51353
2000-08-01,all_types,petrol,51565
2000-09-01,all_types,petrol,46283
2000-10-01,all_types,petrol,48248
2000-11-01,all_types,petrol,49274
2000-12-01,all_types,petrol,46275
2001-01-01,all_types,petrol,48577
2001-02-01,all_types,petrol,50311
2001-03-01,all_types,petrol,51070
2001-04-01,all_types,petrol,49718
2001-05-01,all_types,petrol,52182
2001-06-01,all_types,petrol,50823
2001-07-01,all_types,petrol,55819
2001-08-01,all_types,petrol,56930
2001-09-01,all_types,petrol,50863
2001-10-01,all_types,petrol,59344
2001-11-01,all_types,petrol,55763
2001-12-01,all_types,petrol,46121
2002-01-01,all_types,petrol,62489
2002-02-01,all_types,petrol,47128
2002-03-01,all_types,petrol,55613
2002-04-01,all_types,petrol,59180
2002-05-01,all_types,petrol,57297
2002-06-01,all_types,petrol,52597
2002-07-01,all_types,petrol,61705
2002-08-01,all_types,petrol,59808
2002-09-01,all_types,petrol,49346
2002-10-01,all_types,petrol,56671
2002-11-01,all_types,petrol,54111
2002-12-01,all_types,petrol,42201
2003-01-01,all_types,petrol,70697
2003-02-01,all_types,petrol,47436
2003-03-01,all_types,petrol,58633
2003-04-01,all_types,petrol,59299
2003-05-01,all_types,petrol,58991
2003-06-01,all_types,petrol,59792
2003-07-01,all_types,petrol,69858
2003-08-01,all_types,petrol,65578
2003-09-01,all_types,petrol,61678
2003-10-01,all_types,petrol,64579
2003-11-01,all_types,petrol,54381
2003-12-01,all_types,petrol,56113
2004-01-01,all_types,petrol,67090
2004-02-01,all_types,petrol,59286
2004-03-01,all_types,petrol,75060
2004-04-01,all_types,petrol,73162
2004-05-01,all_types,petrol,66271
2004-06-01,all_types,petrol,76615
2004-07-01,all_types,petrol,82070
2004-08-01,all_types,petrol,71539
2004-09-01,all_types,petrol,75845
2004-10-01,all_types,petrol,75089
2004-11-01,all_types,petrol,62631
2004-12-01,all_types,petrol,72326
2005-01-01,all_types,petrol,80933
2005-02-01,all_types,petrol,68684
2005-03-01,all_types,petrol,89046
2005-04-01,all_types,petrol,78101
2005-05-01,all_types,petrol,78930
2005-06-01,all_types,petrol,82754
2005-07-01,all_types,petrol,79086
2005-08-01,all_types,petrol,86537
2005-09-01,all_types,petrol,85370
2005-10-01,all_types,petrol,95532
2005-11-01,all_types,petrol,64168
2005-12-01,all_types,petrol,79522
2006-01-01,all_types,petrol,75548
2006-02-01,all_types,petrol,69426
2006-03-01,all_types,petrol,87858
2006-04-01,all_types,petrol,75259
2006-05-01,all_types,petrol,78184
2006-06-01,all_types,petrol,73743
2006-07-01,all_types,petrol,75958
2006-08-01,all_types,petrol,84146
2006-09-01,all_types,petrol,77497
2006-10-01,all_types,petrol,66964
2006-11-01,all_types,petrol,66177
2006-12-01,all_types,petrol,65814
2007-01-01,all_types,petrol,81212
2007-02-01,all_types,petrol,65439
2007-03-01,all_types,petrol,76905
2007-04-01,all_types,petrol,67118
2007-05-01,all_types,petrol,74884
2007-06-01,all_types,petrol,77336
2007-07-01,all_types,petrol,87250
2007-08-01,all_types,petrol,91146
2007-09-01,all_types,petrol,82973
2007-10-01,all_types,petrol,80663
2007-11-01,all_types,petrol,78057
2007-12-01,all_types,petrol,75060
2008-01-01,all_types,petrol,98057
2008-02-01,all_types,petrol,78503
2008-03-01,all_types,petrol,87905
2008-04-01,all_types,petrol,93503
2008-05-01,all_types,petrol,88907
2008-06-01,all_types,petrol,98488
2008-07-01,all_types,petrol,111756
2008-08-01,all_types,petrol,91403
2008-09-01,all_types,petrol,99269
2008-10-01,all_types,petrol,70565
2008-11-01,all_types,petrol,71651
2008-12-01,all_types,petrol,72611
2009-01-01,all_types,petrol,77800
2009-02-01,all_types,petrol,74538
2009-03-01,all_types,petrol,82440
2009-04-01,all_types,petrol,75481
2009-05-01,all_types,petrol,77307
2009-06-01,all_types,petrol,79914
2009-07-01,all_types,petrol,92402
2009-08-01,all_types,petrol,84606
2009-09-01,all_types,petrol,80603
2009-10-01,all_types,petrol,78303
2009-11-01,all_types,petrol,75105
2009-12-01,all_types,petrol,80887
2010-01-01,all_types,petrol,97918
2010-02-01,all_types,petrol,75925
2010-03-01,all_types,petrol,103671
2010-04-01,all_types,petrol,87927
2010-05-01,all_types,petrol,86267
2010-06-01,all_types,petrol,93486
2010-07-01,all_types,petrol,93062
2010-08-01,all_types,petrol,94745
2010-09-01,all_types,petrol,77200
2010-10-01,all_types,petrol,85733
2010-11-01,all_types,petrol,76972
2010-12-01,all_types,petrol,89259
2011-01-01,all_types,petrol,109514
2011-02-01,all_types,petrol,77509
2011-03-01,all_types,petrol,108573
2011-04-01,all_types,petrol,90058
2011-05-01,all_types,petrol,87331
2011-06-01,all_types,petrol,84496
2011-07-01,all_types,petrol,93187
2011-08-01,all_types,petrol,104954
2011-09-01,all_types,petrol,81589
2011-10-01,all_types,petrol,92628
2011-11-01,all_types,petrol,82569
2011-12-01,all_types,petrol,82738
2012-01-01,all_types,petrol,90765
2012-02-01,all_types,petrol,95053
2012-03-01,all_types,petrol,101037
2012-04-01,all_types,petrol,92652
2012-05-01,all_types,petrol,106540
2012-06-01,all_types,petrol,101333
2012-07-01,all_types,petrol,110635
2012-08-01,all_types,petrol,94796
2012-09-01,all_types,petrol,86893
2012-10-01,all_types,petrol,98683
2012-11-01,all_types,petrol,87191
2012-12-01,all_types,petrol,98270
2013-01-01,all_types,petrol,116453
2013-02-01,all_types,petrol,90536
2013-03-01,all_types,petrol,105561
2013-04-01,all_types,petrol,102327
2013-05-01,all_types,petrol,94028
2013-06-01,all_types,petrol,94967
2013-07-01,all_types,petrol,120454
2013-08-01,all_types,petrol,88285
2013-09-01,all_types,petrol,93105
2013-10-01,all_types,petrol,100360
2013-11-01,all_types,petrol,87519
2013-12-01,all_types,petrol,93223
2014-01-01,all_types,petrol,108769
2014-02-01,all_types,petrol,90958
2014-03-01,all_types,petrol,104743
2014-04-01,all_types,petrol,104265
2014-05-01,all_types,petrol,94706
2014-06-01,all_types,petrol,94475
2014-07-01,all_types,petrol,101297
2014-08-01,all_types,petrol,85505
2014-09-01,all_types,petrol,85370
2014-10-01,all_types,petrol,92171
2014-11-01,all_types,petrol,84763
2014-12-01,all_types,petrol,99768
2015-01-01,all_types,petrol,101289
2015-02-01,all_types,petrol,89036
2015-03-01,all_types,petrol,124821
2015-04-01,all_types,petrol,73283
2015-05-01,all_types,petrol,77895
2015-06-01,all_types,petrol,88308
2015-07-01,all_types,petrol,89510
2015-08-01,all_types,petrol,81938
2015-09-01,all_types,petrol,82456
2015-10-01,all_types,petrol,86290
2015-11-01,all_types,petrol,83497
2015-12-01,all_types,petrol,97225
2016-01-01,all_types,petrol,88176
2016-02-01,all_types,petrol,72437
2016-03-01,all_types,petrol,88539
2016-04-01,all_types,petrol,77360
2016-05-01,all_types,petrol,77587
2016-06-01,all_types,petrol,91270
2016-07-01,all_types,petrol,70123
2016-08-01,all_types,petrol,90156
2016-09-01,all_types,petrol,83588
2016-10-01,all_types,petrol,82734
2016-11-01,all_types,petrol,81737
2016-12-01,all_types,petrol,95300
2017-01-01,all_types,petrol,87494
2017-02-01,all_types,petrol,81966
2017-03-01,all_types,petrol,98779
2017-04-01,all_types,petrol,79091
2017-05-01,all_types,petrol,89715
2017-06-01,all_types,petrol,82836
2017-07-01,all_types,petrol,83009
2017-08-01,all_types,petrol,91670
2017-09-01,all_types,petrol,74811
2017-10-01,all_types,petrol,84951
2017-11-01,all_types,petrol,83125
2017-12-01,all_types,petrol,84607
2018-01-01,all_types,petrol,92033
2018-02-01,all_types,petrol,77641
2018-03-01,all_types,petrol,92799
2018-04-01,all_types,petrol,90634
2018-05-01,all_types,petrol,78101
2018-06-01,all_types,petrol,103267
2018-07-01,all_types,petrol,117389
2018-08-01,all_types,petrol,114269
2018-09-01,all_types,petrol,72245
2018-10-01,all_types,petrol,93878
2018-11-01,all_types,petrol,84229
2018-12-01,all_types,petrol,87936
2019-01-01,all_types,petrol,105923
2019-02-01,all_types,petrol,77187
2019-03-01,all_types,petrol,103569
2019-04-01,all_types,petrol,100708
2019-05-01,all_types,petrol,110565
2019-06-01,all_types,petrol,74562
2019-07-01,all_types,petrol,103942
2019-08-01,all_types,petrol,99950
2019-09-01,all_types,petrol,88503
2019-10-01,all_types,petrol,100355
2019-11-01,all_types,petrol,94426
2019-12-01,all_types,petrol,103475
2020-01-01,all_types,petrol,99560
2020-02-01,all_types,petrol,97765
2020-03-01,all_types,petrol,55198
2020-04-01,all_types,petrol,1577
2020-05-01,all_types,petrol,55973
2020-06-01,all_types,petrol,95360
2020-07-01,all_types,petrol,116864
2020-08-01,all_types,petrol,103728
2020-09-01,all_types,petrol,114903
2020-10-01,all_types,petrol,114390
2020-11-01,all_types,petrol,109444
2020-12-01,all_types,petrol,120798
2021-01-01,all_types,petrol,91901
2021-02-01,all_types,petrol,95422
2021-03-01,all_types,petrol,147676
2021-04-01,all_types,petrol,125172
2021-05-01,all_types,petrol,95531
2021-06-01,all_types,petrol,11097
2021-07-01,all_types,petrol,24116
2021-08-01,all_types,petrol,41311
2021-09-01,all_types,petrol,91008
2021-10-01,all_types,petrol,120536
2021-11-01,all_types,petrol,117947
2021-12-01,all_types,petrol,140826
2022-01-01,all_types,petrol,83462
2022-02-01,all_types,petrol,83861
2022-03-01,all_types,petrol,126444
2022-04-01,all_types,petrol,126265
2022-05-01,all_types,petrol,110199
2022-06-01,all_types,petrol,134246
2022-07-01,all_types,petrol,110239
2022-08-01,all_types,petrol,131155
2022-09-01,all_types,petrol,125233
2022-10-01,all_types,petrol,114445
2022-11-01,all_types,petrol,115546
2022-12-01,all_types,petrol,124061
2023-01-01,all_types,petrol,101179
2023-02-01,all_types,petrol,114105
2023-03-01,all_types,petrol,135726
2023-04-01,all_types,petrol,93454
2023-05-01,all_types,petrol,118325
2023-06-01,all_types,petrol,111898
2023-07-01,all_types,petrol,116655
2023-08-01,all_types,petrol,120885
2023-09-01,all_types,petrol,109482
2023-10-01,all_types,petrol,122322
2023-11-01,all_types,petrol,116998
2023-12-01,all_types,petrol,114154
2024-01-01,all_types,petrol,116532
2024-02-01,all_types,petrol,108384
2024-03-01,all_types,petrol,121413
2024-04-01,all_types,petrol,103848
2024-05-01,all_types,petrol,122204
2024-06-01,all_types,petrol,105224
2024-07-01,all_types,petrol,130269
2024-08-01,all_types,petrol,127395
2024-09-01,all_types,petrol,107514
2024-10-01,all_types,petrol,124918
2024-11-01,all_types,petrol,115707
2024-12-01,all_types,petrol,125331
2025-01-01,all_types,petrol,98814
2025-02-01,all_types,petrol,116065
2025-03-01,all_types,petrol,129535
2025-04-01,all_types,petrol,110205
2025-05-01,all_types,petrol,124735
2025-06-01,all_types,petrol,105029
2025-07-01,all_types,petrol,132863
2025-08-01,all_types,petrol,130701
2025-09-01,all_types,petrol,104560
2025-10-01,all_types,petrol,129203
2025-11-01,all_types,petrol,120592
2025-12-01,all_types,petrol,137153
2026-01-01,all_types,petrol,124417
2026-02-01,all_types,petrol,103118
2026-03-01,all_types,petrol,115067
2026-04-01,all_types,petrol,134841
2000-01-01,bus,all_fuels,55
2000-02-01,bus,all_fuels,26
2000-03-01,bus,all_fuels,28
2000-04-01,bus,all_fuels,27
2000-05-01,bus,all_fuels,39
2000-06-01,bus,all_fuels,44
2000-07-01,bus,all_fuels,58
2000-08-01,bus,all_fuels,56
2000-09-01,bus,all_fuels,49
2000-10-01,bus,all_fuels,30
2000-11-01,bus,all_fuels,37
2000-12-01,bus,all_fuels,89
2001-01-01,bus,all_fuels,51
2001-02-01,bus,all_fuels,40
2001-03-01,bus,all_fuels,45
2001-04-01,bus,all_fuels,52
2001-05-01,bus,all_fuels,64
2001-06-01,bus,all_fuels,43
2001-07-01,bus,all_fuels,60
2001-08-01,bus,all_fuels,86
2001-09-01,bus,all_fuels,57
2001-10-01,bus,all_fuels,60
2001-11-01,bus,all_fuels,84
2001-12-01,bus,all_fuels,79
2002-01-01,bus,all_fuels,132
2002-02-01,bus,all_fuels,90
2002-03-01,bus,all_fuels,98
2002-04-01,bus,all_fuels,117
2002-05-01,bus,all_fuels,93
2002-06-01,bus,all_fuels,95
2002-07-01,bus,all_fuels,116
2002-08-01,bus,all_fuels,90
2002-09-01,bus,all_fuels,81
2002-10-01,bus,all_fuels,159
2002-11-01,bus,all_fuels,115
2002-12-01,bus,all_fuels,135
2003-01-01,bus,all_fuels,150
2003-02-01,bus,all_fuels,74
2003-03-01,bus,all_fuels,60
2003-04-01,bus,all_fuels,114
2003-05-01,bus,all_fuels,89
2003-06-01,bus,all_fuels,91
2003-07-01,bus,all_fuels,76
2003-08-01,bus,all_fuels,104
2003-09-01,bus,all_fuels,113
2003-10-01,bus,all_fuels,111
2003-11-01,bus,all_fuels,98
2003-12-01,bus,all_fuels,104
2004-01-01,bus,all_fuels,120
2004-02-01,bus,all_fuels,74
2004-03-01,bus,all_fuels,57
2004-04-01,bus,all_fuels,89
2004-05-01,bus,all_fuels,110
2004-06-01,bus,all_fuels,112
2004-07-01,bus,all_fuels,108
2004-08-01,bus,all_fuels,107
2004-09-01,bus,all_fuels,95
2004-10-01,bus,all_fuels,134
2004-11-01,bus,all_fuels,95
2004-12-01,bus,all_fuels,120
2005-01-01,bus,all_fuels,123
2005-02-01,bus,all_fuels,79
2005-03-01,bus,all_fuels,84
2005-04-01,bus,all_fuels,109
2005-05-01,bus,all_fuels,65
2005-06-01,bus,all_fuels,123
2005-07-01,bus,all_fuels,108
2005-08-01,bus,all_fuels,150
2005-09-01,bus,all_fuels,140
2005-10-01,bus,all_fuels,145
2005-11-01,bus,all_fuels,107
2005-12-01,bus,all_fuels,262
2006-01-01,bus,all_fuels,158
2006-02-01,bus,all_fuels,81
2006-03-01,bus,all_fuels,182
2006-04-01,bus,all_fuels,138
2006-05-01,bus,all_fuels,182
2006-06-01,bus,all_fuels,159
2006-07-01,bus,all_fuels,104
2006-08-01,bus,all_fuels,132
2006-09-01,bus,all_fuels,321
2006-10-01,bus,all_fuels,166
2006-11-01,bus,all_fuels,155
2006-12-01,bus,all_fuels,285
2007-01-01,bus,all_fuels,139
2007-02-01,bus,all_fuels,141
2007-03-01,bus,all_fuels,162
2007-04-01,bus,all_fuels,179
2007-05-01,bus,all_fuels,106
2007-06-01,bus,all_fuels,147
2007-07-01,bus,all_fuels,207
2007-08-01,bus,all_fuels,135
2007-09-01,bus,all_fuels,111
2007-10-01,bus,all_fuels,115
2007-11-01,bus,all_fuels,112
2007-12-01,bus,all_fuels,102
2008-01-01,bus,all_fuels,151
2008-02-01,bus,all_fuels,110
2008-03-01,bus,all_fuels,74
2008-04-01,bus,all_fuels,80
2008-05-01,bus,all_fuels,112
2008-06-01,bus,all_fuels,95
2008-07-01,bus,all_fuels,96
2008-08-01,bus,all_fuels,95
2008-09-01,bus,all_fuels,117
2008-10-01,bus,all_fuels,104
2008-11-01,bus,all_fuels,102
2008-12-01,bus,all_fuels,115
2009-01-01,bus,all_fuels,158
2009-02-01,bus,all_fuels,93
2009-03-01,bus,all_fuels,102
2009-04-01,bus,all_fuels,119
2009-05-01,bus,all_fuels,100
2009-06-01,bus,all_fuels,121
2009-07-01,bus,all_fuels,141
2009-08-01,bus,all_fuels,145
2009-09-01,bus,all_fuels,159
2009-10-01,bus,all_fuels,164
2009-11-01,bus,all_fuels,172
2009-12-01,bus,all_fuels,312
2010-01-01,bus,all_fuels,192
2010-02-01,bus,all_fuels,123
2010-03-01,bus,all_fuels,94
2010-04-01,bus,all_fuels,146
2010-05-01,bus,all_fuels,113
2010-06-01,bus,all_fuels,142
2010-07-01,bus,all_fuels,161
2010-08-01,bus,all_fuels,105
2010-09-01,bus,all_fuels,98
2010-10-01,bus,all_fuels,107
2010-11-01,bus,all_fuels,129
2010-12-01,bus,all_fuels,159
2011-01-01,bus,all_fuels,248
2011-02-01,bus,all_fuels,111
2011-03-01,bus,all_fuels,198
2011-04-01,bus,all_fuels,177
2011-05-01,bus,all_fuels,169
2011-06-01,bus,all_fuels,129
2011-07-01,bus,all_fuels,181
2011-08-01,bus,all_fuels,125
2011-09-01,bus,all_fuels,73
2011-10-01,bus,all_fuels,87
2011-11-01,bus,all_fuels,108
2011-12-01,bus,all_fuels,131
2012-01-01,bus,all_fuels,100
2012-02-01,bus,all_fuels,64
2012-03-01,bus,all_fuels,69
2012-04-01,bus,all_fuels,56
2012-05-01,bus,all_fuels,84
2012-06-01,bus,all_fuels,63
2012-07-01,bus,all_fuels,73
2012-08-01,bus,all_fuels,102
2012-09-01,bus,all_fuels,53
2012-10-01,bus,all_fuels,96
2012-11-01,bus,all_fuels,130
2012-12-01,bus,all_fuels,96
2013-01-01,bus,all_fuels,130
2013-02-01,bus,all_fuels,110
2013-03-01,bus,all_fuels,87
2013-04-01,bus,all_fuels,79
2013-05-01,bus,all_fuels,85
2013-06-01,bus,all_fuels,91
2013-07-01,bus,all_fuels,107
2013-08-01,bus,all_fuels,76
2013-09-01,bus,all_fuels,111
2013-10-01,bus,all_fuels,120
2013-11-01,bus,all_fuels,92
2013-12-01,bus,all_fuels,120
2014-01-01,bus,all_fuels,196
2014-02-01,bus,all_fuels,96
2014-03-01,bus,all_fuels,115
2014-04-01,bus,all_fuels,102
2014-05-01,bus,all_fuels,81
2014-06-01,bus,all_fuels,137
2014-07-01,bus,all_fuels,100
2014-08-01,bus,all_fuels,81
2014-09-01,bus,all_fuels,96
2014-10-01,bus,all_fuels,102
2014-11-01,bus,all_fuels,106
2014-12-01,bus,all_fuels,131
2015-01-01,bus,all_fuels,145
2015-02-01,bus,all_fuels,109
2015-03-01,bus,all_fuels,202
2015-04-01,bus,all_fuels,125
2015-05-01,bus,all_fuels,114
2015-06-01,bus,all_fuels,109
2015-07-01,bus,all_fuels,105
2015-08-01,bus,all_fuels,70
2015-09-01,bus,all_fuels,81
2015-10-01,bus,all_fuels,78
2015-11-01,bus,all_fuels,80
2015-12-01,bus,all_fuels,125
2016-01-01,bus,all_fuels,92
2016-02-01,bus,all_fuels,67
2016-03-01,bus,all_fuels,86
2016-04-01,bus,all_fuels,95
2016-05-01,bus,all_fuels,92
2016-06-01,bus,all_fuels,80
2016-07-01,bus,all_fuels,59
2016-08-01,bus,all_fuels,91
2016-09-01,bus,all_fuels,68
2016-10-01,bus,all_fuels,87
2016-11-01,bus,all_fuels,100
2016-12-01,bus,all_fuels,289
2017-01-01,bus,all_fuels,145
2017-02-01,bus,all_fuels,48
2017-03-01,bus,all_fuels,91
2017-04-01,bus,all_fuels,92
2017-05-01,bus,all_fuels,141
2017-06-01,bus,all_fuels,144
2017-07-01,bus,all_fuels,127
2017-08-01,bus,all_fuels,75
2017-09-01,bus,all_fuels,64
2017-10-01,bus,all_fuels,106
2017-11-01,bus,all_fuels,94
2017-12-01,bus,all_fuels,78
2018-01-01,bus,all_fuels,131
2018-02-01,bus,all_fuels,96
2018-03-01,bus,all_fuels,88
2018-04-01,bus,all_fuels,68
2018-05-01,bus,all_fuels,72
2018-06-01,bus,all_fuels,69
2018-07-01,bus,all_fuels,101
2018-08-01,bus,all_fuels,112
2018-09-01,bus,all_fuels,64
2018-10-01,bus,all_fuels,87
2018-11-01,bus,all_fuels,84
2018-12-01,bus,all_fuels,64
2019-01-01,bus,all_fuels,94
2019-02-01,bus,all_fuels,40
2019-03-01,bus,all_fuels,106
2019-04-01,bus,all_fuels,85
2019-05-01,bus,all_fuels,115
2019-06-01,bus,all_fuels,75
2019-07-01,bus,all_fuels,124
2019-08-01,bus,all_fuels,102
2019-09-01,bus,all_fuels,115
2019-10-01,bus,all_fuels,98
2019-11-01,bus,all_fuels,109
2019-12-01,bus,all_fuels,81
2020-01-01,bus,all_fuels,131
2020-02-01,bus,all_fuels,72
2020-03-01,bus,all_fuels,44
2020-05-01,bus,all_fuels,26
2020-06-01,bus,all_fuels,37
2020-07-01,bus,all_fuels,41
2020-08-01,bus,all_fuels,36
2020-09-01,bus,all_fuels,31
2020-10-01,bus,all_fuels,26
2020-11-01,bus,all_fuels,27
2020-12-01,bus,all_fuels,28
2021-01-01,bus,all_fuels,21
2021-02-01,bus,all_fuels,28
2021-03-01,bus,all_fuels,21
2021-04-01,bus,all_fuels,52
2021-05-01,bus,all_fuels,34
2021-07-01,bus,all_fuels,12
2021-08-01,bus,all_fuels,16
2021-09-01,bus,all_fuels,17
2021-10-01,bus,all_fuels,13
2021-11-01,bus,all_fuels,34
2021-12-01,bus,all_fuels,28
2022-01-01,bus,all_fuels,24
2022-02-01,bus,all_fuels,18
2022-03-01,bus,all_fuels,15
2022-04-01,bus,all_fuels,15
2022-05-01,bus,all_fuels,20
2022-06-01,bus,all_fuels,27
2022-07-01,bus,all_fuels,19
2022-08-01,bus,all_fuels,31
2022-09-01,bus,all_fuels,36
2022-10-01,bus,all_fuels,27
2022-11-01,bus,all_fuels,40
2022-12-01,bus,all_fuels,29
2023-01-01,bus,all_fuels,42
2023-02-01,bus,all_fuels,27
2023-03-01,bus,all_fuels,37
2023-04-01,bus,all_fuels,32
2023-05-01,bus,all_fuels,30
2023-06-01,bus,all_fuels,49
2023-07-01,bus,all_fuels,40
2023-08-01,bus,all_fuels,54
2023-09-01,bus,all_fuels,46
2023-10-01,bus,all_fuels,46
2023-11-01,bus,all_fuels,78
2023-12-01,bus,all_fuels,48
2024-01-01,bus,all_fuels,55
2024-02-01,bus,all_fuels,48
2024-03-01,bus,all_fuels,57
2024-04-01,bus,all_fuels,40
2024-05-01,bus,all_fuels,70
2024-06-01,bus,all_fuels,74
2024-07-01,bus,all_fuels,104
2024-08-01,bus,all_fuels,92
2024-09-01,bus,all_fuels,86
2024-10-01,bus,all_fuels,112
2024-11-01,bus,all_fuels,128
2024-12-01,bus,all_fuels,172
2025-01-01,bus,all_fuels,103
2025-02-01,bus,all_fuels,55
2025-03-01,bus,all_fuels,98
2025-04-01,bus,all_fuels,94
2025-05-01,bus,all_fuels,126
2025-06-01,bus,all_fuels,112
2025-07-01,bus,all_fuels,143
2025-08-01,bus,all_fuels,130
2025-09-01,bus,all_fuels,87
2025-10-01,bus,all_fuels,105
2025-11-01,bus,all_fuels,159
2025-12-01,bus,all_fuels,143
2026-01-01,bus,all_fuels,143
2026-02-01,bus,all_fuels,98
2026-03-01,bus,all_fuels,98
2026-04-01,bus,all_fuels,74
2000-01-01,bus,diesel,26
2000-02-01,bus,diesel,10
2000-03-01,bus,diesel,11
2000-04-01,bus,diesel,17
2000-05-01,bus,diesel,13
2000-06-01,bus,diesel,27
2000-07-01,bus,diesel,28
2000-08-01,bus,diesel,16
2000-09-01,bus,diesel,17
2000-10-01,bus,diesel,10
2000-11-01,bus,diesel,26
2000-12-01,bus,diesel,41
2001-01-01,bus,diesel,25
2001-02-01,bus,diesel,13
2001-03-01,bus,diesel,21
2001-04-01,bus,diesel,20
2001-05-01,bus,diesel,33
2001-06-01,bus,diesel,13
2001-07-01,bus,diesel,11
2001-08-01,bus,diesel,25
2001-09-01,bus,diesel,18
2001-10-01,bus,diesel,24
2001-11-01,bus,diesel,12
2001-12-01,bus,diesel,14
2002-01-01,bus,diesel,21
2002-02-01,bus,diesel,24
2002-03-01,bus,diesel,12
2002-04-01,bus,diesel,11
2002-05-01,bus,diesel,11
2002-06-01,bus,diesel,19
2002-07-01,bus,diesel,23
2002-08-01,bus,diesel,11
2002-09-01,bus,diesel,14
2002-10-01,bus,diesel,22
2002-11-01,bus,diesel,14
2002-12-01,bus,diesel,27
2003-01-01,bus,diesel,27
2003-02-01,bus,diesel,12
2003-03-01,bus,diesel,3
2003-04-01,bus,diesel,22
2003-05-01,bus,diesel,14
2003-06-01,bus,diesel,12
2003-07-01,bus,diesel,18
2003-08-01,bus,diesel,14
2003-09-01,bus,diesel,15
2003-10-01,bus,diesel,19
2003-11-01,bus,diesel,14
2003-12-01,bus,diesel,16
2004-01-01,bus,diesel,23
2004-02-01,bus,diesel,14
2004-03-01,bus,diesel,6
2004-04-01,bus,diesel,14
2004-05-01,bus,diesel,23
2004-06-01,bus,diesel,16
2004-07-01,bus,diesel,14
2004-08-01,bus,diesel,15
2004-09-01,bus,diesel,17
2004-10-01,bus,diesel,23
2004-11-01,bus,diesel,8
2004-12-01,bus,diesel,20
2005-01-01,bus,diesel,18
2005-02-01,bus,diesel,15
2005-03-01,bus,diesel,5
2005-04-01,bus,diesel,14
2005-05-01,bus,diesel,8
2005-06-01,bus,diesel,19
2005-07-01,bus,diesel,20
2005-08-01,bus,diesel,19
2005-09-01,bus,diesel,25
2005-10-01,bus,diesel,16
2005-11-01,bus,diesel,18
2005-12-01,bus,diesel,72
2006-01-01,bus,diesel,16
2006-02-01,bus,diesel,9
2006-03-01,bus,diesel,32
2006-04-01,bus,diesel,34
2006-05-01,bus,diesel,38
2006-06-01,bus,diesel,28
2006-07-01,bus,diesel,12
2006-08-01,bus,diesel,19
2006-09-01,bus,diesel,175
2006-10-01,bus,diesel,30
2006-11-01,bus,diesel,21
2006-12-01,bus,diesel,67
2007-01-01,bus,diesel,20
2007-02-01,bus,diesel,39
2007-03-01,bus,diesel,89
2007-04-01,bus,diesel,36
2007-05-01,bus,diesel,15
2007-06-01,bus,diesel,48
2007-07-01,bus,diesel,18
2007-08-01,bus,diesel,15
2007-09-01,bus,diesel,15
2007-10-01,bus,diesel,7
2007-11-01,bus,diesel,8
2007-12-01,bus,diesel,9
2008-01-01,bus,diesel,21
2008-02-01,bus,diesel,17
2008-03-01,bus,diesel,6
2008-04-01,bus,diesel,6
2008-05-01,bus,diesel,5
2008-06-01,bus,diesel,9
2008-07-01,bus,diesel,9
2008-08-01,bus,diesel,8
2008-09-01,bus,diesel,12
2008-10-01,bus,diesel,13
2008-11-01,bus,diesel,9
2008-12-01,bus,diesel,7
2009-01-01,bus,diesel,8
2009-02-01,bus,diesel,7
2009-03-01,bus,diesel,7
2009-04-01,bus,diesel,6
2009-05-01,bus,diesel,10
2009-06-01,bus,diesel,10
2009-07-01,bus,diesel,10
2009-08-01,bus,diesel,9
2009-09-01,bus,diesel,10
2009-10-01,bus,diesel,11
2009-11-01,bus,diesel,16
2009-12-01,bus,diesel,172
2010-01-01,bus,diesel,5
2010-02-01,bus,diesel,7
2010-03-01,bus,diesel,8
2010-04-01,bus,diesel,8
2010-05-01,bus,diesel,7
2010-06-01,bus,diesel,9
2010-07-01,bus,diesel,47
2010-08-01,bus,diesel,10
2010-09-01,bus,diesel,10
2010-10-01,bus,diesel,5
2010-11-01,bus,diesel,8
2010-12-01,bus,diesel,48
2011-01-01,bus,diesel,44
2011-02-01,bus,diesel,5
2011-03-01,bus,diesel,8
2011-04-01,bus,diesel,9
2011-05-01,bus,diesel,3
2011-06-01,bus,diesel,6
2011-07-01,bus,diesel,26
2011-08-01,bus,diesel,6
2011-09-01,bus,diesel,2
2011-10-01,bus,diesel,7
2011-11-01,bus,diesel,3
2011-12-01,bus,diesel,10
2012-01-01,bus,diesel,7
2012-02-01,bus,diesel,20
2012-03-01,bus,diesel,4
2012-04-01,bus,diesel,6
2012-05-01,bus,diesel,2
2012-06-01,bus,diesel,3
2012-07-01,bus,diesel,5
2012-08-01,bus,diesel,6
2012-09-01,bus,diesel,4
2012-10-01,bus,diesel,17
2012-11-01,bus,diesel,25
2012-12-01,bus,diesel,10
2013-01-01,bus,diesel,6
2013-02-01,bus,diesel,11
2013-03-01,bus,diesel,6
2013-04-01,bus,diesel,5
2013-05-01,bus,diesel,2
2013-06-01,bus,diesel,6
2013-07-01,bus,diesel,8
2013-08-01,bus,diesel,8
2013-09-01,bus,diesel,4
2013-10-01,bus,diesel,25
2013-11-01,bus,diesel,11
2013-12-01,bus,diesel,3
2014-01-01,bus,diesel,16
2014-02-01,bus,diesel,21
2014-03-01,bus,diesel,32
2014-04-01,bus,diesel,6
2014-05-01,bus,diesel,5
2014-06-01,bus,diesel,3
2014-07-01,bus,diesel,8
2014-08-01,bus,diesel,12
2014-09-01,bus,diesel,8
2014-10-01,bus,diesel,12
2014-11-01,bus,diesel,11
2014-12-01,bus,diesel,6
2015-01-01,bus,diesel,5
2015-02-01,bus,diesel,5
2015-03-01,bus,diesel,7
2015-04-01,bus,diesel,5
2015-05-01,bus,diesel,11
2015-06-01,bus,diesel,8
2015-07-01,bus,diesel,5
2015-08-01,bus,diesel,3
2015-09-01,bus,diesel,1
2015-10-01,bus,diesel,6
2015-11-01,bus,diesel,6
2015-12-01,bus,diesel,16
2016-01-01,bus,diesel,8
2016-02-01,bus,diesel,1
2016-03-01,bus,diesel,2
2016-04-01,bus,diesel,4
2016-05-01,bus,diesel,4
2016-06-01,bus,diesel,3
2016-07-01,bus,diesel,2
2016-08-01,bus,diesel,3
2016-09-01,bus,diesel,7
2016-10-01,bus,diesel,5
2016-11-01,bus,diesel,7
2016-12-01,bus,diesel,3
2017-01-01,bus,diesel,1
2017-02-01,bus,diesel,4
2017-03-01,bus,diesel,4
2017-04-01,bus,diesel,5
2017-05-01,bus,diesel,1
2017-06-01,bus,diesel,2
2017-08-01,bus,diesel,2
2017-09-01,bus,diesel,1
2017-11-01,bus,diesel,3
2017-12-01,bus,diesel,1
2018-01-01,bus,diesel,1
2018-02-01,bus,diesel,1
2018-09-01,bus,diesel,1
2018-11-01,bus,diesel,1
2018-12-01,bus,diesel,1
2019-03-01,bus,diesel,2
2019-04-01,bus,diesel,2
2019-07-01,bus,diesel,1
2019-10-01,bus,diesel,1
2020-01-01,bus,diesel,1
2020-03-01,bus,diesel,1
2020-07-01,bus,diesel,2
2020-08-01,bus,diesel,5
2020-09-01,bus,diesel,2
2020-10-01,bus,diesel,1
2021-02-01,bus,diesel,10
2021-03-01,bus,diesel,3
2021-04-01,bus,diesel,2
2021-05-01,bus,diesel,2
2022-01-01,bus,diesel,1
2022-02-01,bus,diesel,1
2022-03-01,bus,diesel,1
2022-09-01,bus,diesel,1
2022-11-01,bus,diesel,1
2022-12-01,bus,diesel,1
2023-01-01,bus,diesel,1
2023-04-01,bus,diesel,1
2023-06-01,bus,diesel,1
2023-12-01,bus,diesel,1
2024-01-01,bus,diesel,1
2024-02-01,bus,diesel,3
2024-03-01,bus,diesel,15
2024-04-01,bus,diesel,2
2024-05-01,bus,diesel,2
2024-07-01,bus,diesel,8
2024-08-01,bus,diesel,15
2024-09-01,bus,diesel,10
2024-10-01,bus,diesel,14
2024-11-01,bus,diesel,53
2024-12-01,bus,diesel,22
2025-01-01,bus,diesel,6
2025-02-01,bus,diesel,4
2025-03-01,bus,diesel,19
2025-04-01,bus,diesel,24
2025-05-01,bus,diesel,7
2025-06-01,bus,diesel,19
2025-07-01,bus,diesel,16
2025-08-01,bus,diesel,19
2025-09-01,bus,diesel,3
2025-10-01,bus,diesel,2
2025-11-01,bus,diesel,15
2025-12-01,bus,diesel,19
2026-01-01,bus,diesel,7
2026-02-01,bus,diesel,1
2026-03-01,bus,diesel,4
2026-04-01,bus,diesel,7
2015-05-01,bus,electric,4
2015-06-01,bus,electric,11
2015-09-01,bus,electric,2
2017-05-01,bus,electric,8
2018-02-01,bus,electric,3
2019-02-01,bus,electric,1
2019-11-01,bus,electric,2
2020-12-01,bus,electric,2
2021-01-01,bus,electric,4
2021-04-01,bus,electric,1
2021-05-01,bus,electric,1
2021-09-01,bus,electric,1
2022-01-01,bus,electric,9
2022-02-01,bus,electric,8
2022-03-01,bus,electric,7
2022-04-01,bus,electric,4
2022-05-01,bus,electric,2
2022-06-01,bus,electric,7
2022-07-01,bus,electric,3
2022-08-01,bus,electric,5
2022-09-01,bus,electric,2
2022-10-01,bus,electric,4
2022-11-01,bus,electric,9
2022-12-01,bus,electric,6
2023-01-01,bus,electric,5
2023-02-01,bus,electric,4
2023-04-01,bus,electric,2
2023-05-01,bus,electric,2
2023-07-01,bus,electric,9
2023-08-01,bus,electric,6
2023-09-01,bus,electric,8
2023-10-01,bus,electric,4
2023-11-01,bus,electric,2
2023-12-01,bus,electric,2
2024-01-01,bus,electric,12
2024-02-01,bus,electric,17
2024-05-01,bus,electric,2
2024-07-01,bus,electric,5
2024-08-01,bus,electric,2
2024-10-01,bus,electric,4
2024-12-01,bus,electric,1
2025-01-01,bus,electric,1
2025-04-01,bus,electric,4
2025-05-01,bus,electric,2
2025-06-01,bus,electric,14
2025-07-01,bus,electric,10
2025-08-01,bus,electric,14
2025-09-01,bus,electric,5
2025-11-01,bus,electric,8
2026-02-01,bus,electric,2
2000-01-01,bus,greendiesel,28
2000-02-01,bus,greendiesel,16
2000-03-01,bus,greendiesel,17
2000-04-01,bus,greendiesel,8
2000-05-01,bus,greendiesel,26
2000-06-01,bus,greendiesel,16
2000-07-01,bus,greendiesel,29
2000-08-01,bus,greendiesel,39
2000-09-01,bus,greendiesel,31
2000-10-01,bus,greendiesel,20
2000-11-01,bus,greendiesel,11
2000-12-01,bus,greendiesel,47
2001-01-01,bus,greendiesel,26
2001-02-01,bus,greendiesel,25
2001-03-01,bus,greendiesel,24
2001-04-01,bus,greendiesel,30
2001-05-01,bus,greendiesel,31
2001-06-01,bus,greendiesel,30
2001-07-01,bus,greendiesel,49
2001-08-01,bus,greendiesel,61
2001-09-01,bus,greendiesel,39
2001-10-01,bus,greendiesel,36
2001-11-01,bus,greendiesel,72
2001-12-01,bus,greendiesel,63
2002-01-01,bus,greendiesel,111
2002-02-01,bus,greendiesel,66
2002-03-01,bus,greendiesel,85
2002-04-01,bus,greendiesel,106
2002-05-01,bus,greendiesel,81
2002-06-01,bus,greendiesel,76
2002-07-01,bus,greendiesel,93
2002-08-01,bus,greendiesel,79
2002-09-01,bus,greendiesel,67
2002-10-01,bus,greendiesel,136
2002-11-01,bus,greendiesel,101
2002-12-01,bus,greendiesel,107
2003-01-01,bus,greendiesel,123
2003-02-01,bus,greendiesel,62
2003-03-01,bus,greendiesel,57
2003-04-01,bus,greendiesel,91
2003-05-01,bus,greendiesel,75
2003-06-01,bus,greendiesel,79
2003-07-01,bus,greendiesel,58
2003-08-01,bus,greendiesel,90
2003-09-01,bus,greendiesel,98
2003-10-01,bus,greendiesel,91
2003-11-01,bus,greendiesel,83
2003-12-01,bus,greendiesel,87
2004-01-01,bus,greendiesel,97
2004-02-01,bus,greendiesel,60
2004-03-01,bus,greendiesel,50
2004-04-01,bus,greendiesel,75
2004-05-01,bus,greendiesel,86
2004-06-01,bus,greendiesel,96
2004-07-01,bus,greendiesel,94
2004-08-01,bus,greendiesel,92
2004-09-01,bus,greendiesel,78
2004-10-01,bus,greendiesel,111
2004-11-01,bus,greendiesel,87
2004-12-01,bus,greendiesel,100
2005-01-01,bus,greendiesel,105
2005-02-01,bus,greendiesel,64
2005-03-01,bus,greendiesel,79
2005-04-01,bus,greendiesel,95
2005-05-01,bus,greendiesel,57
2005-06-01,bus,greendiesel,104
2005-07-01,bus,greendiesel,88
2005-08-01,bus,greendiesel,131
2005-09-01,bus,greendiesel,113
2005-10-01,bus,greendiesel,129
2005-11-01,bus,greendiesel,89
2005-12-01,bus,greendiesel,190
2006-01-01,bus,greendiesel,142
2006-02-01,bus,greendiesel,71
2006-03-01,bus,greendiesel,150
2006-04-01,bus,greendiesel,101
2006-05-01,bus,greendiesel,144
2006-06-01,bus,greendiesel,126
2006-07-01,bus,greendiesel,89
2006-08-01,bus,greendiesel,101
2006-09-01,bus,greendiesel,137
2006-10-01,bus,greendiesel,129
2006-11-01,bus,greendiesel,130
2006-12-01,bus,greendiesel,203
2007-01-01,bus,greendiesel,111
2007-02-01,bus,greendiesel,101
2007-03-01,bus,greendiesel,73
2007-04-01,bus,greendiesel,138
2007-05-01,bus,greendiesel,91
2007-06-01,bus,greendiesel,95
2007-07-01,bus,greendiesel,184
2007-08-01,bus,greendiesel,116
2007-09-01,bus,greendiesel,92
2007-10-01,bus,greendiesel,107
2007-11-01,bus,greendiesel,100
2007-12-01,bus,greendiesel,93
2008-01-01,bus,greendiesel,129
2008-02-01,bus,greendiesel,93
2008-03-01,bus,greendiesel,61
2008-04-01,bus,greendiesel,73
2008-05-01,bus,greendiesel,103
2008-06-01,bus,greendiesel,86
2008-07-01,bus,greendiesel,83
2008-08-01,bus,greendiesel,85
2008-09-01,bus,greendiesel,100
2008-10-01,bus,greendiesel,86
2008-11-01,bus,greendiesel,90
2008-12-01,bus,greendiesel,100
2009-01-01,bus,greendiesel,124
2009-02-01,bus,greendiesel,65
2009-03-01,bus,greendiesel,65
2009-04-01,bus,greendiesel,70
2009-05-01,bus,greendiesel,60
2009-06-01,bus,greendiesel,75
2009-07-01,bus,greendiesel,91
2009-08-01,bus,greendiesel,113
2009-09-01,bus,greendiesel,127
2009-10-01,bus,greendiesel,129
2009-11-01,bus,greendiesel,130
2009-12-01,bus,greendiesel,128
2010-01-01,bus,greendiesel,165
2010-02-01,bus,greendiesel,106
2010-03-01,bus,greendiesel,81
2010-04-01,bus,greendiesel,122
2010-05-01,bus,greendiesel,94
2010-06-01,bus,greendiesel,121
2010-07-01,bus,greendiesel,105
2010-08-01,bus,greendiesel,92
2010-09-01,bus,greendiesel,80
2010-10-01,bus,greendiesel,98
2010-11-01,bus,greendiesel,120
2010-12-01,bus,greendiesel,111
2011-01-01,bus,greendiesel,204
2011-02-01,bus,greendiesel,102
2011-03-01,bus,greendiesel,184
2011-04-01,bus,greendiesel,165
2011-05-01,bus,greendiesel,153
2011-06-01,bus,greendiesel,120
2011-07-01,bus,greendiesel,149
2011-08-01,bus,greendiesel,106
2011-09-01,bus,greendiesel,64
2011-10-01,bus,greendiesel,79
2011-11-01,bus,greendiesel,105
2011-12-01,bus,greendiesel,121
2012-01-01,bus,greendiesel,93
2012-02-01,bus,greendiesel,44
2012-03-01,bus,greendiesel,64
2012-04-01,bus,greendiesel,46
2012-05-01,bus,greendiesel,80
2012-06-01,bus,greendiesel,60
2012-07-01,bus,greendiesel,68
2012-08-01,bus,greendiesel,96
2012-09-01,bus,greendiesel,49
2012-10-01,bus,greendiesel,79
2012-11-01,bus,greendiesel,105
2012-12-01,bus,greendiesel,85
2013-01-01,bus,greendiesel,124
2013-02-01,bus,greendiesel,97
2013-03-01,bus,greendiesel,78
2013-04-01,bus,greendiesel,74
2013-05-01,bus,greendiesel,83
2013-06-01,bus,greendiesel,85
2013-07-01,bus,greendiesel,99
2013-08-01,bus,greendiesel,68
2013-09-01,bus,greendiesel,107
2013-10-01,bus,greendiesel,95
2013-11-01,bus,greendiesel,81
2013-12-01,bus,greendiesel,117
2014-01-01,bus,greendiesel,179
2014-02-01,bus,greendiesel,74
2014-03-01,bus,greendiesel,83
2014-04-01,bus,greendiesel,96
2014-05-01,bus,greendiesel,76
2014-06-01,bus,greendiesel,134
2014-07-01,bus,greendiesel,92
2014-08-01,bus,greendiesel,69
2014-09-01,bus,greendiesel,88
2014-10-01,bus,greendiesel,90
2014-11-01,bus,greendiesel,95
2014-12-01,bus,greendiesel,125
2015-01-01,bus,greendiesel,140
2015-02-01,bus,greendiesel,97
2015-03-01,bus,greendiesel,184
2015-04-01,bus,greendiesel,104
2015-05-01,bus,greendiesel,66
2015-06-01,bus,greendiesel,56
2015-07-01,bus,greendiesel,99
2015-08-01,bus,greendiesel,54
2015-09-01,bus,greendiesel,53
2015-10-01,bus,greendiesel,70
2015-11-01,bus,greendiesel,62
2015-12-01,bus,greendiesel,101
2016-01-01,bus,greendiesel,79
2016-02-01,bus,greendiesel,65
2016-03-01,bus,greendiesel,84
2016-04-01,bus,greendiesel,83
2016-05-01,bus,greendiesel,80
2016-06-01,bus,greendiesel,77
2016-07-01,bus,greendiesel,57
2016-08-01,bus,greendiesel,88
2016-09-01,bus,greendiesel,60
2016-10-01,bus,greendiesel,82
2016-11-01,bus,greendiesel,93
2016-12-01,bus,greendiesel,286
2017-01-01,bus,greendiesel,144
2017-02-01,bus,greendiesel,44
2017-03-01,bus,greendiesel,87
2017-04-01,bus,greendiesel,87
2017-05-01,bus,greendiesel,132
2017-06-01,bus,greendiesel,142
2017-07-01,bus,greendiesel,127
2017-08-01,bus,greendiesel,73
2017-09-01,bus,greendiesel,63
2017-10-01,bus,greendiesel,106
2017-11-01,bus,greendiesel,91
2017-12-01,bus,greendiesel,77
2018-01-01,bus,greendiesel,130
2018-02-01,bus,greendiesel,92
2018-03-01,bus,greendiesel,88
2018-04-01,bus,greendiesel,68
2018-05-01,bus,greendiesel,72
2018-06-01,bus,greendiesel,69
2018-07-01,bus,greendiesel,101
2018-08-01,bus,greendiesel,112
2018-09-01,bus,greendiesel,63
2018-10-01,bus,greendiesel,87
2018-11-01,bus,greendiesel,83
2018-12-01,bus,greendiesel,63
2019-01-01,bus,greendiesel,94
2019-02-01,bus,greendiesel,39
2019-03-01,bus,greendiesel,104
2019-04-01,bus,greendiesel,83
2019-05-01,bus,greendiesel,115
2019-06-01,bus,greendiesel,71
2019-07-01,bus,greendiesel,123
2019-08-01,bus,greendiesel,102
2019-09-01,bus,greendiesel,115
2019-10-01,bus,greendiesel,97
2019-11-01,bus,greendiesel,107
2019-12-01,bus,greendiesel,81
2020-01-01,bus,greendiesel,130
2020-02-01,bus,greendiesel,72
2020-03-01,bus,greendiesel,43
2020-05-01,bus,greendiesel,26
2020-06-01,bus,greendiesel,37
2020-07-01,bus,greendiesel,39
2020-08-01,bus,greendiesel,31
2020-09-01,bus,greendiesel,29
2020-10-01,bus,greendiesel,25
2020-11-01,bus,greendiesel,27
2020-12-01,bus,greendiesel,25
2021-01-01,bus,greendiesel,17
2021-02-01,bus,greendiesel,18
2021-03-01,bus,greendiesel,18
2021-04-01,bus,greendiesel,49
2021-05-01,bus,greendiesel,31
2021-07-01,bus,greendiesel,12
2021-08-01,bus,greendiesel,16
2021-09-01,bus,greendiesel,16
2021-10-01,bus,greendiesel,13
2021-11-01,bus,greendiesel,34
2021-12-01,bus,greendiesel,28
2022-01-01,bus,greendiesel,14
2022-02-01,bus,greendiesel,9
2022-03-01,bus,greendiesel,7
2022-04-01,bus,greendiesel,11
2022-05-01,bus,greendiesel,18
2022-06-01,bus,greendiesel,20
2022-07-01,bus,greendiesel,16
2022-08-01,bus,greendiesel,26
2022-09-01,bus,greendiesel,33
2022-10-01,bus,greendiesel,23
2022-11-01,bus,greendiesel,30
2022-12-01,bus,greendiesel,22
2023-01-01,bus,greendiesel,36
2023-02-01,bus,greendiesel,23
2023-03-01,bus,greendiesel,37
2023-04-01,bus,greendiesel,29
2023-05-01,bus,greendiesel,28
2023-06-01,bus,greendiesel,48
2023-07-01,bus,greendiesel,31
2023-08-01,bus,greendiesel,48
2023-09-01,bus,greendiesel,38
2023-10-01,bus,greendiesel,42
2023-11-01,bus,greendiesel,76
2023-12-01,bus,greendiesel,45
2024-01-01,bus,greendiesel,41
2024-02-01,bus,greendiesel,28
2024-03-01,bus,greendiesel,42
2024-04-01,bus,greendiesel,38
2024-05-01,bus,greendiesel,66
2024-06-01,bus,greendiesel,74
2024-07-01,bus,greendiesel,91
2024-08-01,bus,greendiesel,75
2024-09-01,bus,greendiesel,76
2024-10-01,bus,greendiesel,94
2024-11-01,bus,greendiesel,75
2024-12-01,bus,greendiesel,149
2025-01-01,bus,greendiesel,96
2025-02-01,bus,greendiesel,51
2025-03-01,bus,greendiesel,79
2025-04-01,bus,greendiesel,66
2025-05-01,bus,greendiesel,117
2025-06-01,bus,greendiesel,79
2025-07-01,bus,greendiesel,116
2025-08-01,bus,greendiesel,97
2025-09-01,bus,greendiesel,79
2025-10-01,bus,greendiesel,103
2025-11-01,bus,greendiesel,136
2025-12-01,bus,greendiesel,124
2026-01-01,bus,greendiesel,136
2026-02-01,bus,greendiesel,95
2026-03-01,bus,greendiesel,94
2026-04-01,bus,greendiesel,67
2025-07-01,bus,hybrid,1
2000-01-01,bus,other,1
2000-04-01,bus,other,2
2000-12-01,bus,other,1
2001-02-01,bus,other,1
2003-04-01,bus,other,1
2004-05-01,bus,other,1
2005-09-01,bus,other,2
2006-04-01,bus,other,2
2006-06-01,bus,other,5
2006-07-01,bus,other,3
2006-08-01,bus,other,12
2006-09-01,bus,other,8
2006-10-01,bus,other,7
2006-11-01,bus,other,4
2006-12-01,bus,other,14
2007-01-01,bus,other,8
2007-02-01,bus,other,1
2007-04-01,bus,other,5
2007-06-01,bus,other,4
2007-07-01,bus,other,5
2007-08-01,bus,other,4
2007-09-01,bus,other,4
2007-10-01,bus,other,1
2007-11-01,bus,other,4
2008-01-01,bus,other,1
2008-03-01,bus,other,6
2008-04-01,bus,other,1
2008-05-01,bus,other,4
2008-07-01,bus,other,4
2008-08-01,bus,other,2
2008-09-01,bus,other,5
2008-10-01,bus,other,5
2008-11-01,bus,other,3
2008-12-01,bus,other,8
2009-01-01,bus,other,26
2009-02-01,bus,other,21
2009-03-01,bus,other,30
2009-04-01,bus,other,43
2009-05-01,bus,other,30
2009-06-01,bus,other,36
2009-07-01,bus,other,40
2009-08-01,bus,other,23
2009-09-01,bus,other,22
2009-10-01,bus,other,24
2009-11-01,bus,other,26
2009-12-01,bus,other,12
2010-01-01,bus,other,22
2010-02-01,bus,other,9
2010-03-01,bus,other,4
2010-04-01,bus,other,16
2010-05-01,bus,other,12
2010-06-01,bus,other,12
2010-07-01,bus,other,9
2010-08-01,bus,other,3
2010-09-01,bus,other,8
2010-10-01,bus,other,4
2010-11-01,bus,other,1
2011-02-01,bus,other,4
2011-03-01,bus,other,5
2011-04-01,bus,other,3
2011-05-01,bus,other,13
2011-06-01,bus,other,3
2011-07-01,bus,other,6
2011-08-01,bus,other,13
2011-09-01,bus,other,7
2011-10-01,bus,other,1
2012-04-01,bus,other,4
2012-05-01,bus,other,2
2012-12-01,bus,other,1
2013-02-01,bus,other,2
2013-03-01,bus,other,3
2014-01-01,bus,other,1
2014-02-01,bus,other,1
2015-02-01,bus,other,7
2015-03-01,bus,other,11
2015-04-01,bus,other,16
2015-05-01,bus,other,33
2015-06-01,bus,other,34
2015-07-01,bus,other,1
2015-08-01,bus,other,13
2015-09-01,bus,other,25
2015-10-01,bus,other,2
2015-11-01,bus,other,12
2015-12-01,bus,other,8
2016-01-01,bus,other,5
2016-02-01,bus,other,1
2016-04-01,bus,other,8
2016-05-01,bus,other,8
2019-06-01,bus,other,4
2024-01-01,bus,other,1
2000-06-01,bus,petrol,1
2000-07-01,bus,petrol,1
2000-08-01,bus,petrol,1
2000-09-01,bus,petrol,1
2001-02-01,bus,petrol,1
2001-04-01,bus,petrol,2
2001-12-01,bus,petrol,2
2002-03-01,bus,petrol,1
2002-05-01,bus,petrol,1
2002-10-01,bus,petrol,1
2002-12-01,bus,petrol,1
2003-10-01,bus,petrol,1
2003-11-01,bus,petrol,1
2003-12-01,bus,petrol,1
2004-03-01,bus,petrol,1
2006-02-01,bus,petrol,1
2006-04-01,bus,petrol,1
2006-09-01,bus,petrol,1
2006-12-01,bus,petrol,1
2008-03-01,bus,petrol,1
2010-02-01,bus,petrol,1
2010-03-01,bus,petrol,1
2011-03-01,bus,petrol,1
2012-03-01,bus,petrol,1
2016-09-01,bus,petrol,1
2020-12-01,bus,petrol,1
2000-01-01,car,all_fuels,26064
2000-02-01,car,all_fuels,23929
2000-03-01,car,all_fuels,32057
2000-04-01,car,all_fuels,29513
2000-05-01,car,all_fuels,31176
2000-06-01,car,all_fuels,28886
2000-07-01,car,all_fuels,31756
2000-08-01,car,all_fuels,32418
2000-09-01,car,all_fuels,28182
2000-10-01,car,all_fuels,31519
2000-11-01,car,all_fuels,32533
2000-12-01,car,all_fuels,29658
2001-01-01,car,all_fuels,27833
2001-02-01,car,all_fuels,30193
2001-03-01,car,all_fuels,31811
2001-04-01,car,all_fuels,31846
2001-05-01,car,all_fuels,33632
2001-06-01,car,all_fuels,32362
2001-07-01,car,all_fuels,35870
2001-08-01,car,all_fuels,38504
2001-09-01,car,all_fuels,35424
2001-10-01,car,all_fuels,41428
2001-11-01,car,all_fuels,39502
2001-12-01,car,all_fuels,29658
2002-01-01,car,all_fuels,41605
2002-02-01,car,all_fuels,30961
2002-03-01,car,all_fuels,36551
2002-04-01,car,all_fuels,39497
2002-05-01,car,all_fuels,39151
2002-06-01,car,all_fuels,35586
2002-07-01,car,all_fuels,42242
2002-08-01,car,all_fuels,42130
2002-09-01,car,all_fuels,33920
2002-10-01,car,all_fuels,40508
2002-11-01,car,all_fuels,37991
2002-12-01,car,all_fuels,27017
2003-01-01,car,all_fuels,45834
2003-02-01,car,all_fuels,25726
2003-03-01,car,all_fuels,36679
2003-04-01,car,all_fuels,35887
2003-05-01,car,all_fuels,34380
2003-06-01,car,all_fuels,34453
2003-07-01,car,all_fuels,41196
2003-08-01,car,all_fuels,39000
2003-09-01,car,all_fuels,35913
2003-10-01,car,all_fuels,37795
2003-11-01,car,all_fuels,33853
2003-12-01,car,all_fuels,31339
2004-01-01,car,all_fuels,34869
2004-02-01,car,all_fuels,29907
2004-03-01,car,all_fuels,41980
2004-04-01,car,all_fuels,40887
2004-05-01,car,all_fuels,37300
2004-06-01,car,all_fuels,45486
2004-07-01,car,all_fuels,48951
2004-08-01,car,all_fuels,41275
2004-09-01,car,all_fuels,43731
2004-10-01,car,all_fuels,44911
2004-11-01,car,all_fuels,36170
2004-12-01,car,all_fuels,43826
2005-01-01,car,all_fuels,43228
2005-02-01,car,all_fuels,36340
2005-03-01,car,all_fuels,48914
2005-04-01,car,all_fuels,44511
2005-05-01,car,all_fuels,45496
2005-06-01,car,all_fuels,49374
2005-07-01,car,all_fuels,46655
2005-08-01,car,all_fuels,51747
2005-09-01,car,all_fuels,51200
2005-10-01,car,all_fuels,59037
2005-11-01,car,all_fuels,39119
2005-12-01,car,all_fuels,50988
2006-01-01,car,all_fuels,39631
2006-02-01,car,all_fuels,33498
2006-03-01,car,all_fuels,44882
2006-04-01,car,all_fuels,39434
2006-05-01,car,all_fuels,43020
2006-06-01,car,all_fuels,41137
2006-07-01,car,all_fuels,39453
2006-08-01,car,all_fuels,46227
2006-09-01,car,all_fuels,41659
2006-10-01,car,all_fuels,35222
2006-11-01,car,all_fuels,35220
2006-12-01,car,all_fuels,36131
2007-01-01,car,all_fuels,34954
2007-02-01,car,all_fuels,31548
2007-03-01,car,all_fuels,37051
2007-04-01,car,all_fuels,32294
2007-05-01,car,all_fuels,38568
2007-06-01,car,all_fuels,42581
2007-07-01,car,all_fuels,44780
2007-08-01,car,all_fuels,47830
2007-09-01,car,all_fuels,43918
2007-10-01,car,all_fuels,42618
2007-11-01,car,all_fuels,43506
2007-12-01,car,all_fuels,41057
2008-01-01,car,all_fuels,46399
2008-02-01,car,all_fuels,38001
2008-03-01,car,all_fuels,45969
2008-04-01,car,all_fuels,50596
2008-05-01,car,all_fuels,49301
2008-06-01,car,all_fuels,49683
2008-07-01,car,all_fuels,55595
2008-08-01,car,all_fuels,45110
2008-09-01,car,all_fuels,52606
2008-10-01,car,all_fuels,36690
2008-11-01,car,all_fuels,40529
2008-12-01,car,all_fuels,40672
2009-01-01,car,all_fuels,39704
2009-02-01,car,all_fuels,36240
2009-03-01,car,all_fuels,45049
2009-04-01,car,all_fuels,41455
2009-05-01,car,all_fuels,44732
2009-06-01,car,all_fuels,45241
2009-07-01,car,all_fuels,52201
2009-08-01,car,all_fuels,49133
2009-09-01,car,all_fuels,46880
2009-10-01,car,all_fuels,46121
2009-11-01,car,all_fuels,45334
2009-12-01,car,all_fuels,47131
2010-01-01,car,all_fuels,51515
2010-02-01,car,all_fuels,40917
2010-03-01,car,all_fuels,57097
2010-04-01,car,all_fuels,48538
2010-05-01,car,all_fuels,51550
2010-06-01,car,all_fuels,54587
2010-07-01,car,all_fuels,53037
2010-08-01,car,all_fuels,55481
2010-09-01,car,all_fuels,44203
2010-10-01,car,all_fuels,52148
2010-11-01,car,all_fuels,43920
2010-12-01,car,all_fuels,55651
2011-01-01,car,all_fuels,58616
2011-02-01,car,all_fuels,39538
2011-03-01,car,all_fuels,64254
2011-04-01,car,all_fuels,51263
2011-05-01,car,all_fuels,46500
2011-06-01,car,all_fuels,42839
2011-07-01,car,all_fuels,50015
2011-08-01,car,all_fuels,60652
2011-09-01,car,all_fuels,43624
2011-10-01,car,all_fuels,53954
2011-11-01,car,all_fuels,48669
2011-12-01,car,all_fuels,47661
2012-01-01,car,all_fuels,43013
2012-02-01,car,all_fuels,44059
2012-03-01,car,all_fuels,54419
2012-04-01,car,all_fuels,48090
2012-05-01,car,all_fuels,59174
2012-06-01,car,all_fuels,56539
2012-07-01,car,all_fuels,60340
2012-08-01,car,all_fuels,53496
2012-09-01,car,all_fuels,45910
2012-10-01,car,all_fuels,54921
2012-11-01,car,all_fuels,52341
2012-12-01,car,all_fuels,60792
2013-01-01,car,all_fuels,58009
2013-02-01,car,all_fuels,46309
2013-03-01,car,all_fuels,58043
2013-04-01,car,all_fuels,54353
2013-05-01,car,all_fuels,49135
2013-06-01,car,all_fuels,53618
2013-07-01,car,all_fuels,71463
2013-08-01,car,all_fuels,52160
2013-09-01,car,all_fuels,54230
2013-10-01,car,all_fuels,56601
2013-11-01,car,all_fuels,52037
2013-12-01,car,all_fuels,58781
2014-01-01,car,all_fuels,56314
2014-02-01,car,all_fuels,48463
2014-03-01,car,all_fuels,58668
2014-04-01,car,all_fuels,60525
2014-05-01,car,all_fuels,56706
2014-06-01,car,all_fuels,58139
2014-07-01,car,all_fuels,64439
2014-08-01,car,all_fuels,50883
2014-09-01,car,all_fuels,48671
2014-10-01,car,all_fuels,56224
2014-11-01,car,all_fuels,53411
2014-12-01,car,all_fuels,64850
2015-01-01,car,all_fuels,53772
2015-02-01,car,all_fuels,52362
2015-03-01,car,all_fuels,69663
2015-04-01,car,all_fuels,44775
2015-05-01,car,all_fuels,51734
2015-06-01,car,all_fuels,58296
2015-07-01,car,all_fuels,60519
2015-08-01,car,all_fuels,53678
2015-09-01,car,all_fuels,51782
2015-10-01,car,all_fuels,56309
2015-11-01,car,all_fuels,55900
2015-12-01,car,all_fuels,69325
2016-01-01,car,all_fuels,47787
2016-02-01,car,all_fuels,38461
2016-03-01,car,all_fuels,50055
2016-04-01,car,all_fuels,42713
2016-05-01,car,all_fuels,44801
2016-06-01,car,all_fuels,58726
2016-07-01,car,all_fuels,42866
2016-08-01,car,all_fuels,52977
2016-09-01,car,all_fuels,48775
2016-10-01,car,all_fuels,48321
2016-11-01,car,all_fuels,48838
2016-12-01,car,all_fuels,63806
2017-01-01,car,all_fuels,46231
2017-02-01,car,all_fuels,42430
2017-03-01,car,all_fuels,54982
2017-04-01,car,all_fuels,42555
2017-05-01,car,all_fuels,51247
2017-06-01,car,all_fuels,51489
2017-07-01,car,all_fuels,48070
2017-08-01,car,all_fuels,52707
2017-09-01,car,all_fuels,40291
2017-10-01,car,all_fuels,46923
2017-11-01,car,all_fuels,49145
2017-12-01,car,all_fuels,53561
2018-01-01,car,all_fuels,47162
2018-02-01,car,all_fuels,41705
2018-03-01,car,all_fuels,49810
2018-04-01,car,all_fuels,47834
2018-05-01,car,all_fuels,44598
2018-06-01,car,all_fuels,65460
2018-07-01,car,all_fuels,70869
2018-08-01,car,all_fuels,70506
2018-09-01,car,all_fuels,31009
2018-10-01,car,all_fuels,46624
2018-11-01,car,all_fuels,46471
2018-12-01,car,all_fuels,46946
2019-01-01,car,all_fuels,50739
2019-02-01,car,all_fuels,38730
2019-03-01,car,all_fuels,55001
2019-04-01,car,all_fuels,51234
2019-05-01,car,all_fuels,63077
2019-06-01,car,all_fuels,41501
2019-07-01,car,all_fuels,53057
2019-08-01,car,all_fuels,52289
2019-09-01,car,all_fuels,45404
2019-10-01,car,all_fuels,54111
2019-11-01,car,all_fuels,52631
2019-12-01,car,all_fuels,55199
2020-01-01,car,all_fuels,47597
2020-02-01,car,all_fuels,43276
2020-03-01,car,all_fuels,23044
2020-04-01,car,all_fuels,129
2020-05-01,car,all_fuels,24399
2020-06-01,car,all_fuels,46599
2020-07-01,car,all_fuels,62423
2020-08-01,car,all_fuels,55667
2020-09-01,car,all_fuels,60204
2020-10-01,car,all_fuels,59513
2020-11-01,car,all_fuels,59025
2020-12-01,car,all_fuels,70483
2021-01-01,car,all_fuels,35103
2021-02-01,car,all_fuels,44413
2021-03-01,car,all_fuels,66244
2021-04-01,car,all_fuels,60957
2021-05-01,car,all_fuels,49507
2021-06-01,car,all_fuels,2063
2021-07-01,car,all_fuels,8400
2021-08-01,car,all_fuels,19152
2021-09-01,car,all_fuels,46046
2021-10-01,car,all_fuels,67215
2021-11-01,car,all_fuels,62887
2021-12-01,car,all_fuels,68070
2022-01-01,car,all_fuels,44567
2022-02-01,car,all_fuels,46100
2022-03-01,car,all_fuels,73413
2022-04-01,car,all_fuels,61330
2022-05-01,car,all_fuels,52934
2022-06-01,car,all_fuels,65708
2022-07-01,car,all_fuels,53223
2022-08-01,car,all_fuels,70450
2022-09-01,car,all_fuels,68305
2022-10-01,car,all_fuels,64367
2022-11-01,car,all_fuels,68150
2022-12-01,car,all_fuels,76215
2023-01-01,car,all_fuels,53692
2023-02-01,car,all_fuels,66163
2023-03-01,car,all_fuels,79947
2023-04-01,car,all_fuels,51480
2023-05-01,car,all_fuels,66651
2023-06-01,car,all_fuels,63921
2023-07-01,car,all_fuels,67983
2023-08-01,car,all_fuels,76619
2023-09-01,car,all_fuels,69020
2023-10-01,car,all_fuels,79464
2023-11-01,car,all_fuels,76750
2023-12-01,car,all_fuels,80657
2024-01-01,car,all_fuels,70186
2024-02-01,car,all_fuels,66935
2024-03-01,car,all_fuels,75067
2024-04-01,car,all_fuels,63527
2024-05-01,car,all_fuels,73901
2024-06-01,car,all_fuels,61208
2024-07-01,car,all_fuels,77027
2024-08-01,car,all_fuels,76075
2024-09-01,car,all_fuels,61075
2024-10-01,car,all_fuels,75044
2024-11-01,car,all_fuels,71818
2024-12-01,car,all_fuels,84429
2025-01-01,car,all_fuels,53930
2025-02-01,car,all_fuels,67327
2025-03-01,car,all_fuels,77121
2025-04-01,car,all_fuels,65200
2025-05-01,car,all_fuels,74393
2025-06-01,car,all_fuels,58858
2025-07-01,car,all_fuels,75663
2025-08-01,car,all_fuels,78978
2025-09-01,car,all_fuels,62598
2025-10-01,car,all_fuels,81413
2025-11-01,car,all_fuels,77876
2025-12-01,car,all_fuels,96970
2026-01-01,car,all_fuels,67995
2026-02-01,car,all_fuels,56690
2026-03-01,car,all_fuels,67846
2026-04-01,car,all_fuels,77869
2000-01-01,car,diesel,347
2000-02-01,car,diesel,228
2000-03-01,car,diesel,337
2000-04-01,car,diesel,320
2000-05-01,car,diesel,410
2000-06-01,car,diesel,355
2000-07-01,car,diesel,423
2000-08-01,car,diesel,393
2000-09-01,car,diesel,391
2000-10-01,car,diesel,353
2000-11-01,car,diesel,340
2000-12-01,car,diesel,319
2001-01-01,car,diesel,321
2001-02-01,car,diesel,291
2001-03-01,car,diesel,405
2001-04-01,car,diesel,359
2001-05-01,car,diesel,324
2001-06-01,car,diesel,307
2001-07-01,car,diesel,352
2001-08-01,car,diesel,366
2001-09-01,car,diesel,374
2001-10-01,car,diesel,341
2001-11-01,car,diesel,289
2001-12-01,car,diesel,258
2002-01-01,car,diesel,341
2002-02-01,car,diesel,241
2002-03-01,car,diesel,343
2002-04-01,car,diesel,309
2002-05-01,car,diesel,368
2002-06-01,car,diesel,274
2002-07-01,car,diesel,375
2002-08-01,car,diesel,341
2002-09-01,car,diesel,427
2002-10-01,car,diesel,435
2002-11-01,car,diesel,367
2002-12-01,car,diesel,332
2003-01-01,car,diesel,397
2003-02-01,car,diesel,176
2003-03-01,car,diesel,299
2003-04-01,car,diesel,302
2003-05-01,car,diesel,258
2003-06-01,car,diesel,278
2003-07-01,car,diesel,350
2003-08-01,car,diesel,362
2003-09-01,car,diesel,293
2003-10-01,car,diesel,275
2003-11-01,car,diesel,251
2003-12-01,car,diesel,272
2004-01-01,car,diesel,265
2004-02-01,car,diesel,214
2004-03-01,car,diesel,529
2004-04-01,car,diesel,338
2004-05-01,car,diesel,333
2004-06-01,car,diesel,274
2004-07-01,car,diesel,406
2004-08-01,car,diesel,362
2004-09-01,car,diesel,380
2004-10-01,car,diesel,416
2004-11-01,car,diesel,379
2004-12-01,car,diesel,429
2005-01-01,car,diesel,335
2005-02-01,car,diesel,265
2005-03-01,car,diesel,327
2005-04-01,car,diesel,299
2005-05-01,car,diesel,314
2005-06-01,car,diesel,314
2005-07-01,car,diesel,303
2005-08-01,car,diesel,290
2005-09-01,car,diesel,259
2005-10-01,car,diesel,241
2005-11-01,car,diesel,228
2005-12-01,car,diesel,285
2006-01-01,car,diesel,206
2006-02-01,car,diesel,125
2006-03-01,car,diesel,210
2006-04-01,car,diesel,147
2006-05-01,car,diesel,161
2006-06-01,car,diesel,162
2006-07-01,car,diesel,151
2006-08-01,car,diesel,184
2006-09-01,car,diesel,117
2006-10-01,car,diesel,136
2006-11-01,car,diesel,154
2006-12-01,car,diesel,133
2007-01-01,car,diesel,154
2007-02-01,car,diesel,151
2007-03-01,car,diesel,173
2007-04-01,car,diesel,135
2007-05-01,car,diesel,157
2007-06-01,car,diesel,134
2007-07-01,car,diesel,151
2007-08-01,car,diesel,135
2007-09-01,car,diesel,125
2007-10-01,car,diesel,147
2007-11-01,car,diesel,156
2007-12-01,car,diesel,201
2008-01-01,car,diesel,182
2008-02-01,car,diesel,130
2008-03-01,car,diesel,155
2008-04-01,car,diesel,190
2008-05-01,car,diesel,125
2008-06-01,car,diesel,119
2008-07-01,car,diesel,155
2008-08-01,car,diesel,106
2008-09-01,car,diesel,105
2008-10-01,car,diesel,71
2008-11-01,car,diesel,75
2008-12-01,car,diesel,75
2009-01-01,car,diesel,73
2009-02-01,car,diesel,54
2009-03-01,car,diesel,88
2009-04-01,car,diesel,72
2009-05-01,car,diesel,67
2009-06-01,car,diesel,87
2009-07-01,car,diesel,97
2009-08-01,car,diesel,103
2009-09-01,car,diesel,85
2009-10-01,car,diesel,90
2009-11-01,car,diesel,132
2009-12-01,car,diesel,119
2010-01-01,car,diesel,98
2010-02-01,car,diesel,99
2010-03-01,car,diesel,147
2010-04-01,car,diesel,138
2010-05-01,car,diesel,127
2010-06-01,car,diesel,148
2010-07-01,car,diesel,125
2010-08-01,car,diesel,96
2010-09-01,car,diesel,117
2010-10-01,car,diesel,142
2010-11-01,car,diesel,100
2010-12-01,car,diesel,123
2011-01-01,car,diesel,135
2011-02-01,car,diesel,118
2011-03-01,car,diesel,173
2011-04-01,car,diesel,233
2011-05-01,car,diesel,155
2011-06-01,car,diesel,214
2011-07-01,car,diesel,230
2011-08-01,car,diesel,202
2011-09-01,car,diesel,145
2011-10-01,car,diesel,218
2011-11-01,car,diesel,267
2011-12-01,car,diesel,307
2012-01-01,car,diesel,252
2012-02-01,car,diesel,204
2012-03-01,car,diesel,269
2012-04-01,car,diesel,298
2012-05-01,car,diesel,237
2012-06-01,car,diesel,235
2012-07-01,car,diesel,300
2012-08-01,car,diesel,246
2012-09-01,car,diesel,241
2012-10-01,car,diesel,270
2012-11-01,car,diesel,216
2012-12-01,car,diesel,432
2013-01-01,car,diesel,181
2013-02-01,car,diesel,163
2013-03-01,car,diesel,209
2013-04-01,car,diesel,237
2013-05-01,car,diesel,169
2013-06-01,car,diesel,200
2013-07-01,car,diesel,263
2013-08-01,car,diesel,188
2013-09-01,car,diesel,310
2013-10-01,car,diesel,237
2013-11-01,car,diesel,187
2013-12-01,car,diesel,272
2014-01-01,car,diesel,258
2014-02-01,car,diesel,213
2014-03-01,car,diesel,230
2014-04-01,car,diesel,224
2014-05-01,car,diesel,196
2014-06-01,car,diesel,176
2014-07-01,car,diesel,169
2014-08-01,car,diesel,179
2014-09-01,car,diesel,204
2014-10-01,car,diesel,218
2014-11-01,car,diesel,231
2014-12-01,car,diesel,306
2015-01-01,car,diesel,221
2015-02-01,car,diesel,167
2015-03-01,car,diesel,219
2015-04-01,car,diesel,119
2015-05-01,car,diesel,198
2015-06-01,car,diesel,239
2015-07-01,car,diesel,161
2015-08-01,car,diesel,112
2015-09-01,car,diesel,134
2015-10-01,car,diesel,130
2015-11-01,car,diesel,134
2015-12-01,car,diesel,199
2016-01-01,car,diesel,133
2016-02-01,car,diesel,76
2016-03-01,car,diesel,120
2016-04-01,car,diesel,88
2016-05-01,car,diesel,93
2016-06-01,car,diesel,145
2016-07-01,car,diesel,112
2016-08-01,car,diesel,131
2016-09-01,car,diesel,142
2016-10-01,car,diesel,145
2016-11-01,car,diesel,102
2016-12-01,car,diesel,116
2017-01-01,car,diesel,128
2017-02-01,car,diesel,61
2017-03-01,car,diesel,135
2017-04-01,car,diesel,120
2017-05-01,car,diesel,144
2017-06-01,car,diesel,114
2017-07-01,car,diesel,130
2017-08-01,car,diesel,291
2017-09-01,car,diesel,146
2017-10-01,car,diesel,246
2017-11-01,car,diesel,188
2017-12-01,car,diesel,164
2018-01-01,car,diesel,244
2018-02-01,car,diesel,259
2018-03-01,car,diesel,260
2018-04-01,car,diesel,226
2018-05-01,car,diesel,164
2018-06-01,car,diesel,433
2018-07-01,car,diesel,333
2018-08-01,car,diesel,398
2018-09-01,car,diesel,276
2018-10-01,car,diesel,269
2018-11-01,car,diesel,284
2018-12-01,car,diesel,270
2019-01-01,car,diesel,325
2019-02-01,car,diesel,140
2019-03-01,car,diesel,207
2019-04-01,car,diesel,192
2019-05-01,car,diesel,303
2019-06-01,car,diesel,202
2019-07-01,car,diesel,251
2019-08-01,car,diesel,306
2019-09-01,car,diesel,269
2019-10-01,car,diesel,301
2019-11-01,car,diesel,274
2019-12-01,car,diesel,332
2020-01-01,car,diesel,380
2020-02-01,car,diesel,218
2020-03-01,car,diesel,126
2020-05-01,car,diesel,78
2020-06-01,car,diesel,153
2020-07-01,car,diesel,257
2020-08-01,car,diesel,209
2020-09-01,car,diesel,364
2020-10-01,car,diesel,312
2020-11-01,car,diesel,186
2020-12-01,car,diesel,150
2021-01-01,car,diesel,114
2021-02-01,car,diesel,132
2021-03-01,car,diesel,233
2021-04-01,car,diesel,245
2021-05-01,car,diesel,200
2021-06-01,car,diesel,7
2021-07-01,car,diesel,50
2021-08-01,car,diesel,118
2021-09-01,car,diesel,277
2021-10-01,car,diesel,238
2021-11-01,car,diesel,211
2021-12-01,car,diesel,413
2022-01-01,car,diesel,392
2022-02-01,car,diesel,185
2022-03-01,car,diesel,392
2022-04-01,car,diesel,258
2022-05-01,car,diesel,375
2022-06-01,car,diesel,420
2022-07-01,car,diesel,420
2022-08-01,car,diesel,407
2022-09-01,car,diesel,363
2022-10-01,car,diesel,284
2022-11-01,car,diesel,325
2022-12-01,car,diesel,327
2023-01-01,car,diesel,535
2023-02-01,car,diesel,541
2023-03-01,car,diesel,581
2023-04-01,car,diesel,419
2023-05-01,car,diesel,412
2023-06-01,car,diesel,416
2023-07-01,car,diesel,392
2023-08-01,car,diesel,458
2023-09-01,car,diesel,382
2023-10-01,car,diesel,372
2023-11-01,car,diesel,315
2023-12-01,car,diesel,412
2024-01-01,car,diesel,395
2024-02-01,car,diesel,318
2024-03-01,car,diesel,397
2024-04-01,car,diesel,346
2024-05-01,car,diesel,294
2024-06-01,car,diesel,280
2024-07-01,car,diesel,290
2024-08-01,car,diesel,250
2024-09-01,car,diesel,222
2024-10-01,car,diesel,222
2024-11-01,car,diesel,233
2024-12-01,car,diesel,288
2025-01-01,car,diesel,372
2025-02-01,car,diesel,1268
2025-03-01,car,diesel,1108
2025-04-01,car,diesel,560
2025-05-01,car,diesel,363
2025-06-01,car,diesel,257
2025-07-01,car,diesel,256
2025-08-01,car,diesel,277
2025-09-01,car,diesel,261
2025-10-01,car,diesel,259
2025-11-01,car,diesel,225
2025-12-01,car,diesel,224
2026-01-01,car,diesel,180
2026-02-01,car,diesel,213
2026-03-01,car,diesel,193
2026-04-01,car,diesel,191
2009-07-01,car,electric,1
2011-10-01,car,electric,6
2012-02-01,car,electric,2
2012-03-01,car,electric,9
2012-09-01,car,electric,14
2013-02-01,car,electric,1
2013-07-01,car,electric,2
2013-10-01,car,electric,4
2013-11-01,car,electric,3
2013-12-01,car,electric,7
2014-01-01,car,electric,3
2014-07-01,car,electric,2
2014-08-01,car,electric,3
2014-09-01,car,electric,6
2014-10-01,car,electric,1
2014-11-01,car,electric,6
2014-12-01,car,electric,6
2015-01-01,car,electric,11
2015-02-01,car,electric,1
2015-03-01,car,electric,4
2015-04-01,car,electric,6
2015-05-01,car,electric,11
2015-07-01,car,electric,3
2015-08-01,car,electric,4
2015-09-01,car,electric,1
2015-10-01,car,electric,6
2015-11-01,car,electric,3
2015-12-01,car,electric,5
2016-01-01,car,electric,1
2016-02-01,car,electric,10
2016-03-01,car,electric,2
2016-04-01,car,electric,5
2016-05-01,car,electric,1
2016-06-01,car,electric,1
2016-07-01,car,electric,1
2016-08-01,car,electric,2
2016-09-01,car,electric,2
2016-10-01,car,electric,2
2016-11-01,car,electric,5
2016-12-01,car,electric,9
2017-01-01,car,electric,3
2017-02-01,car,electric,4
2017-03-01,car,electric,2
2017-04-01,car,electric,7
2017-05-01,car,electric,6
2017-07-01,car,electric,1
2017-09-01,car,electric,1
2017-12-01,car,electric,1
2018-01-01,car,electric,3
2018-03-01,car,electric,1
2018-04-01,car,electric,1
2018-06-01,car,electric,1
2018-08-01,car,electric,2
2018-12-01,car,electric,2
2019-01-01,car,electric,4
2019-03-01,car,electric,1
2019-07-01,car,electric,17
2019-08-01,car,electric,9
2019-09-01,car,electric,4
2019-10-01,car,electric,5
2019-12-01,car,electric,4
2020-01-01,car,electric,5
2020-02-01,car,electric,5
2020-03-01,car,electric,3
2020-05-01,car,electric,1
2020-06-01,car,electric,3
2020-07-01,car,electric,4
2020-08-01,car,electric,1
2020-09-01,car,electric,8
2020-10-01,car,electric,17
2020-11-01,car,electric,16
2020-12-01,car,electric,8
2021-01-01,car,electric,6
2021-02-01,car,electric,14
2021-03-01,car,electric,24
2021-04-01,car,electric,24
2021-05-01,car,electric,32
2021-06-01,car,electric,1
2021-07-01,car,electric,12
2021-08-01,car,electric,58
2021-09-01,car,electric,41
2021-10-01,car,electric,23
2021-11-01,car,electric,13
2021-12-01,car,electric,9
2022-01-01,car,electric,12
2022-02-01,car,electric,37
2022-03-01,car,electric,119
2022-04-01,car,electric,249
2022-05-01,car,electric,134
2022-06-01,car,electric,154
2022-07-01,car,electric,156
2022-08-01,car,electric,199
2022-09-01,car,electric,474
2022-10-01,car,electric,327
2022-11-01,car,electric,422
2022-12-01,car,electric,846
2023-01-01,car,electric,365
2023-02-01,car,electric,481
2023-03-01,car,electric,926
2023-04-01,car,electric,681
2023-05-01,car,electric,1074
2023-06-01,car,electric,882
2023-07-01,car,electric,937
2023-08-01,car,electric,1144
2023-09-01,car,electric,898
2023-10-01,car,electric,1372
2023-11-01,car,electric,1558
2023-12-01,car,electric,2983
2024-01-01,car,electric,1403
2024-02-01,car,electric,1026
2024-03-01,car,electric,2260
2024-04-01,car,electric,1609
2024-05-01,car,electric,2453
2024-06-01,car,electric,1912
2024-07-01,car,electric,1884
2024-08-01,car,electric,1774
2024-09-01,car,electric,1513
2024-10-01,car,electric,1569
2024-11-01,car,electric,1805
2024-12-01,car,electric,2581
2025-01-01,car,electric,1691
2025-02-01,car,electric,2160
2025-03-01,car,electric,2976
2025-04-01,car,electric,2892
2025-05-01,car,electric,4152
2025-06-01,car,electric,3272
2025-07-01,car,electric,2792
2025-08-01,car,electric,3461
2025-09-01,car,electric,3532
2025-10-01,car,electric,4345
2025-11-01,car,electric,5417
2025-12-01,car,electric,8123
2026-01-01,car,electric,6239
2026-02-01,car,electric,3635
2026-03-01,car,electric,4717
2026-04-01,car,electric,5894
2000-01-01,car,greendiesel,794
2000-02-01,car,greendiesel,589
2000-03-01,car,greendiesel,893
2000-04-01,car,greendiesel,909
2000-05-01,car,greendiesel,901
2000-06-01,car,greendiesel,827
2000-07-01,car,greendiesel,952
2000-08-01,car,greendiesel,973
2000-09-01,car,greendiesel,1042
2000-10-01,car,greendiesel,1071
2000-11-01,car,greendiesel,1017
2000-12-01,car,greendiesel,810
2001-01-01,car,greendiesel,874
2001-02-01,car,greendiesel,979
2001-03-01,car,greendiesel,1228
2001-04-01,car,greendiesel,1156
2001-05-01,car,greendiesel,1171
2001-06-01,car,greendiesel,1042
2001-07-01,car,greendiesel,1268
2001-08-01,car,greendiesel,1228
2001-09-01,car,greendiesel,1138
2001-10-01,car,greendiesel,1194
2001-11-01,car,greendiesel,1179
2001-12-01,car,greendiesel,929
2002-01-01,car,greendiesel,1233
2002-02-01,car,greendiesel,1025
2002-03-01,car,greendiesel,1168
2002-04-01,car,greendiesel,1304
2002-05-01,car,greendiesel,1186
2002-06-01,car,greendiesel,1044
2002-07-01,car,greendiesel,1352
2002-08-01,car,greendiesel,1300
2002-09-01,car,greendiesel,1055
2002-10-01,car,greendiesel,1389
2002-11-01,car,greendiesel,1561
2002-12-01,car,greendiesel,1145
2003-01-01,car,greendiesel,1774
2003-02-01,car,greendiesel,910
2003-03-01,car,greendiesel,1319
2003-04-01,car,greendiesel,1376
2003-05-01,car,greendiesel,1388
2003-06-01,car,greendiesel,1269
2003-07-01,car,greendiesel,1920
2003-08-01,car,greendiesel,1744
2003-09-01,car,greendiesel,1439
2003-10-01,car,greendiesel,1555
2003-11-01,car,greendiesel,1225
2003-12-01,car,greendiesel,1515
2004-01-01,car,greendiesel,1290
2004-02-01,car,greendiesel,1449
2004-03-01,car,greendiesel,2050
2004-04-01,car,greendiesel,1952
2004-05-01,car,greendiesel,1662
2004-06-01,car,greendiesel,1958
2004-07-01,car,greendiesel,2111
2004-08-01,car,greendiesel,2069
2004-09-01,car,greendiesel,2121
2004-10-01,car,greendiesel,2142
2004-11-01,car,greendiesel,1869
2004-12-01,car,greendiesel,2355
2005-01-01,car,greendiesel,2185
2005-02-01,car,greendiesel,1681
2005-03-01,car,greendiesel,1818
2005-04-01,car,greendiesel,1891
2005-05-01,car,greendiesel,2606
2005-06-01,car,greendiesel,2520
2005-07-01,car,greendiesel,2656
2005-08-01,car,greendiesel,2432
2005-09-01,car,greendiesel,2255
2005-10-01,car,greendiesel,2508
2005-11-01,car,greendiesel,1892
2005-12-01,car,greendiesel,2773
2006-01-01,car,greendiesel,2621
2006-02-01,car,greendiesel,1980
2006-03-01,car,greendiesel,2569
2006-04-01,car,greendiesel,2092
2006-05-01,car,greendiesel,2408
2006-06-01,car,greendiesel,2319
2006-07-01,car,greendiesel,2036
2006-08-01,car,greendiesel,2045
2006-09-01,car,greendiesel,2103
2006-10-01,car,greendiesel,1941
2006-11-01,car,greendiesel,2304
2006-12-01,car,greendiesel,2414
2007-01-01,car,greendiesel,1797
2007-02-01,car,greendiesel,1863
2007-03-01,car,greendiesel,2192
2007-04-01,car,greendiesel,1841
2007-05-01,car,greendiesel,2108
2007-06-01,car,greendiesel,2358
2007-07-01,car,greendiesel,2430
2007-08-01,car,greendiesel,2725
2007-09-01,car,greendiesel,2419
2007-10-01,car,greendiesel,2160
2007-11-01,car,greendiesel,2335
2007-12-01,car,greendiesel,2500
2008-01-01,car,greendiesel,2346
2008-02-01,car,greendiesel,1995
2008-03-01,car,greendiesel,2370
2008-04-01,car,greendiesel,2766
2008-05-01,car,greendiesel,2412
2008-06-01,car,greendiesel,2277
2008-07-01,car,greendiesel,3082
2008-08-01,car,greendiesel,2573
2008-09-01,car,greendiesel,2475
2008-10-01,car,greendiesel,2366
2008-11-01,car,greendiesel,2930
2008-12-01,car,greendiesel,3139
2009-01-01,car,greendiesel,2136
2009-02-01,car,greendiesel,2194
2009-03-01,car,greendiesel,2836
2009-04-01,car,greendiesel,2590
2009-05-01,car,greendiesel,2642
2009-06-01,car,greendiesel,2658
2009-07-01,car,greendiesel,3019
2009-08-01,car,greendiesel,2968
2009-09-01,car,greendiesel,2714
2009-10-01,car,greendiesel,3068
2009-11-01,car,greendiesel,3113
2009-12-01,car,greendiesel,3580
2010-01-01,car,greendiesel,3345
2010-02-01,car,greendiesel,2902
2010-03-01,car,greendiesel,4036
2010-04-01,car,greendiesel,3786
2010-05-01,car,greendiesel,3555
2010-06-01,car,greendiesel,3678
2010-07-01,car,greendiesel,3764
2010-08-01,car,greendiesel,3801
2010-09-01,car,greendiesel,3428
2010-10-01,car,greendiesel,4555
2010-11-01,car,greendiesel,4331
2010-12-01,car,greendiesel,4534
2011-01-01,car,greendiesel,4298
2011-02-01,car,greendiesel,3107
2011-03-01,car,greendiesel,5647
2011-04-01,car,greendiesel,4429
2011-05-01,car,greendiesel,3844
2011-06-01,car,greendiesel,3591
2011-07-01,car,greendiesel,3979
2011-08-01,car,greendiesel,4751
2011-09-01,car,greendiesel,3400
2011-10-01,car,greendiesel,5004
2011-11-01,car,greendiesel,4807
2011-12-01,car,greendiesel,4009
2012-01-01,car,greendiesel,3067
2012-02-01,car,greendiesel,3969
2012-03-01,car,greendiesel,4932
2012-04-01,car,greendiesel,4869
2012-05-01,car,greendiesel,5354
2012-06-01,car,greendiesel,5202
2012-07-01,car,greendiesel,5981
2012-08-01,car,greendiesel,5042
2012-09-01,car,greendiesel,4226
2012-10-01,car,greendiesel,5070
2012-11-01,car,greendiesel,5201
2012-12-01,car,greendiesel,5478
2013-01-01,car,greendiesel,5204
2013-02-01,car,greendiesel,3567
2013-03-01,car,greendiesel,5802
2013-04-01,car,greendiesel,5482
2013-05-01,car,greendiesel,4662
2013-06-01,car,greendiesel,4816
2013-07-01,car,greendiesel,6071
2013-08-01,car,greendiesel,4773
2013-09-01,car,greendiesel,4913
2013-10-01,car,greendiesel,5753
2013-11-01,car,greendiesel,4875
2013-12-01,car,greendiesel,5399
2014-01-01,car,greendiesel,5196
2014-02-01,car,greendiesel,3760
2014-03-01,car,greendiesel,5364
2014-04-01,car,greendiesel,5235
2014-05-01,car,greendiesel,4722
2014-06-01,car,greendiesel,4921
2014-07-01,car,greendiesel,5684
2014-08-01,car,greendiesel,4910
2014-09-01,car,greendiesel,4847
2014-10-01,car,greendiesel,5015
2014-11-01,car,greendiesel,4826
2014-12-01,car,greendiesel,6086
2015-01-01,car,greendiesel,4852
2015-02-01,car,greendiesel,4330
2015-03-01,car,greendiesel,5951
2015-04-01,car,greendiesel,3040
2015-05-01,car,greendiesel,4063
2015-06-01,car,greendiesel,5304
2015-07-01,car,greendiesel,4945
2015-08-01,car,greendiesel,4734
2015-09-01,car,greendiesel,4657
2015-10-01,car,greendiesel,5309
2015-11-01,car,greendiesel,5101
2015-12-01,car,greendiesel,6535
2016-01-01,car,greendiesel,3954
2016-02-01,car,greendiesel,2985
2016-03-01,car,greendiesel,4317
2016-04-01,car,greendiesel,2853
2016-05-01,car,greendiesel,4294
2016-06-01,car,greendiesel,4932
2016-07-01,car,greendiesel,3692
2016-08-01,car,greendiesel,4707
2016-09-01,car,greendiesel,4244
2016-10-01,car,greendiesel,4197
2016-11-01,car,greendiesel,4159
2016-12-01,car,greendiesel,4750
2017-01-01,car,greendiesel,3531
2017-02-01,car,greendiesel,3026
2017-03-01,car,greendiesel,4442
2017-04-01,car,greendiesel,3435
2017-05-01,car,greendiesel,4009
2017-06-01,car,greendiesel,3793
2017-07-01,car,greendiesel,3424
2017-08-01,car,greendiesel,4241
2017-09-01,car,greendiesel,2945
2017-10-01,car,greendiesel,3922
2017-11-01,car,greendiesel,4462
2017-12-01,car,greendiesel,4466
2018-01-01,car,greendiesel,3928
2018-02-01,car,greendiesel,3047
2018-03-01,car,greendiesel,4036
2018-04-01,car,greendiesel,3963
2018-05-01,car,greendiesel,2308
2018-06-01,car,greendiesel,5030
2018-07-01,car,greendiesel,5875
2018-08-01,car,greendiesel,8422
2018-09-01,car,greendiesel,2391
2018-10-01,car,greendiesel,3463
2018-11-01,car,greendiesel,3353
2018-12-01,car,greendiesel,3618
2019-01-01,car,greendiesel,3950
2019-02-01,car,greendiesel,2466
2019-03-01,car,greendiesel,3573
2019-04-01,car,greendiesel,3367
2019-05-01,car,greendiesel,3731
2019-06-01,car,greendiesel,2740
2019-07-01,car,greendiesel,3723
2019-08-01,car,greendiesel,3046
2019-09-01,car,greendiesel,3048
2019-10-01,car,greendiesel,3479
2019-11-01,car,greendiesel,3272
2019-12-01,car,greendiesel,3613
2020-01-01,car,greendiesel,2809
2020-02-01,car,greendiesel,3132
2020-03-01,car,greendiesel,1728
2020-04-01,car,greendiesel,7
2020-05-01,car,greendiesel,1924
2020-06-01,car,greendiesel,2954
2020-07-01,car,greendiesel,4289
2020-08-01,car,greendiesel,3628
2020-09-01,car,greendiesel,3277
2020-10-01,car,greendiesel,2873
2020-11-01,car,greendiesel,3809
2020-12-01,car,greendiesel,4824
2021-01-01,car,greendiesel,2745
2021-02-01,car,greendiesel,3750
2021-03-01,car,greendiesel,4814
2021-04-01,car,greendiesel,3835
2021-05-01,car,greendiesel,3460
2021-06-01,car,greendiesel,77
2021-07-01,car,greendiesel,1468
2021-08-01,car,greendiesel,1478
2021-09-01,car,greendiesel,4586
2021-10-01,car,greendiesel,5267
2021-11-01,car,greendiesel,4324
2021-12-01,car,greendiesel,5462
2022-01-01,car,greendiesel,5172
2022-02-01,car,greendiesel,3872
2022-03-01,car,greendiesel,5596
2022-04-01,car,greendiesel,4930
2022-05-01,car,greendiesel,4709
2022-06-01,car,greendiesel,4830
2022-07-01,car,greendiesel,4007
2022-08-01,car,greendiesel,5257
2022-09-01,car,greendiesel,5922
2022-10-01,car,greendiesel,4711
2022-11-01,car,greendiesel,5134
2022-12-01,car,greendiesel,5628
2023-01-01,car,greendiesel,4123
2023-02-01,car,greendiesel,5591
2023-03-01,car,greendiesel,6154
2023-04-01,car,greendiesel,3863
2023-05-01,car,greendiesel,5136
2023-06-01,car,greendiesel,5343
2023-07-01,car,greendiesel,4236
2023-08-01,car,greendiesel,5531
2023-09-01,car,greendiesel,4835
2023-10-01,car,greendiesel,5719
2023-11-01,car,greendiesel,4869
2023-12-01,car,greendiesel,5558
2024-01-01,car,greendiesel,4533
2024-02-01,car,greendiesel,3739
2024-03-01,car,greendiesel,4958
2024-04-01,car,greendiesel,3545
2024-05-01,car,greendiesel,4297
2024-06-01,car,greendiesel,4103
2024-07-01,car,greendiesel,4435
2024-08-01,car,greendiesel,3998
2024-09-01,car,greendiesel,3546
2024-10-01,car,greendiesel,4345
2024-11-01,car,greendiesel,3913
2024-12-01,car,greendiesel,6469
2025-01-01,car,greendiesel,2525
2025-02-01,car,greendiesel,1919
2025-03-01,car,greendiesel,2685
2025-04-01,car,greendiesel,3275
2025-05-01,car,greendiesel,3820
2025-06-01,car,greendiesel,3767
2025-07-01,car,greendiesel,4241
2025-08-01,car,greendiesel,4440
2025-09-01,car,greendiesel,4097
2025-10-01,car,greendiesel,4542
2025-11-01,car,greendiesel,3996
2025-12-01,car,greendiesel,6115
2026-01-01,car,greendiesel,2558
2026-02-01,car,greendiesel,2859
2026-03-01,car,greendiesel,2883
2026-04-01,car,greendiesel,3021
2004-12-01,car,hybrid,1
2009-03-01,car,hybrid,1
2009-06-01,car,hybrid,1
2009-11-01,car,hybrid,1
2010-06-01,car,hybrid,1
2010-12-01,car,hybrid,1
2011-01-01,car,hybrid,1
2011-02-01,car,hybrid,1
2011-03-01,car,hybrid,3
2011-05-01,car,hybrid,2
2011-06-01,car,hybrid,3
2011-07-01,car,hybrid,3
2011-08-01,car,hybrid,17
2011-09-01,car,hybrid,12
2011-10-01,car,hybrid,32
2011-11-01,car,hybrid,55
2011-12-01,car,hybrid,252
2012-01-01,car,hybrid,379
2012-02-01,car,hybrid,368
2012-03-01,car,hybrid,978
2012-04-01,car,hybrid,993
2012-05-01,car,hybrid,1232
2012-06-01,car,hybrid,1022
2012-07-01,car,hybrid,1623
2012-08-01,car,hybrid,1391
2012-09-01,car,hybrid,1074
2012-10-01,car,hybrid,1023
2012-11-01,car,hybrid,1161
2012-12-01,car,hybrid,1508
2013-01-01,car,hybrid,1218
2013-02-01,car,hybrid,636
2013-03-01,car,hybrid,1218
2013-04-01,car,hybrid,995
2013-05-01,car,hybrid,833
2013-06-01,car,hybrid,1061
2013-07-01,car,hybrid,1565
2013-08-01,car,hybrid,1866
2013-09-01,car,hybrid,1433
2013-10-01,car,hybrid,1774
2013-11-01,car,hybrid,1663
2013-12-01,car,hybrid,2538
2014-01-01,car,hybrid,1931
2014-02-01,car,hybrid,903
2014-03-01,car,hybrid,943
2014-04-01,car,hybrid,921
2014-05-01,car,hybrid,686
2014-06-01,car,hybrid,700
2014-07-01,car,hybrid,439
2014-08-01,car,hybrid,165
2014-09-01,car,hybrid,152
2014-10-01,car,hybrid,201
2014-11-01,car,hybrid,271
2014-12-01,car,hybrid,332
2015-01-01,car,hybrid,461
2015-02-01,car,hybrid,373
2015-03-01,car,hybrid,563
2015-04-01,car,hybrid,813
2015-05-01,car,hybrid,1141
2015-06-01,car,hybrid,964
2015-07-01,car,hybrid,809
2015-08-01,car,hybrid,742
2015-09-01,car,hybrid,786
2015-10-01,car,hybrid,968
2015-11-01,car,hybrid,1006
2015-12-01,car,hybrid,1017
2016-01-01,car,hybrid,490
2016-02-01,car,hybrid,311
2016-03-01,car,hybrid,458
2016-04-01,car,hybrid,447
2016-05-01,car,hybrid,491
2016-06-01,car,hybrid,613
2016-07-01,car,hybrid,470
2016-08-01,car,hybrid,514
2016-09-01,car,hybrid,489
2016-10-01,car,hybrid,453
2016-11-01,car,hybrid,514
2016-12-01,car,hybrid,606
2017-01-01,car,hybrid,749
2017-02-01,car,hybrid,452
2017-03-01,car,hybrid,644
2017-04-01,car,hybrid,564
2017-05-01,car,hybrid,568
2017-06-01,car,hybrid,490
2017-07-01,car,hybrid,486
2017-08-01,car,hybrid,944
2017-09-01,car,hybrid,747
2017-10-01,car,hybrid,1199
2017-11-01,car,hybrid,1242
2017-12-01,car,hybrid,1064
2018-01-01,car,hybrid,940
2018-02-01,car,hybrid,650
2018-03-01,car,hybrid,931
2018-04-01,car,hybrid,729
2018-05-01,car,hybrid,496
2018-06-01,car,hybrid,1372
2018-07-01,car,hybrid,1271
2018-08-01,car,hybrid,1012
2018-09-01,car,hybrid,54
2018-10-01,car,hybrid,62
2018-11-01,car,hybrid,110
2018-12-01,car,hybrid,122
2019-01-01,car,hybrid,323
2019-02-01,car,hybrid,291
2019-03-01,car,hybrid,550
2019-04-01,car,hybrid,581
2019-05-01,car,hybrid,607
2019-06-01,car,hybrid,350
2019-07-01,car,hybrid,469
2019-08-01,car,hybrid,458
2019-09-01,car,hybrid,584
2019-10-01,car,hybrid,534
2019-11-01,car,hybrid,629
2019-12-01,car,hybrid,590
2020-01-01,car,hybrid,413
2020-02-01,car,hybrid,243
2020-03-01,car,hybrid,147
2020-04-01,car,hybrid,1
2020-05-01,car,hybrid,87
2020-06-01,car,hybrid,287
2020-07-01,car,hybrid,188
2020-08-01,car,hybrid,134
2020-09-01,car,hybrid,99
2020-10-01,car,hybrid,109
2020-11-01,car,hybrid,87
2020-12-01,car,hybrid,133
2021-01-01,car,hybrid,59
2021-02-01,car,hybrid,118
2021-03-01,car,hybrid,459
2021-04-01,car,hybrid,357
2021-05-01,car,hybrid,340
2021-06-01,car,hybrid,10
2021-07-01,car,hybrid,60
2021-08-01,car,hybrid,96
2021-09-01,car,hybrid,304
2021-10-01,car,hybrid,313
2021-11-01,car,hybrid,299
2021-12-01,car,hybrid,316
2022-01-01,car,hybrid,311
2022-02-01,car,hybrid,434
2022-03-01,car,hybrid,1210
2022-04-01,car,hybrid,966
2022-05-01,car,hybrid,1130
2022-06-01,car,hybrid,1371
2022-07-01,car,hybrid,1220
2022-08-01,car,hybrid,1484
2022-09-01,car,hybrid,1700
2022-10-01,car,hybrid,1753
2022-11-01,car,hybrid,1905
2022-12-01,car,hybrid,1893
2023-01-01,car,hybrid,1316
2023-02-01,car,hybrid,2040
2023-03-01,car,hybrid,2072
2023-04-01,car,hybrid,1252
2023-05-01,car,hybrid,1416
2023-06-01,car,hybrid,1527
2023-07-01,car,hybrid,1276
2023-08-01,car,hybrid,1703
2023-09-01,car,hybrid,1809
2023-10-01,car,hybrid,2227
2023-11-01,car,hybrid,2646
2023-12-01,car,hybrid,2931
2024-01-01,car,hybrid,2101
2024-02-01,car,hybrid,1830
2024-03-01,car,hybrid,2261
2024-04-01,car,hybrid,1761
2024-05-01,car,hybrid,1870
2024-06-01,car,hybrid,1899
2024-07-01,car,hybrid,2119
2024-08-01,car,hybrid,1924
2024-09-01,car,hybrid,1688
2024-10-01,car,hybrid,1804
2024-11-01,car,hybrid,1863
2024-12-01,car,hybrid,3406
2025-01-01,car,hybrid,2249
2025-02-01,car,hybrid,2112
2025-03-01,car,hybrid,2772
2025-04-01,car,hybrid,2269
2025-05-01,car,hybrid,2695
2025-06-01,car,hybrid,2070
2025-07-01,car,hybrid,2476
2025-08-01,car,hybrid,2902
2025-09-01,car,hybrid,2399
2025-10-01,car,hybrid,2804
2025-11-01,car,hybrid,2550
2025-12-01,car,hybrid,3892
2026-01-01,car,hybrid,2155
2026-02-01,car,hybrid,2208
2026-03-01,car,hybrid,4093
2026-04-01,car,hybrid,4942
2000-01-01,car,other,143
2000-02-01,car,other,120
2000-03-01,car,other,196
2000-04-01,car,other,172
2000-05-01,car,other,236
2000-06-01,car,other,159
2000-07-01,car,other,157
2000-08-01,car,other,161
2000-09-01,car,other,156
2000-10-01,car,other,178
2000-11-01,car,other,188
2000-12-01,car,other,139
2001-01-01,car,other,105
2001-02-01,car,other,153
2001-03-01,car,other,250
2001-04-01,car,other,208
2001-05-01,car,other,205
2001-06-01,car,other,228
2001-07-01,car,other,251
2001-08-01,car,other,262
2001-09-01,car,other,290
2001-10-01,car,other,252
2001-11-01,car,other,338
2001-12-01,car,other,265
2002-01-01,car,other,346
2002-02-01,car,other,299
2002-03-01,car,other,406
2002-04-01,car,other,339
2002-05-01,car,other,360
2002-06-01,car,other,326
2002-07-01,car,other,375
2002-08-01,car,other,275
2002-09-01,car,other,330
2002-10-01,car,other,524
2002-11-01,car,other,425
2002-12-01,car,other,277
2003-01-01,car,other,554
2003-02-01,car,other,287
2003-03-01,car,other,476
2003-04-01,car,other,553
2003-05-01,car,other,356
2003-06-01,car,other,238
2003-07-01,car,other,471
2003-08-01,car,other,501
2003-09-01,car,other,428
2003-10-01,car,other,591
2003-11-01,car,other,381
2003-12-01,car,other,689
2004-01-01,car,other,416
2004-02-01,car,other,447
2004-03-01,car,other,604
2004-04-01,car,other,678
2004-05-01,car,other,730
2004-06-01,car,other,787
2004-07-01,car,other,874
2004-08-01,car,other,719
2004-09-01,car,other,830
2004-10-01,car,other,781
2004-11-01,car,other,396
2004-12-01,car,other,358
2005-01-01,car,other,328
2005-02-01,car,other,351
2005-03-01,car,other,546
2005-04-01,car,other,490
2005-05-01,car,other,470
2005-06-01,car,other,628
2005-07-01,car,other,629
2005-08-01,car,other,382
2005-09-01,car,other,452
2005-10-01,car,other,549
2005-11-01,car,other,518
2005-12-01,car,other,522
2006-01-01,car,other,390
2006-02-01,car,other,437
2006-03-01,car,other,595
2006-04-01,car,other,418
2006-05-01,car,other,452
2006-06-01,car,other,493
2006-07-01,car,other,327
2006-08-01,car,other,417
2006-09-01,car,other,454
2006-10-01,car,other,283
2006-11-01,car,other,325
2006-12-01,car,other,431
2007-01-01,car,other,365
2007-02-01,car,other,304
2007-03-01,car,other,275
2007-04-01,car,other,377
2007-05-01,car,other,413
2007-06-01,car,other,341
2007-07-01,car,other,473
2007-08-01,car,other,458
2007-09-01,car,other,397
2007-10-01,car,other,235
2007-11-01,car,other,308
2007-12-01,car,other,233
2008-01-01,car,other,405
2008-02-01,car,other,311
2008-03-01,car,other,425
2008-04-01,car,other,396
2008-05-01,car,other,291
2008-06-01,car,other,310
2008-07-01,car,other,399
2008-08-01,car,other,355
2008-09-01,car,other,377
2008-10-01,car,other,184
2008-11-01,car,other,193
2008-12-01,car,other,256
2009-01-01,car,other,257
2009-02-01,car,other,186
2009-03-01,car,other,252
2009-04-01,car,other,479
2009-05-01,car,other,415
2009-06-01,car,other,316
2009-07-01,car,other,349
2009-08-01,car,other,234
2009-09-01,car,other,307
2009-10-01,car,other,316
2009-11-01,car,other,201
2009-12-01,car,other,270
2010-01-01,car,other,289
2010-02-01,car,other,182
2010-03-01,car,other,429
2010-04-01,car,other,272
2010-05-01,car,other,303
2010-06-01,car,other,481
2010-07-01,car,other,538
2010-08-01,car,other,394
2010-09-01,car,other,286
2010-10-01,car,other,377
2010-11-01,car,other,305
2010-12-01,car,other,341
2011-01-01,car,other,310
2011-02-01,car,other,256
2011-03-01,car,other,428
2011-04-01,car,other,376
2011-05-01,car,other,477
2011-06-01,car,other,361
2011-07-01,car,other,332
2011-08-01,car,other,371
2011-09-01,car,other,273
2011-10-01,car,other,224
2011-11-01,car,other,184
2011-12-01,car,other,167
2012-01-01,car,other,170
2012-02-01,car,other,196
2012-03-01,car,other,282
2012-04-01,car,other,270
2012-05-01,car,other,316
2012-06-01,car,other,195
2012-07-01,car,other,242
2012-08-01,car,other,247
2012-09-01,car,other,170
2012-10-01,car,other,277
2012-11-01,car,other,227
2012-12-01,car,other,287
2013-01-01,car,other,145
2013-02-01,car,other,101
2013-03-01,car,other,275
2013-04-01,car,other,325
2013-05-01,car,other,222
2013-06-01,car,other,236
2013-07-01,car,other,319
2013-08-01,car,other,202
2013-09-01,car,other,286
2013-10-01,car,other,301
2013-11-01,car,other,211
2013-12-01,car,other,292
2014-01-01,car,other,244
2014-02-01,car,other,247
2014-03-01,car,other,338
2014-04-01,car,other,348
2014-05-01,car,other,325
2014-06-01,car,other,410
2014-07-01,car,other,302
2014-08-01,car,other,412
2014-09-01,car,other,442
2014-10-01,car,other,578
2014-11-01,car,other,264
2014-12-01,car,other,385
2015-01-01,car,other,96
2015-02-01,car,other,57
2015-03-01,car,other,192
2015-04-01,car,other,279
2015-05-01,car,other,162
2015-06-01,car,other,105
2015-07-01,car,other,75
2015-08-01,car,other,79
2015-09-01,car,other,116
2015-10-01,car,other,132
2015-11-01,car,other,122
2015-12-01,car,other,155
2016-01-01,car,other,225
2016-02-01,car,other,137
2016-03-01,car,other,248
2016-04-01,car,other,183
2016-05-01,car,other,171
2016-06-01,car,other,179
2016-07-01,car,other,148
2016-08-01,car,other,138
2016-09-01,car,other,127
2016-10-01,car,other,113
2016-11-01,car,other,75
2016-12-01,car,other,35
2017-01-01,car,other,10
2017-02-01,car,other,10
2017-03-01,car,other,19
2017-04-01,car,other,14
2017-05-01,car,other,16
2017-06-01,car,other,12
2017-07-01,car,other,11
2017-08-01,car,other,15
2017-09-01,car,other,14
2017-10-01,car,other,15
2017-11-01,car,other,14
2017-12-01,car,other,13
2018-01-01,car,other,4
2018-02-01,car,other,8
2018-03-01,car,other,19
2018-04-01,car,other,12
2018-05-01,car,other,11
2018-06-01,car,other,11
2018-07-01,car,other,10
2018-08-01,car,other,27
2018-09-01,car,other,1
2018-10-01,car,other,7
2018-11-01,car,other,17
2018-12-01,car,other,18
2019-01-01,car,other,27
2019-02-01,car,other,4
2019-03-01,car,other,5
2019-04-01,car,other,2
2019-05-01,car,other,13
2019-06-01,car,other,5
2019-07-01,car,other,12
2019-08-01,car,other,6
2019-09-01,car,other,4
2019-10-01,car,other,4
2019-11-01,car,other,7
2019-12-01,car,other,13
2020-01-01,car,other,3
2020-02-01,car,other,4
2020-03-01,car,other,2
2020-06-01,car,other,1
2020-07-01,car,other,3
2020-08-01,car,other,1
2020-09-01,car,other,3
2020-10-01,car,other,2
2020-11-01,car,other,1
2020-12-01,car,other,1
2021-03-01,car,other,1
2021-05-01,car,other,1
2021-07-01,car,other,1
2021-09-01,car,other,1
2021-10-01,car,other,1
2021-11-01,car,other,2
2022-04-01,car,other,1
2022-08-01,car,other,1
2022-10-01,car,other,2
2022-11-01,car,other,1
2023-01-01,car,other,2
2023-02-01,car,other,1
2023-03-01,car,other,1
2023-05-01,car,other,1
2023-08-01,car,other,1
2024-01-01,car,other,1
2024-05-01,car,other,1
2024-07-01,car,other,1
2025-06-01,car,other,1
2025-07-01,car,other,1
2025-08-01,car,other,1
2000-01-01,car,petrol,24780
2000-02-01,car,petrol,22992
2000-03-01,car,petrol,30631
2000-04-01,car,petrol,28112
2000-05-01,car,petrol,29629
2000-06-01,car,petrol,27545
2000-07-01,car,petrol,30224
2000-08-01,car,petrol,30891
2000-09-01,car,petrol,26593
2000-10-01,car,petrol,29917
2000-11-01,car,petrol,30988
2000-12-01,car,petrol,28390
2001-01-01,car,petrol,26533
2001-02-01,car,petrol,28770
2001-03-01,car,petrol,29928
2001-04-01,car,petrol,30123
2001-05-01,car,petrol,31932
2001-06-01,car,petrol,30785
2001-07-01,car,petrol,33999
2001-08-01,car,petrol,36648
2001-09-01,car,petrol,33622
2001-10-01,car,petrol,39641
2001-11-01,car,petrol,37696
2001-12-01,car,petrol,28206
2002-01-01,car,petrol,39685
2002-02-01,car,petrol,29396
2002-03-01,car,petrol,34634
2002-04-01,car,petrol,37545
2002-05-01,car,petrol,37237
2002-06-01,car,petrol,33942
2002-07-01,car,petrol,40140
2002-08-01,car,petrol,40214
2002-09-01,car,petrol,32108
2002-10-01,car,petrol,38160
2002-11-01,car,petrol,35638
2002-12-01,car,petrol,25263
2003-01-01,car,petrol,43109
2003-02-01,car,petrol,24353
2003-03-01,car,petrol,34585
2003-04-01,car,petrol,33656
2003-05-01,car,petrol,32378
2003-06-01,car,petrol,32668
2003-07-01,car,petrol,38455
2003-08-01,car,petrol,36393
2003-09-01,car,petrol,33753
2003-10-01,car,petrol,35374
2003-11-01,car,petrol,31996
2003-12-01,car,petrol,28863
2004-01-01,car,petrol,32898
2004-02-01,car,petrol,27797
2004-03-01,car,petrol,38797
2004-04-01,car,petrol,37919
2004-05-01,car,petrol,34575
2004-06-01,car,petrol,42467
2004-07-01,car,petrol,45560
2004-08-01,car,petrol,38125
2004-09-01,car,petrol,40400
2004-10-01,car,petrol,41572
2004-11-01,car,petrol,33526
2004-12-01,car,petrol,40683
2005-01-01,car,petrol,40380
2005-02-01,car,petrol,34043
2005-03-01,car,petrol,46223
2005-04-01,car,petrol,41831
2005-05-01,car,petrol,42106
2005-06-01,car,petrol,45912
2005-07-01,car,petrol,43067
2005-08-01,car,petrol,48643
2005-09-01,car,petrol,48234
2005-10-01,car,petrol,55739
2005-11-01,car,petrol,36481
2005-12-01,car,petrol,47408
2006-01-01,car,petrol,36414
2006-02-01,car,petrol,30956
2006-03-01,car,petrol,41508
2006-04-01,car,petrol,36777
2006-05-01,car,petrol,39999
2006-06-01,car,petrol,38163
2006-07-01,car,petrol,36939
2006-08-01,car,petrol,43581
2006-09-01,car,petrol,38985
2006-10-01,car,petrol,32862
2006-11-01,car,petrol,32437
2006-12-01,car,petrol,33153
2007-01-01,car,petrol,32638
2007-02-01,car,petrol,29230
2007-03-01,car,petrol,34411
2007-04-01,car,petrol,29941
2007-05-01,car,petrol,35890
2007-06-01,car,petrol,39748
2007-07-01,car,petrol,41726
2007-08-01,car,petrol,44512
2007-09-01,car,petrol,40977
2007-10-01,car,petrol,40076
2007-11-01,car,petrol,40707
2007-12-01,car,petrol,38123
2008-01-01,car,petrol,43466
2008-02-01,car,petrol,35565
2008-03-01,car,petrol,43019
2008-04-01,car,petrol,47244
2008-05-01,car,petrol,46473
2008-06-01,car,petrol,46977
2008-07-01,car,petrol,51959
2008-08-01,car,petrol,42076
2008-09-01,car,petrol,49649
2008-10-01,car,petrol,34069
2008-11-01,car,petrol,37331
2008-12-01,car,petrol,37202
2009-01-01,car,petrol,37238
2009-02-01,car,petrol,33806
2009-03-01,car,petrol,41872
2009-04-01,car,petrol,38314
2009-05-01,car,petrol,41608
2009-06-01,car,petrol,42179
2009-07-01,car,petrol,48735
2009-08-01,car,petrol,45828
2009-09-01,car,petrol,43774
2009-10-01,car,petrol,42647
2009-11-01,car,petrol,41887
2009-12-01,car,petrol,43162
2010-01-01,car,petrol,47783
2010-02-01,car,petrol,37734
2010-03-01,car,petrol,52485
2010-04-01,car,petrol,44342
2010-05-01,car,petrol,47565
2010-06-01,car,petrol,50279
2010-07-01,car,petrol,48610
2010-08-01,car,petrol,51190
2010-09-01,car,petrol,40372
2010-10-01,car,petrol,47074
2010-11-01,car,petrol,39184
2010-12-01,car,petrol,50652
2011-01-01,car,petrol,53872
2011-02-01,car,petrol,36056
2011-03-01,car,petrol,58003
2011-04-01,car,petrol,46225
2011-05-01,car,petrol,42022
2011-06-01,car,petrol,38670
2011-07-01,car,petrol,45471
2011-08-01,car,petrol,55311
2011-09-01,car,petrol,39794
2011-10-01,car,petrol,48470
2011-11-01,car,petrol,43356
2011-12-01,car,petrol,42926
2012-01-01,car,petrol,39145
2012-02-01,car,petrol,39320
2012-03-01,car,petrol,47949
2012-04-01,car,petrol,41660
2012-05-01,car,petrol,52035
2012-06-01,car,petrol,49885
2012-07-01,car,petrol,52194
2012-08-01,car,petrol,46570
2012-09-01,car,petrol,40185
2012-10-01,car,petrol,48281
2012-11-01,car,petrol,45536
2012-12-01,car,petrol,53087
2013-01-01,car,petrol,51261
2013-02-01,car,petrol,41841
2013-03-01,car,petrol,50539
2013-04-01,car,petrol,47314
2013-05-01,car,petrol,43249
2013-06-01,car,petrol,47305
2013-07-01,car,petrol,63243
2013-08-01,car,petrol,45131
2013-09-01,car,petrol,47288
2013-10-01,car,petrol,48532
2013-11-01,car,petrol,45098
2013-12-01,car,petrol,50273
2014-01-01,car,petrol,48682
2014-02-01,car,petrol,43340
2014-03-01,car,petrol,51793
2014-04-01,car,petrol,53797
2014-05-01,car,petrol,50777
2014-06-01,car,petrol,51932
2014-07-01,car,petrol,57843
2014-08-01,car,petrol,45214
2014-09-01,car,petrol,43020
2014-10-01,car,petrol,50211
2014-11-01,car,petrol,47813
2014-12-01,car,petrol,57735
2015-01-01,car,petrol,48131
2015-02-01,car,petrol,47434
2015-03-01,car,petrol,62734
2015-04-01,car,petrol,40518
2015-05-01,car,petrol,46159
2015-06-01,car,petrol,51684
2015-07-01,car,petrol,54526
2015-08-01,car,petrol,48007
2015-09-01,car,petrol,46088
2015-10-01,car,petrol,49764
2015-11-01,car,petrol,49534
2015-12-01,car,petrol,61414
2016-01-01,car,petrol,42984
2016-02-01,car,petrol,34942
2016-03-01,car,petrol,44910
2016-04-01,car,petrol,39137
2016-05-01,car,petrol,39751
2016-06-01,car,petrol,52856
2016-07-01,car,petrol,38443
2016-08-01,car,petrol,47485
2016-09-01,car,petrol,43771
2016-10-01,car,petrol,43411
2016-11-01,car,petrol,43983
2016-12-01,car,petrol,58290
2017-01-01,car,petrol,41810
2017-02-01,car,petrol,38877
2017-03-01,car,petrol,49740
2017-04-01,car,petrol,38415
2017-05-01,car,petrol,46504
2017-06-01,car,petrol,47080
2017-07-01,car,petrol,44018
2017-08-01,car,petrol,47216
2017-09-01,car,petrol,36438
2017-10-01,car,petrol,41541
2017-11-01,car,petrol,43239
2017-12-01,car,petrol,47853
2018-01-01,car,petrol,42043
2018-02-01,car,petrol,37741
2018-03-01,car,petrol,44563
2018-04-01,car,petrol,42903
2018-05-01,car,petrol,41619
2018-06-01,car,petrol,58613
2018-07-01,car,petrol,63380
2018-08-01,car,petrol,60645
2018-09-01,car,petrol,28287
2018-10-01,car,petrol,42823
2018-11-01,car,petrol,42707
2018-12-01,car,petrol,42916
2019-01-01,car,petrol,46110
2019-02-01,car,petrol,35829
2019-03-01,car,petrol,50665
2019-04-01,car,petrol,47092
2019-05-01,car,petrol,58423
2019-06-01,car,petrol,38204
2019-07-01,car,petrol,48585
2019-08-01,car,petrol,48464
2019-09-01,car,petrol,41495
2019-10-01,car,petrol,49788
2019-11-01,car,petrol,48449
2019-12-01,car,petrol,50647
2020-01-01,car,petrol,43987
2020-02-01,car,petrol,39674
2020-03-01,car,petrol,21038
2020-04-01,car,petrol,121
2020-05-01,car,petrol,22309
2020-06-01,car,petrol,43201
2020-07-01,car,petrol,57682
2020-08-01,car,petrol,51694
2020-09-01,car,petrol,56453
2020-10-01,car,petrol,56200
2020-11-01,car,petrol,54926
2020-12-01,car,petrol,65367
2021-01-01,car,petrol,32179
2021-02-01,car,petrol,40399
2021-03-01,car,petrol,60713
2021-04-01,car,petrol,56496
2021-05-01,car,petrol,45474
2021-06-01,car,petrol,1968
2021-07-01,car,petrol,6809
2021-08-01,car,petrol,17402
2021-09-01,car,petrol,40837
2021-10-01,car,petrol,61373
2021-11-01,car,petrol,58038
2021-12-01,car,petrol,61870
2022-01-01,car,petrol,38680
2022-02-01,car,petrol,41572
2022-03-01,car,petrol,66096
2022-04-01,car,petrol,54926
2022-05-01,car,petrol,46586
2022-06-01,car,petrol,58933
2022-07-01,car,petrol,47420
2022-08-01,car,petrol,63102
2022-09-01,car,petrol,59846
2022-10-01,car,petrol,57290
2022-11-01,car,petrol,60363
2022-12-01,car,petrol,67521
2023-01-01,car,petrol,47351
2023-02-01,car,petrol,57509
2023-03-01,car,petrol,70213
2023-04-01,car,petrol,45265
2023-05-01,car,petrol,58612
2023-06-01,car,petrol,55753
2023-07-01,car,petrol,61142
2023-08-01,car,petrol,67782
2023-09-01,car,petrol,61096
2023-10-01,car,petrol,69774
2023-11-01,car,petrol,67362
2023-12-01,car,petrol,68773
2024-01-01,car,petrol,61753
2024-02-01,car,petrol,60022
2024-03-01,car,petrol,65191
2024-04-01,car,petrol,56266
2024-05-01,car,petrol,64986
2024-06-01,car,petrol,53014
2024-07-01,car,petrol,68298
2024-08-01,car,petrol,68129
2024-09-01,car,petrol,54106
2024-10-01,car,petrol,67104
2024-11-01,car,petrol,64004
2024-12-01,car,petrol,71685
2025-01-01,car,petrol,47093
2025-02-01,car,petrol,59868
2025-03-01,car,petrol,67580
2025-04-01,car,petrol,56204
2025-05-01,car,petrol,63363
2025-06-01,car,petrol,49491
2025-07-01,car,petrol,65897
2025-08-01,car,petrol,67897
2025-09-01,car,petrol,52309
2025-10-01,car,petrol,69463
2025-11-01,car,petrol,65688
2025-12-01,car,petrol,78616
2026-01-01,car,petrol,56863
2026-02-01,car,petrol,47775
2026-03-01,car,petrol,55960
2026-04-01,car,petrol,63821
2000-01-01,lorry,all_fuels,959
2000-02-01,lorry,all_fuels,678
2000-03-01,lorry,all_fuels,1261
2000-04-01,lorry,all_fuels,1059
2000-05-01,lorry,all_fuels,1124
2000-06-01,lorry,all_fuels,1049
2000-07-01,lorry,all_fuels,1102
2000-08-01,lorry,all_fuels,1167
2000-09-01,lorry,all_fuels,1088
2000-10-01,lorry,all_fuels,1086
2000-11-01,lorry,all_fuels,1203
2000-12-01,lorry,all_fuels,906
2001-01-01,lorry,all_fuels,933
2001-02-01,lorry,all_fuels,819
2001-03-01,lorry,all_fuels,1073
2001-04-01,lorry,all_fuels,1076
2001-05-01,lorry,all_fuels,1052
2001-06-01,lorry,all_fuels,1069
2001-07-01,lorry,all_fuels,1104
2001-08-01,lorry,all_fuels,1228
2001-09-01,lorry,all_fuels,1049
2001-10-01,lorry,all_fuels,1092
2001-11-01,lorry,all_fuels,1067
2001-12-01,lorry,all_fuels,920
2002-01-01,lorry,all_fuels,1154
2002-02-01,lorry,all_fuels,731
2002-03-01,lorry,all_fuels,1244
2002-04-01,lorry,all_fuels,1373
2002-05-01,lorry,all_fuels,1383
2002-06-01,lorry,all_fuels,1231
2002-07-01,lorry,all_fuels,1455
2002-08-01,lorry,all_fuels,1336
2002-09-01,lorry,all_fuels,1322
2002-10-01,lorry,all_fuels,1494
2002-11-01,lorry,all_fuels,1246
2002-12-01,lorry,all_fuels,1045
2003-01-01,lorry,all_fuels,1555
2003-02-01,lorry,all_fuels,723
2003-03-01,lorry,all_fuels,1540
2003-04-01,lorry,all_fuels,1641
2003-05-01,lorry,all_fuels,1383
2003-06-01,lorry,all_fuels,1582
2003-07-01,lorry,all_fuels,1812
2003-08-01,lorry,all_fuels,1649
2003-09-01,lorry,all_fuels,1436
2003-10-01,lorry,all_fuels,1588
2003-11-01,lorry,all_fuels,1293
2003-12-01,lorry,all_fuels,1615
2004-01-01,lorry,all_fuels,1270
2004-02-01,lorry,all_fuels,1115
2004-03-01,lorry,all_fuels,1928
2004-04-01,lorry,all_fuels,1880
2004-05-01,lorry,all_fuels,1616
2004-06-01,lorry,all_fuels,1832
2004-07-01,lorry,all_fuels,1932
2004-08-01,lorry,all_fuels,1657
2004-09-01,lorry,all_fuels,1975
2004-10-01,lorry,all_fuels,1951
2004-11-01,lorry,all_fuels,1348
2004-12-01,lorry,all_fuels,1750
2005-01-01,lorry,all_fuels,1720
2005-02-01,lorry,all_fuels,1297
2005-03-01,lorry,all_fuels,2033
2005-04-01,lorry,all_fuels,1858
2005-05-01,lorry,all_fuels,1871
2005-06-01,lorry,all_fuels,1907
2005-07-01,lorry,all_fuels,1833
2005-08-01,lorry,all_fuels,1880
2005-09-01,lorry,all_fuels,1858
2005-10-01,lorry,all_fuels,1950
2005-11-01,lorry,all_fuels,1436
2005-12-01,lorry,all_fuels,1822
2006-01-01,lorry,all_fuels,1618
2006-02-01,lorry,all_fuels,1307
2006-03-01,lorry,all_fuels,2156
2006-04-01,lorry,all_fuels,1908
2006-05-01,lorry,all_fuels,1929
2006-06-01,lorry,all_fuels,1824
2006-07-01,lorry,all_fuels,1854
2006-08-01,lorry,all_fuels,2078
2006-09-01,lorry,all_fuels,2121
2006-10-01,lorry,all_fuels,1653
2006-11-01,lorry,all_fuels,2037
2006-12-01,lorry,all_fuels,1793
2007-01-01,lorry,all_fuels,1930
2007-02-01,lorry,all_fuels,1512
2007-03-01,lorry,all_fuels,1750
2007-04-01,lorry,all_fuels,2019
2007-05-01,lorry,all_fuels,2209
2007-06-01,lorry,all_fuels,2013
2007-07-01,lorry,all_fuels,2327
2007-08-01,lorry,all_fuels,2508
2007-09-01,lorry,all_fuels,2235
2007-10-01,lorry,all_fuels,2174
2007-11-01,lorry,all_fuels,2523
2007-12-01,lorry,all_fuels,2296
2008-01-01,lorry,all_fuels,2518
2008-02-01,lorry,all_fuels,1876
2008-03-01,lorry,all_fuels,2396
2008-04-01,lorry,all_fuels,2882
2008-05-01,lorry,all_fuels,2641
2008-06-01,lorry,all_fuels,2746
2008-07-01,lorry,all_fuels,2265
2008-08-01,lorry,all_fuels,1861
2008-09-01,lorry,all_fuels,2049
2008-10-01,lorry,all_fuels,1939
2008-11-01,lorry,all_fuels,2692
2008-12-01,lorry,all_fuels,2230
2009-01-01,lorry,all_fuels,1734
2009-02-01,lorry,all_fuels,1438
2009-03-01,lorry,all_fuels,2044
2009-04-01,lorry,all_fuels,1890
2009-05-01,lorry,all_fuels,1790
2009-06-01,lorry,all_fuels,1937
2009-07-01,lorry,all_fuels,2559
2009-08-01,lorry,all_fuels,2137
2009-09-01,lorry,all_fuels,1843
2009-10-01,lorry,all_fuels,2153
2009-11-01,lorry,all_fuels,2092
2009-12-01,lorry,all_fuels,2352
2010-01-01,lorry,all_fuels,2133
2010-02-01,lorry,all_fuels,1696
2010-03-01,lorry,all_fuels,2559
2010-04-01,lorry,all_fuels,2398
2010-05-01,lorry,all_fuels,2107
2010-06-01,lorry,all_fuels,3018
2010-07-01,lorry,all_fuels,2576
2010-08-01,lorry,all_fuels,2492
2010-09-01,lorry,all_fuels,1870
2010-10-01,lorry,all_fuels,2245
2010-11-01,lorry,all_fuels,2011
2010-12-01,lorry,all_fuels,2102
2011-01-01,lorry,all_fuels,2112
2011-02-01,lorry,all_fuels,1249
2011-03-01,lorry,all_fuels,2349
2011-04-01,lorry,all_fuels,2259
2011-05-01,lorry,all_fuels,2359
2011-06-01,lorry,all_fuels,2408
2011-07-01,lorry,all_fuels,2354
2011-08-01,lorry,all_fuels,2368
2011-09-01,lorry,all_fuels,1880
2011-10-01,lorry,all_fuels,2155
2011-11-01,lorry,all_fuels,2170
2011-12-01,lorry,all_fuels,2402
2012-01-01,lorry,all_fuels,1847
2012-02-01,lorry,all_fuels,1834
2012-03-01,lorry,all_fuels,2411
2012-04-01,lorry,all_fuels,2134
2012-05-01,lorry,all_fuels,2338
2012-06-01,lorry,all_fuels,2270
2012-07-01,lorry,all_fuels,2695
2012-08-01,lorry,all_fuels,2090
2012-09-01,lorry,all_fuels,2092
2012-10-01,lorry,all_fuels,2527
2012-11-01,lorry,all_fuels,2312
2012-12-01,lorry,all_fuels,2383
2013-01-01,lorry,all_fuels,2229
2013-02-01,lorry,all_fuels,1594
2013-03-01,lorry,all_fuels,2225
2013-04-01,lorry,all_fuels,2865
2013-05-01,lorry,all_fuels,2460
2013-06-01,lorry,all_fuels,2321
2013-07-01,lorry,all_fuels,2786
2013-08-01,lorry,all_fuels,2354
2013-09-01,lorry,all_fuels,2150
2013-10-01,lorry,all_fuels,2444
2013-11-01,lorry,all_fuels,2294
2013-12-01,lorry,all_fuels,2486
2014-01-01,lorry,all_fuels,2276
2014-02-01,lorry,all_fuels,1547
2014-03-01,lorry,all_fuels,2436
2014-04-01,lorry,all_fuels,2422
2014-05-01,lorry,all_fuels,2111
2014-06-01,lorry,all_fuels,2278
2014-07-01,lorry,all_fuels,2261
2014-08-01,lorry,all_fuels,2182
2014-09-01,lorry,all_fuels,2320
2014-10-01,lorry,all_fuels,2202
2014-11-01,lorry,all_fuels,2036
2014-12-01,lorry,all_fuels,2970
2015-01-01,lorry,all_fuels,1868
2015-02-01,lorry,all_fuels,1570
2015-03-01,lorry,all_fuels,3282
2015-04-01,lorry,all_fuels,1585
2015-05-01,lorry,all_fuels,1781
2015-06-01,lorry,all_fuels,2053
2015-07-01,lorry,all_fuels,1896
2015-08-01,lorry,all_fuels,2031
2015-09-01,lorry,all_fuels,1862
2015-10-01,lorry,all_fuels,1962
2015-11-01,lorry,all_fuels,1885
2015-12-01,lorry,all_fuels,2065
2016-01-01,lorry,all_fuels,1715
2016-02-01,lorry,all_fuels,1376
2016-03-01,lorry,all_fuels,2138
2016-04-01,lorry,all_fuels,2117
2016-05-01,lorry,all_fuels,2020
2016-06-01,lorry,all_fuels,2142
2016-07-01,lorry,all_fuels,1549
2016-08-01,lorry,all_fuels,1964
2016-09-01,lorry,all_fuels,1713
2016-10-01,lorry,all_fuels,1749
2016-11-01,lorry,all_fuels,1828
2016-12-01,lorry,all_fuels,1925
2017-01-01,lorry,all_fuels,1485
2017-02-01,lorry,all_fuels,1274
2017-03-01,lorry,all_fuels,1944
2017-04-01,lorry,all_fuels,1685
2017-05-01,lorry,all_fuels,1794
2017-06-01,lorry,all_fuels,1765
2017-07-01,lorry,all_fuels,1825
2017-08-01,lorry,all_fuels,2125
2017-09-01,lorry,all_fuels,1642
2017-10-01,lorry,all_fuels,1911
2017-11-01,lorry,all_fuels,2059
2017-12-01,lorry,all_fuels,1795
2018-01-01,lorry,all_fuels,1849
2018-02-01,lorry,all_fuels,1506
2018-03-01,lorry,all_fuels,2022
2018-04-01,lorry,all_fuels,2071
2018-05-01,lorry,all_fuels,1681
2018-06-01,lorry,all_fuels,1576
2018-07-01,lorry,all_fuels,2024
2018-08-01,lorry,all_fuels,2923
2018-09-01,lorry,all_fuels,1758
2018-10-01,lorry,all_fuels,2138
2018-11-01,lorry,all_fuels,1781
2018-12-01,lorry,all_fuels,1987
2019-01-01,lorry,all_fuels,1780
2019-02-01,lorry,all_fuels,1036
2019-03-01,lorry,all_fuels,1800
2019-04-01,lorry,all_fuels,1917
2019-05-01,lorry,all_fuels,1920
2019-06-01,lorry,all_fuels,1419
2019-07-01,lorry,all_fuels,1773
2019-08-01,lorry,all_fuels,1632
2019-09-01,lorry,all_fuels,1514
2019-10-01,lorry,all_fuels,1721
2019-11-01,lorry,all_fuels,1689
2019-12-01,lorry,all_fuels,1990
2020-01-01,lorry,all_fuels,1270
2020-02-01,lorry,all_fuels,1349
2020-03-01,lorry,all_fuels,1017
2020-05-01,lorry,all_fuels,910
2020-06-01,lorry,all_fuels,1618
2020-07-01,lorry,all_fuels,2127
2020-08-01,lorry,all_fuels,1870
2020-09-01,lorry,all_fuels,2219
2020-10-01,lorry,all_fuels,2236
2020-11-01,lorry,all_fuels,1973
2020-12-01,lorry,all_fuels,2141
2021-01-01,lorry,all_fuels,1599
2021-02-01,lorry,all_fuels,1638
2021-03-01,lorry,all_fuels,2128
2021-04-01,lorry,all_fuels,2143
2021-05-01,lorry,all_fuels,1820
2021-06-01,lorry,all_fuels,2
2021-07-01,lorry,all_fuels,1239
2021-08-01,lorry,all_fuels,1460
2021-09-01,lorry,all_fuels,2126
2021-10-01,lorry,all_fuels,1965
2021-11-01,lorry,all_fuels,2218
2021-12-01,lorry,all_fuels,2666
2022-01-01,lorry,all_fuels,2134
2022-02-01,lorry,all_fuels,1389
2022-03-01,lorry,all_fuels,2282
2022-04-01,lorry,all_fuels,2103
2022-05-01,lorry,all_fuels,1664
2022-06-01,lorry,all_fuels,2177
2022-07-01,lorry,all_fuels,2002
2022-08-01,lorry,all_fuels,2165
2022-09-01,lorry,all_fuels,2324
2022-10-01,lorry,all_fuels,2221
2022-11-01,lorry,all_fuels,2136
2022-12-01,lorry,all_fuels,2600
2023-01-01,lorry,all_fuels,1698
2023-02-01,lorry,all_fuels,1714
2023-03-01,lorry,all_fuels,2338
2023-04-01,lorry,all_fuels,1742
2023-05-01,lorry,all_fuels,2184
2023-06-01,lorry,all_fuels,2131
2023-07-01,lorry,all_fuels,2137
2023-08-01,lorry,all_fuels,2137
2023-09-01,lorry,all_fuels,2032
2023-10-01,lorry,all_fuels,2309
2023-11-01,lorry,all_fuels,2142
2023-12-01,lorry,all_fuels,2052
2024-01-01,lorry,all_fuels,2084
2024-02-01,lorry,all_fuels,1632
2024-03-01,lorry,all_fuels,2054
2024-04-01,lorry,all_fuels,1879
2024-05-01,lorry,all_fuels,2076
2024-06-01,lorry,all_fuels,1779
2024-07-01,lorry,all_fuels,2140
2024-08-01,lorry,all_fuels,2171
2024-09-01,lorry,all_fuels,2125
2024-10-01,lorry,all_fuels,1915
2024-11-01,lorry,all_fuels,1767
2024-12-01,lorry,all_fuels,2742
2025-01-01,lorry,all_fuels,1056
2025-02-01,lorry,all_fuels,1177
2025-03-01,lorry,all_fuels,1663
2025-04-01,lorry,all_fuels,1780
2025-05-01,lorry,all_fuels,1999
2025-06-01,lorry,all_fuels,1958
2025-07-01,lorry,all_fuels,2289
2025-08-01,lorry,all_fuels,1948
2025-09-01,lorry,all_fuels,1739
2025-10-01,lorry,all_fuels,2121
2025-11-01,lorry,all_fuels,1751
2025-12-01,lorry,all_fuels,2218
2026-01-01,lorry,all_fuels,1771
2026-02-01,lorry,all_fuels,1429
2026-03-01,lorry,all_fuels,1676
2026-04-01,lorry,all_fuels,1913
2000-01-01,lorry,diesel,281
2000-02-01,lorry,diesel,194
2000-03-01,lorry,diesel,328
2000-04-01,lorry,diesel,260
2000-05-01,lorry,diesel,277
2000-06-01,lorry,diesel,241
2000-07-01,lorry,diesel,268
2000-08-01,lorry,diesel,291
2000-09-01,lorry,diesel,250
2000-10-01,lorry,diesel,220
2000-11-01,lorry,diesel,263
2000-12-01,lorry,diesel,213
2001-01-01,lorry,diesel,201
2001-02-01,lorry,diesel,209
2001-03-01,lorry,diesel,227
2001-04-01,lorry,diesel,222
2001-05-01,lorry,diesel,215
2001-06-01,lorry,diesel,231
2001-07-01,lorry,diesel,219
2001-08-01,lorry,diesel,226
2001-09-01,lorry,diesel,207
2001-10-01,lorry,diesel,200
2001-11-01,lorry,diesel,170
2001-12-01,lorry,diesel,161
2002-01-01,lorry,diesel,155
2002-02-01,lorry,diesel,94
2002-03-01,lorry,diesel,178
2002-04-01,lorry,diesel,160
2002-05-01,lorry,diesel,187
2002-06-01,lorry,diesel,170
2002-07-01,lorry,diesel,227
2002-08-01,lorry,diesel,229
2002-09-01,lorry,diesel,214
2002-10-01,lorry,diesel,246
2002-11-01,lorry,diesel,185
2002-12-01,lorry,diesel,139
2003-01-01,lorry,diesel,188
2003-02-01,lorry,diesel,117
2003-03-01,lorry,diesel,198
2003-04-01,lorry,diesel,185
2003-05-01,lorry,diesel,180
2003-06-01,lorry,diesel,220
2003-07-01,lorry,diesel,248
2003-08-01,lorry,diesel,217
2003-09-01,lorry,diesel,188
2003-10-01,lorry,diesel,254
2003-11-01,lorry,diesel,230
2003-12-01,lorry,diesel,286
2004-01-01,lorry,diesel,239
2004-02-01,lorry,diesel,174
2004-03-01,lorry,diesel,367
2004-04-01,lorry,diesel,288
2004-05-01,lorry,diesel,257
2004-06-01,lorry,diesel,299
2004-07-01,lorry,diesel,320
2004-08-01,lorry,diesel,321
2004-09-01,lorry,diesel,382
2004-10-01,lorry,diesel,443
2004-11-01,lorry,diesel,286
2004-12-01,lorry,diesel,356
2005-01-01,lorry,diesel,362
2005-02-01,lorry,diesel,303
2005-03-01,lorry,diesel,395
2005-04-01,lorry,diesel,333
2005-05-01,lorry,diesel,367
2005-06-01,lorry,diesel,407
2005-07-01,lorry,diesel,378
2005-08-01,lorry,diesel,400
2005-09-01,lorry,diesel,418
2005-10-01,lorry,diesel,439
2005-11-01,lorry,diesel,352
2005-12-01,lorry,diesel,427
2006-01-01,lorry,diesel,377
2006-02-01,lorry,diesel,325
2006-03-01,lorry,diesel,536
2006-04-01,lorry,diesel,439
2006-05-01,lorry,diesel,518
2006-06-01,lorry,diesel,500
2006-07-01,lorry,diesel,538
2006-08-01,lorry,diesel,630
2006-09-01,lorry,diesel,631
2006-10-01,lorry,diesel,530
2006-11-01,lorry,diesel,667
2006-12-01,lorry,diesel,565
2007-01-01,lorry,diesel,732
2007-02-01,lorry,diesel,567
2007-03-01,lorry,diesel,672
2007-04-01,lorry,diesel,752
2007-05-01,lorry,diesel,787
2007-06-01,lorry,diesel,779
2007-07-01,lorry,diesel,860
2007-08-01,lorry,diesel,954
2007-09-01,lorry,diesel,929
2007-10-01,lorry,diesel,907
2007-11-01,lorry,diesel,1117
2007-12-01,lorry,diesel,931
2008-01-01,lorry,diesel,1158
2008-02-01,lorry,diesel,903
2008-03-01,lorry,diesel,990
2008-04-01,lorry,diesel,1261
2008-05-01,lorry,diesel,1079
2008-06-01,lorry,diesel,1178
2008-07-01,lorry,diesel,415
2008-08-01,lorry,diesel,277
2008-09-01,lorry,diesel,526
2008-10-01,lorry,diesel,456
2008-11-01,lorry,diesel,1182
2008-12-01,lorry,diesel,907
2009-01-01,lorry,diesel,608
2009-02-01,lorry,diesel,485
2009-03-01,lorry,diesel,707
2009-04-01,lorry,diesel,704
2009-05-01,lorry,diesel,686
2009-06-01,lorry,diesel,696
2009-07-01,lorry,diesel,945
2009-08-01,lorry,diesel,788
2009-09-01,lorry,diesel,746
2009-10-01,lorry,diesel,832
2009-11-01,lorry,diesel,807
2009-12-01,lorry,diesel,943
2010-01-01,lorry,diesel,763
2010-02-01,lorry,diesel,701
2010-03-01,lorry,diesel,993
2010-04-01,lorry,diesel,869
2010-05-01,lorry,diesel,778
2010-06-01,lorry,diesel,1418
2010-07-01,lorry,diesel,905
2010-08-01,lorry,diesel,952
2010-09-01,lorry,diesel,670
2010-10-01,lorry,diesel,797
2010-11-01,lorry,diesel,735
2010-12-01,lorry,diesel,762
2011-01-01,lorry,diesel,787
2011-02-01,lorry,diesel,467
2011-03-01,lorry,diesel,859
2011-04-01,lorry,diesel,777
2011-05-01,lorry,diesel,781
2011-06-01,lorry,diesel,826
2011-07-01,lorry,diesel,794
2011-08-01,lorry,diesel,853
2011-09-01,lorry,diesel,672
2011-10-01,lorry,diesel,724
2011-11-01,lorry,diesel,723
2011-12-01,lorry,diesel,817
2012-01-01,lorry,diesel,549
2012-02-01,lorry,diesel,606
2012-03-01,lorry,diesel,723
2012-04-01,lorry,diesel,682
2012-05-01,lorry,diesel,739
2012-06-01,lorry,diesel,686
2012-07-01,lorry,diesel,825
2012-08-01,lorry,diesel,696
2012-09-01,lorry,diesel,670
2012-10-01,lorry,diesel,802
2012-11-01,lorry,diesel,725
2012-12-01,lorry,diesel,666
2013-01-01,lorry,diesel,749
2013-02-01,lorry,diesel,500
2013-03-01,lorry,diesel,634
2013-04-01,lorry,diesel,873
2013-05-01,lorry,diesel,710
2013-06-01,lorry,diesel,763
2013-07-01,lorry,diesel,761
2013-08-01,lorry,diesel,751
2013-09-01,lorry,diesel,691
2013-10-01,lorry,diesel,727
2013-11-01,lorry,diesel,649
2013-12-01,lorry,diesel,621
2014-01-01,lorry,diesel,772
2014-02-01,lorry,diesel,473
2014-03-01,lorry,diesel,797
2014-04-01,lorry,diesel,717
2014-05-01,lorry,diesel,612
2014-06-01,lorry,diesel,609
2014-07-01,lorry,diesel,667
2014-08-01,lorry,diesel,632
2014-09-01,lorry,diesel,760
2014-10-01,lorry,diesel,586
2014-11-01,lorry,diesel,544
2014-12-01,lorry,diesel,592
2015-01-01,lorry,diesel,561
2015-02-01,lorry,diesel,442
2015-03-01,lorry,diesel,916
2015-04-01,lorry,diesel,544
2015-05-01,lorry,diesel,437
2015-06-01,lorry,diesel,484
2015-07-01,lorry,diesel,476
2015-08-01,lorry,diesel,498
2015-09-01,lorry,diesel,497
2015-10-01,lorry,diesel,501
2015-11-01,lorry,diesel,470
2015-12-01,lorry,diesel,424
2016-01-01,lorry,diesel,440
2016-02-01,lorry,diesel,338
2016-03-01,lorry,diesel,522
2016-04-01,lorry,diesel,516
2016-05-01,lorry,diesel,461
2016-06-01,lorry,diesel,457
2016-07-01,lorry,diesel,348
2016-08-01,lorry,diesel,480
2016-09-01,lorry,diesel,411
2016-10-01,lorry,diesel,416
2016-11-01,lorry,diesel,462
2016-12-01,lorry,diesel,422
2017-01-01,lorry,diesel,398
2017-02-01,lorry,diesel,375
2017-03-01,lorry,diesel,467
2017-04-01,lorry,diesel,426
2017-05-01,lorry,diesel,449
2017-06-01,lorry,diesel,426
2017-07-01,lorry,diesel,443
2017-08-01,lorry,diesel,580
2017-09-01,lorry,diesel,391
2017-10-01,lorry,diesel,533
2017-11-01,lorry,diesel,560
2017-12-01,lorry,diesel,448
2018-01-01,lorry,diesel,535
2018-02-01,lorry,diesel,444
2018-03-01,lorry,diesel,497
2018-04-01,lorry,diesel,547
2018-05-01,lorry,diesel,411
2018-06-01,lorry,diesel,404
2018-07-01,lorry,diesel,525
2018-08-01,lorry,diesel,516
2018-09-01,lorry,diesel,412
2018-10-01,lorry,diesel,553
2018-11-01,lorry,diesel,454
2018-12-01,lorry,diesel,472
2019-01-01,lorry,diesel,487
2019-02-01,lorry,diesel,330
2019-03-01,lorry,diesel,414
2019-04-01,lorry,diesel,515
2019-05-01,lorry,diesel,515
2019-06-01,lorry,diesel,372
2019-07-01,lorry,diesel,500
2019-08-01,lorry,diesel,443
2019-09-01,lorry,diesel,425
2019-10-01,lorry,diesel,467
2019-11-01,lorry,diesel,448
2019-12-01,lorry,diesel,442
2020-01-01,lorry,diesel,401
2020-02-01,lorry,diesel,400
2020-03-01,lorry,diesel,316
2020-05-01,lorry,diesel,261
2020-06-01,lorry,diesel,488
2020-07-01,lorry,diesel,556
2020-08-01,lorry,diesel,497
2020-09-01,lorry,diesel,612
2020-10-01,lorry,diesel,673
2020-11-01,lorry,diesel,671
2020-12-01,lorry,diesel,655
2021-01-01,lorry,diesel,573
2021-02-01,lorry,diesel,537
2021-03-01,lorry,diesel,712
2021-04-01,lorry,diesel,707
2021-05-01,lorry,diesel,608
2021-07-01,lorry,diesel,528
2021-08-01,lorry,diesel,556
2021-09-01,lorry,diesel,800
2021-10-01,lorry,diesel,676
2021-11-01,lorry,diesel,695
2021-12-01,lorry,diesel,736
2022-01-01,lorry,diesel,656
2022-02-01,lorry,diesel,476
2022-03-01,lorry,diesel,744
2022-04-01,lorry,diesel,654
2022-05-01,lorry,diesel,451
2022-06-01,lorry,diesel,551
2022-07-01,lorry,diesel,530
2022-08-01,lorry,diesel,550
2022-09-01,lorry,diesel,563
2022-10-01,lorry,diesel,536
2022-11-01,lorry,diesel,517
2022-12-01,lorry,diesel,646
2023-01-01,lorry,diesel,424
2023-02-01,lorry,diesel,470
2023-03-01,lorry,diesel,620
2023-04-01,lorry,diesel,491
2023-05-01,lorry,diesel,577
2023-06-01,lorry,diesel,563
2023-07-01,lorry,diesel,579
2023-08-01,lorry,diesel,594
2023-09-01,lorry,diesel,554
2023-10-01,lorry,diesel,625
2023-11-01,lorry,diesel,600
2023-12-01,lorry,diesel,555
2024-01-01,lorry,diesel,532
2024-02-01,lorry,diesel,413
2024-03-01,lorry,diesel,551
2024-04-01,lorry,diesel,524
2024-05-01,lorry,diesel,547
2024-06-01,lorry,diesel,545
2024-07-01,lorry,diesel,598
2024-08-01,lorry,diesel,695
2024-09-01,lorry,diesel,572
2024-10-01,lorry,diesel,686
2024-11-01,lorry,diesel,611
2024-12-01,lorry,diesel,654
2025-01-01,lorry,diesel,438
2025-02-01,lorry,diesel,502
2025-03-01,lorry,diesel,648
2025-04-01,lorry,diesel,676
2025-05-01,lorry,diesel,776
2025-06-01,lorry,diesel,772
2025-07-01,lorry,diesel,978
2025-08-01,lorry,diesel,755
2025-09-01,lorry,diesel,825
2025-10-01,lorry,diesel,934
2025-11-01,lorry,diesel,674
2025-12-01,lorry,diesel,818
2026-01-01,lorry,diesel,594
2026-02-01,lorry,diesel,616
2026-03-01,lorry,diesel,652
2026-04-01,lorry,diesel,751
2024-02-01,lorry,electric,1
2024-03-01,lorry,electric,1
2024-08-01,lorry,electric,1
2024-09-01,lorry,electric,1
2024-11-01,lorry,electric,2
2024-12-01,lorry,electric,3
2025-02-01,lorry,electric,13
2025-04-01,lorry,electric,1
2025-05-01,lorry,electric,3
2025-06-01,lorry,electric,4
2025-07-01,lorry,electric,7
2025-09-01,lorry,electric,2
2025-10-01,lorry,electric,3
2025-11-01,lorry,electric,3
2025-12-01,lorry,electric,3
2026-01-01,lorry,electric,4
2026-02-01,lorry,electric,2
2026-03-01,lorry,electric,7
2026-04-01,lorry,electric,4
2000-01-01,lorry,greendiesel,572
2000-02-01,lorry,greendiesel,404
2000-03-01,lorry,greendiesel,775
2000-04-01,lorry,greendiesel,643
2000-05-01,lorry,greendiesel,724
2000-06-01,lorry,greendiesel,636
2000-07-01,lorry,greendiesel,674
2000-08-01,lorry,greendiesel,707
2000-09-01,lorry,greendiesel,680
2000-10-01,lorry,greendiesel,738
2000-11-01,lorry,greendiesel,821
2000-12-01,lorry,greendiesel,606
2001-01-01,lorry,greendiesel,652
2001-02-01,lorry,greendiesel,520
2001-03-01,lorry,greendiesel,729
2001-04-01,lorry,greendiesel,751
2001-05-01,lorry,greendiesel,749
2001-06-01,lorry,greendiesel,717
2001-07-01,lorry,greendiesel,799
2001-08-01,lorry,greendiesel,897
2001-09-01,lorry,greendiesel,727
2001-10-01,lorry,greendiesel,763
2001-11-01,lorry,greendiesel,797
2001-12-01,lorry,greendiesel,678
2002-01-01,lorry,greendiesel,888
2002-02-01,lorry,greendiesel,571
2002-03-01,lorry,greendiesel,931
2002-04-01,lorry,greendiesel,1069
2002-05-01,lorry,greendiesel,1077
2002-06-01,lorry,greendiesel,954
2002-07-01,lorry,greendiesel,1115
2002-08-01,lorry,greendiesel,1012
2002-09-01,lorry,greendiesel,993
2002-10-01,lorry,greendiesel,1097
2002-11-01,lorry,greendiesel,914
2002-12-01,lorry,greendiesel,791
2003-01-01,lorry,greendiesel,1236
2003-02-01,lorry,greendiesel,541
2003-03-01,lorry,greendiesel,1209
2003-04-01,lorry,greendiesel,1293
2003-05-01,lorry,greendiesel,1078
2003-06-01,lorry,greendiesel,1193
2003-07-01,lorry,greendiesel,1396
2003-08-01,lorry,greendiesel,1285
2003-09-01,lorry,greendiesel,1114
2003-10-01,lorry,greendiesel,1182
2003-11-01,lorry,greendiesel,966
2003-12-01,lorry,greendiesel,1181
2004-01-01,lorry,greendiesel,930
2004-02-01,lorry,greendiesel,864
2004-03-01,lorry,greendiesel,1413
2004-04-01,lorry,greendiesel,1444
2004-05-01,lorry,greendiesel,1238
2004-06-01,lorry,greendiesel,1399
2004-07-01,lorry,greendiesel,1437
2004-08-01,lorry,greendiesel,1184
2004-09-01,lorry,greendiesel,1429
2004-10-01,lorry,greendiesel,1346
2004-11-01,lorry,greendiesel,943
2004-12-01,lorry,greendiesel,1249
2005-01-01,lorry,greendiesel,1235
2005-02-01,lorry,greendiesel,909
2005-03-01,lorry,greendiesel,1481
2005-04-01,lorry,greendiesel,1391
2005-05-01,lorry,greendiesel,1353
2005-06-01,lorry,greendiesel,1346
2005-07-01,lorry,greendiesel,1314
2005-08-01,lorry,greendiesel,1338
2005-09-01,lorry,greendiesel,1299
2005-10-01,lorry,greendiesel,1370
2005-11-01,lorry,greendiesel,972
2005-12-01,lorry,greendiesel,1264
2006-01-01,lorry,greendiesel,1132
2006-02-01,lorry,greendiesel,891
2006-03-01,lorry,greendiesel,1470
2006-04-01,lorry,greendiesel,1323
2006-05-01,lorry,greendiesel,1291
2006-06-01,lorry,greendiesel,1171
2006-07-01,lorry,greendiesel,1150
2006-08-01,lorry,greendiesel,1302
2006-09-01,lorry,greendiesel,1366
2006-10-01,lorry,greendiesel,1027
2006-11-01,lorry,greendiesel,1242
2006-12-01,lorry,greendiesel,1117
2007-01-01,lorry,greendiesel,1089
2007-02-01,lorry,greendiesel,853
2007-03-01,lorry,greendiesel,970
2007-04-01,lorry,greendiesel,1116
2007-05-01,lorry,greendiesel,1271
2007-06-01,lorry,greendiesel,1105
2007-07-01,lorry,greendiesel,1324
2007-08-01,lorry,greendiesel,1414
2007-09-01,lorry,greendiesel,1185
2007-10-01,lorry,greendiesel,1135
2007-11-01,lorry,greendiesel,1260
2007-12-01,lorry,greendiesel,1277
2008-01-01,lorry,greendiesel,1259
2008-02-01,lorry,greendiesel,879
2008-03-01,lorry,greendiesel,1275
2008-04-01,lorry,greendiesel,1483
2008-05-01,lorry,greendiesel,1395
2008-06-01,lorry,greendiesel,1420
2008-07-01,lorry,greendiesel,1686
2008-08-01,lorry,greendiesel,1464
2008-09-01,lorry,greendiesel,1420
2008-10-01,lorry,greendiesel,1351
2008-11-01,lorry,greendiesel,1351
2008-12-01,lorry,greendiesel,1178
2009-01-01,lorry,greendiesel,1040
2009-02-01,lorry,greendiesel,828
2009-03-01,lorry,greendiesel,1147
2009-04-01,lorry,greendiesel,1035
2009-05-01,lorry,greendiesel,951
2009-06-01,lorry,greendiesel,1077
2009-07-01,lorry,greendiesel,1403
2009-08-01,lorry,greendiesel,1178
2009-09-01,lorry,greendiesel,970
2009-10-01,lorry,greendiesel,1178
2009-11-01,lorry,greendiesel,1149
2009-12-01,lorry,greendiesel,1282
2010-01-01,lorry,greendiesel,1252
2010-02-01,lorry,greendiesel,917
2010-03-01,lorry,greendiesel,1405
2010-04-01,lorry,greendiesel,1381
2010-05-01,lorry,greendiesel,1196
2010-06-01,lorry,greendiesel,1406
2010-07-01,lorry,greendiesel,1543
2010-08-01,lorry,greendiesel,1452
2010-09-01,lorry,greendiesel,1135
2010-10-01,lorry,greendiesel,1366
2010-11-01,lorry,greendiesel,1220
2010-12-01,lorry,greendiesel,1273
2011-01-01,lorry,greendiesel,1262
2011-02-01,lorry,greendiesel,748
2011-03-01,lorry,greendiesel,1432
2011-04-01,lorry,greendiesel,1418
2011-05-01,lorry,greendiesel,1513
2011-06-01,lorry,greendiesel,1504
2011-07-01,lorry,greendiesel,1482
2011-08-01,lorry,greendiesel,1450
2011-09-01,lorry,greendiesel,1142
2011-10-01,lorry,greendiesel,1374
2011-11-01,lorry,greendiesel,1364
2011-12-01,lorry,greendiesel,1513
2012-01-01,lorry,greendiesel,1238
2012-02-01,lorry,greendiesel,1167
2012-03-01,lorry,greendiesel,1612
2012-04-01,lorry,greendiesel,1363
2012-05-01,lorry,greendiesel,1539
2012-06-01,lorry,greendiesel,1502
2012-07-01,lorry,greendiesel,1773
2012-08-01,lorry,greendiesel,1332
2012-09-01,lorry,greendiesel,1349
2012-10-01,lorry,greendiesel,1644
2012-11-01,lorry,greendiesel,1520
2012-12-01,lorry,greendiesel,1638
2013-01-01,lorry,greendiesel,1401
2013-02-01,lorry,greendiesel,1030
2013-03-01,lorry,greendiesel,1471
2013-04-01,lorry,greendiesel,1850
2013-05-01,lorry,greendiesel,1630
2013-06-01,lorry,greendiesel,1436
2013-07-01,lorry,greendiesel,1914
2013-08-01,lorry,greendiesel,1522
2013-09-01,lorry,greendiesel,1376
2013-10-01,lorry,greendiesel,1645
2013-11-01,lorry,greendiesel,1549
2013-12-01,lorry,greendiesel,1744
2014-01-01,lorry,greendiesel,1391
2014-02-01,lorry,greendiesel,997
2014-03-01,lorry,greendiesel,1544
2014-04-01,lorry,greendiesel,1587
2014-05-01,lorry,greendiesel,1380
2014-06-01,lorry,greendiesel,1529
2014-07-01,lorry,greendiesel,1491
2014-08-01,lorry,greendiesel,1399
2014-09-01,lorry,greendiesel,1431
2014-10-01,lorry,greendiesel,1465
2014-11-01,lorry,greendiesel,1361
2014-12-01,lorry,greendiesel,2251
2015-01-01,lorry,greendiesel,1099
2015-02-01,lorry,greendiesel,984
2015-03-01,lorry,greendiesel,2123
2015-04-01,lorry,greendiesel,909
2015-05-01,lorry,greendiesel,1207
2015-06-01,lorry,greendiesel,1393
2015-07-01,lorry,greendiesel,1261
2015-08-01,lorry,greendiesel,1401
2015-09-01,lorry,greendiesel,1247
2015-10-01,lorry,greendiesel,1354
2015-11-01,lorry,greendiesel,1303
2015-12-01,lorry,greendiesel,1526
2016-01-01,lorry,greendiesel,1144
2016-02-01,lorry,greendiesel,941
2016-03-01,lorry,greendiesel,1460
2016-04-01,lorry,greendiesel,1463
2016-05-01,lorry,greendiesel,1419
2016-06-01,lorry,greendiesel,1539
2016-07-01,lorry,greendiesel,1094
2016-08-01,lorry,greendiesel,1346
2016-09-01,lorry,greendiesel,1205
2016-10-01,lorry,greendiesel,1229
2016-11-01,lorry,greendiesel,1287
2016-12-01,lorry,greendiesel,1424
2017-01-01,lorry,greendiesel,1009
2017-02-01,lorry,greendiesel,827
2017-03-01,lorry,greendiesel,1360
2017-04-01,lorry,greendiesel,1174
2017-05-01,lorry,greendiesel,1258
2017-06-01,lorry,greendiesel,1258
2017-07-01,lorry,greendiesel,1304
2017-08-01,lorry,greendiesel,1448
2017-09-01,lorry,greendiesel,1179
2017-10-01,lorry,greendiesel,1303
2017-11-01,lorry,greendiesel,1419
2017-12-01,lorry,greendiesel,1257
2018-01-01,lorry,greendiesel,1262
2018-02-01,lorry,greendiesel,1015
2018-03-01,lorry,greendiesel,1458
2018-04-01,lorry,greendiesel,1415
2018-05-01,lorry,greendiesel,1200
2018-06-01,lorry,greendiesel,1117
2018-07-01,lorry,greendiesel,1407
2018-08-01,lorry,greendiesel,2270
2018-09-01,lorry,greendiesel,1271
2018-10-01,lorry,greendiesel,1465
2018-11-01,lorry,greendiesel,1247
2018-12-01,lorry,greendiesel,1436
2019-01-01,lorry,greendiesel,1190
2019-02-01,lorry,greendiesel,639
2019-03-01,lorry,greendiesel,1274
2019-04-01,lorry,greendiesel,1288
2019-05-01,lorry,greendiesel,1294
2019-06-01,lorry,greendiesel,981
2019-07-01,lorry,greendiesel,1170
2019-08-01,lorry,greendiesel,1079
2019-09-01,lorry,greendiesel,1035
2019-10-01,lorry,greendiesel,1112
2019-11-01,lorry,greendiesel,1160
2019-12-01,lorry,greendiesel,1445
2020-01-01,lorry,greendiesel,797
2020-02-01,lorry,greendiesel,878
2020-03-01,lorry,greendiesel,655
2020-05-01,lorry,greendiesel,601
2020-06-01,lorry,greendiesel,1050
2020-07-01,lorry,greendiesel,1448
2020-08-01,lorry,greendiesel,1260
2020-09-01,lorry,greendiesel,1472
2020-10-01,lorry,greendiesel,1404
2020-11-01,lorry,greendiesel,1174
2020-12-01,lorry,greendiesel,1361
2021-01-01,lorry,greendiesel,928
2021-02-01,lorry,greendiesel,1009
2021-03-01,lorry,greendiesel,1299
2021-04-01,lorry,greendiesel,1272
2021-05-01,lorry,greendiesel,1064
2021-06-01,lorry,greendiesel,2
2021-07-01,lorry,greendiesel,666
2021-08-01,lorry,greendiesel,806
2021-09-01,lorry,greendiesel,1194
2021-10-01,lorry,greendiesel,1128
2021-11-01,lorry,greendiesel,1326
2021-12-01,lorry,greendiesel,1677
2022-01-01,lorry,greendiesel,1275
2022-02-01,lorry,greendiesel,839
2022-03-01,lorry,greendiesel,1406
2022-04-01,lorry,greendiesel,1277
2022-05-01,lorry,greendiesel,1128
2022-06-01,lorry,greendiesel,1468
2022-07-01,lorry,greendiesel,1329
2022-08-01,lorry,greendiesel,1455
2022-09-01,lorry,greendiesel,1597
2022-10-01,lorry,greendiesel,1533
2022-11-01,lorry,greendiesel,1466
2022-12-01,lorry,greendiesel,1825
2023-01-01,lorry,greendiesel,1214
2023-02-01,lorry,greendiesel,1174
2023-03-01,lorry,greendiesel,1628
2023-04-01,lorry,greendiesel,1196
2023-05-01,lorry,greendiesel,1533
2023-06-01,lorry,greendiesel,1497
2023-07-01,lorry,greendiesel,1494
2023-08-01,lorry,greendiesel,1459
2023-09-01,lorry,greendiesel,1417
2023-10-01,lorry,greendiesel,1561
2023-11-01,lorry,greendiesel,1453
2023-12-01,lorry,greendiesel,1442
2024-01-01,lorry,greendiesel,1479
2024-02-01,lorry,greendiesel,1162
2024-03-01,lorry,greendiesel,1443
2024-04-01,lorry,greendiesel,1302
2024-05-01,lorry,greendiesel,1445
2024-06-01,lorry,greendiesel,1168
2024-07-01,lorry,greendiesel,1443
2024-08-01,lorry,greendiesel,1407
2024-09-01,lorry,greendiesel,1492
2024-10-01,lorry,greendiesel,1164
2024-11-01,lorry,greendiesel,1102
2024-12-01,lorry,greendiesel,2008
2025-01-01,lorry,greendiesel,582
2025-02-01,lorry,greendiesel,624
2025-03-01,lorry,greendiesel,963
2025-04-01,lorry,greendiesel,1040
2025-05-01,lorry,greendiesel,1152
2025-06-01,lorry,greendiesel,1118
2025-07-01,lorry,greendiesel,1253
2025-08-01,lorry,greendiesel,1136
2025-09-01,lorry,greendiesel,852
2025-10-01,lorry,greendiesel,1133
2025-11-01,lorry,greendiesel,1019
2025-12-01,lorry,greendiesel,1336
2026-01-01,lorry,greendiesel,1133
2026-02-01,lorry,greendiesel,783
2026-03-01,lorry,greendiesel,973
2026-04-01,lorry,greendiesel,1111
2000-01-01,lorry,other,1
2000-02-01,lorry,other,2
2000-03-01,lorry,other,4
2000-04-01,lorry,other,6
2000-05-01,lorry,other,1
2000-06-01,lorry,other,5
2000-07-01,lorry,other,3
2000-08-01,lorry,other,1
2000-09-01,lorry,other,2
2000-10-01,lorry,other,1
2000-11-01,lorry,other,4
2001-02-01,lorry,other,2
2001-03-01,lorry,other,3
2001-04-01,lorry,other,1
2001-06-01,lorry,other,2
2001-07-01,lorry,other,1
2001-08-01,lorry,other,5
2001-09-01,lorry,other,1
2001-10-01,lorry,other,5
2001-11-01,lorry,other,2
2001-12-01,lorry,other,2
2002-01-01,lorry,other,2
2002-03-01,lorry,other,4
2002-04-01,lorry,other,2
2002-05-01,lorry,other,1
2002-06-01,lorry,other,5
2002-07-01,lorry,other,4
2002-08-01,lorry,other,2
2002-09-01,lorry,other,2
2002-10-01,lorry,other,1
2002-11-01,lorry,other,7
2002-12-01,lorry,other,1
2003-01-01,lorry,other,3
2003-02-01,lorry,other,4
2003-03-01,lorry,other,2
2003-05-01,lorry,other,8
2003-06-01,lorry,other,2
2003-07-01,lorry,other,5
2003-08-01,lorry,other,5
2003-09-01,lorry,other,7
2003-10-01,lorry,other,6
2003-11-01,lorry,other,2
2003-12-01,lorry,other,6
2004-01-01,lorry,other,3
2004-02-01,lorry,other,2
2004-03-01,lorry,other,5
2004-04-01,lorry,other,8
2004-05-01,lorry,other,2
2004-06-01,lorry,other,3
2004-07-01,lorry,other,4
2004-08-01,lorry,other,3
2004-09-01,lorry,other,5
2004-10-01,lorry,other,5
2004-11-01,lorry,other,1
2004-12-01,lorry,other,5
2005-01-01,lorry,other,2
2005-02-01,lorry,other,2
2005-03-01,lorry,other,3
2005-04-01,lorry,other,6
2005-05-01,lorry,other,8
2005-06-01,lorry,other,6
2005-07-01,lorry,other,3
2005-08-01,lorry,other,2
2005-09-01,lorry,other,6
2005-10-01,lorry,other,2
2005-11-01,lorry,other,7
2005-12-01,lorry,other,2
2006-01-01,lorry,other,3
2006-02-01,lorry,other,2
2006-03-01,lorry,other,7
2006-04-01,lorry,other,5
2006-05-01,lorry,other,3
2006-06-01,lorry,other,2
2006-07-01,lorry,other,5
2006-08-01,lorry,other,7
2006-09-01,lorry,other,1
2006-10-01,lorry,other,2
2006-11-01,lorry,other,1
2006-12-01,lorry,other,2
2007-01-01,lorry,other,3
2007-02-01,lorry,other,1
2007-03-01,lorry,other,3
2007-04-01,lorry,other,6
2007-05-01,lorry,other,8
2007-06-01,lorry,other,4
2007-07-01,lorry,other,3
2007-08-01,lorry,other,13
2007-09-01,lorry,other,3
2007-10-01,lorry,other,4
2007-11-01,lorry,other,5
2007-12-01,lorry,other,5
2008-01-01,lorry,other,1
2008-02-01,lorry,other,4
2008-03-01,lorry,other,7
2008-04-01,lorry,other,5
2008-05-01,lorry,other,7
2008-06-01,lorry,other,9
2008-07-01,lorry,other,9
2008-08-01,lorry,other,7
2008-09-01,lorry,other,2
2008-10-01,lorry,other,6
2008-11-01,lorry,other,9
2008-12-01,lorry,other,5
2009-01-01,lorry,other,1
2009-02-01,lorry,other,7
2009-03-01,lorry,other,6
2009-04-01,lorry,other,5
2009-05-01,lorry,other,6
2009-06-01,lorry,other,4
2009-07-01,lorry,other,8
2009-08-01,lorry,other,4
2009-09-01,lorry,other,2
2009-10-01,lorry,other,4
2009-11-01,lorry,other,2
2009-12-01,lorry,other,2
2010-01-01,lorry,other,3
2010-02-01,lorry,other,3
2010-03-01,lorry,other,5
2010-04-01,lorry,other,11
2010-05-01,lorry,other,2
2010-06-01,lorry,other,5
2010-07-01,lorry,other,11
2010-08-01,lorry,other,2
2010-09-01,lorry,other,3
2010-11-01,lorry,other,1
2011-03-01,lorry,other,4
2011-06-01,lorry,other,2
2011-07-01,lorry,other,2
2011-11-01,lorry,other,1
2012-01-01,lorry,other,3
2012-03-01,lorry,other,1
2012-04-01,lorry,other,2
2012-05-01,lorry,other,2
2012-06-01,lorry,other,2
2012-07-01,lorry,other,5
2012-08-01,lorry,other,3
2012-09-01,lorry,other,3
2012-10-01,lorry,other,1
2012-11-01,lorry,other,3
2012-12-01,lorry,other,2
2013-01-01,lorry,other,7
2013-02-01,lorry,other,5
2013-03-01,lorry,other,12
2013-04-01,lorry,other,8
2013-05-01,lorry,other,7
2013-06-01,lorry,other,9
2013-07-01,lorry,other,7
2013-08-01,lorry,other,4
2013-09-01,lorry,other,8
2013-10-01,lorry,other,1
2013-11-01,lorry,other,1
2013-12-01,lorry,other,2
2014-01-01,lorry,other,6
2014-02-01,lorry,other,1
2014-03-01,lorry,other,11
2014-04-01,lorry,other,7
2014-05-01,lorry,other,7
2014-06-01,lorry,other,14
2014-07-01,lorry,other,13
2014-08-01,lorry,other,11
2014-09-01,lorry,other,9
2014-10-01,lorry,other,14
2014-11-01,lorry,other,11
2014-12-01,lorry,other,23
2015-01-01,lorry,other,28
2015-02-01,lorry,other,17
2015-03-01,lorry,other,36
2015-04-01,lorry,other,23
2015-05-01,lorry,other,8
2015-06-01,lorry,other,16
2015-07-01,lorry,other,17
2015-08-01,lorry,other,14
2015-09-01,lorry,other,17
2015-10-01,lorry,other,14
2015-11-01,lorry,other,14
2015-12-01,lorry,other,10
2016-01-01,lorry,other,10
2016-02-01,lorry,other,7
2016-03-01,lorry,other,10
2016-04-01,lorry,other,4
2016-05-01,lorry,other,5
2016-06-01,lorry,other,3
2016-07-01,lorry,other,4
2016-08-01,lorry,other,3
2016-10-01,lorry,other,5
2016-11-01,lorry,other,4
2016-12-01,lorry,other,1
2017-01-01,lorry,other,5
2017-02-01,lorry,other,3
2017-03-01,lorry,other,3
2017-04-01,lorry,other,2
2017-06-01,lorry,other,2
2017-07-01,lorry,other,1
2017-08-01,lorry,other,1
2017-10-01,lorry,other,2
2017-11-01,lorry,other,1
2017-12-01,lorry,other,2
2018-01-01,lorry,other,1
2018-02-01,lorry,other,1
2018-03-01,lorry,other,1
2018-05-01,lorry,other,2
2018-06-01,lorry,other,1
2018-07-01,lorry,other,1
2018-09-01,lorry,other,1
2018-10-01,lorry,other,2
2018-11-01,lorry,other,1
2018-12-01,lorry,other,2
2019-01-01,lorry,other,3
2019-02-01,lorry,other,1
2019-04-01,lorry,other,3
2019-05-01,lorry,other,2
2019-07-01,lorry,other,1
2019-08-01,lorry,other,1
2020-03-01,lorry,other,1
2020-05-01,lorry,other,1
2020-07-01,lorry,other,1
2020-08-01,lorry,other,1
2020-12-01,lorry,other,2
2021-11-01,lorry,other,1
2023-03-01,lorry,other,1
2023-08-01,lorry,other,2
2024-06-01,lorry,other,3
2024-07-01,lorry,other,1
2026-02-01,lorry,other,1
2000-01-01,lorry,petrol,105
2000-02-01,lorry,petrol,78
2000-03-01,lorry,petrol,154
2000-04-01,lorry,petrol,150
2000-05-01,lorry,petrol,122
2000-06-01,lorry,petrol,167
2000-07-01,lorry,petrol,157
2000-08-01,lorry,petrol,168
2000-09-01,lorry,petrol,156
2000-10-01,lorry,petrol,127
2000-11-01,lorry,petrol,115
2000-12-01,lorry,petrol,87
2001-01-01,lorry,petrol,80
2001-02-01,lorry,petrol,88
2001-03-01,lorry,petrol,114
2001-04-01,lorry,petrol,102
2001-05-01,lorry,petrol,88
2001-06-01,lorry,petrol,119
2001-07-01,lorry,petrol,85
2001-08-01,lorry,petrol,100
2001-09-01,lorry,petrol,114
2001-10-01,lorry,petrol,124
2001-11-01,lorry,petrol,98
2001-12-01,lorry,petrol,79
2002-01-01,lorry,petrol,109
2002-02-01,lorry,petrol,66
2002-03-01,lorry,petrol,131
2002-04-01,lorry,petrol,142
2002-05-01,lorry,petrol,118
2002-06-01,lorry,petrol,102
2002-07-01,lorry,petrol,109
2002-08-01,lorry,petrol,93
2002-09-01,lorry,petrol,113
2002-10-01,lorry,petrol,150
2002-11-01,lorry,petrol,140
2002-12-01,lorry,petrol,114
2003-01-01,lorry,petrol,128
2003-02-01,lorry,petrol,61
2003-03-01,lorry,petrol,131
2003-04-01,lorry,petrol,163
2003-05-01,lorry,petrol,117
2003-06-01,lorry,petrol,167
2003-07-01,lorry,petrol,163
2003-08-01,lorry,petrol,142
2003-09-01,lorry,petrol,127
2003-10-01,lorry,petrol,146
2003-11-01,lorry,petrol,95
2003-12-01,lorry,petrol,142
2004-01-01,lorry,petrol,98
2004-02-01,lorry,petrol,75
2004-03-01,lorry,petrol,143
2004-04-01,lorry,petrol,140
2004-05-01,lorry,petrol,119
2004-06-01,lorry,petrol,131
2004-07-01,lorry,petrol,171
2004-08-01,lorry,petrol,149
2004-09-01,lorry,petrol,159
2004-10-01,lorry,petrol,157
2004-11-01,lorry,petrol,118
2004-12-01,lorry,petrol,140
2005-01-01,lorry,petrol,121
2005-02-01,lorry,petrol,83
2005-03-01,lorry,petrol,154
2005-04-01,lorry,petrol,128
2005-05-01,lorry,petrol,143
2005-06-01,lorry,petrol,148
2005-07-01,lorry,petrol,138
2005-08-01,lorry,petrol,140
2005-09-01,lorry,petrol,135
2005-10-01,lorry,petrol,139
2005-11-01,lorry,petrol,105
2005-12-01,lorry,petrol,129
2006-01-01,lorry,petrol,106
2006-02-01,lorry,petrol,89
2006-03-01,lorry,petrol,143
2006-04-01,lorry,petrol,141
2006-05-01,lorry,petrol,117
2006-06-01,lorry,petrol,151
2006-07-01,lorry,petrol,161
2006-08-01,lorry,petrol,139
2006-09-01,lorry,petrol,123
2006-10-01,lorry,petrol,94
2006-11-01,lorry,petrol,127
2006-12-01,lorry,petrol,109
2007-01-01,lorry,petrol,106
2007-02-01,lorry,petrol,91
2007-03-01,lorry,petrol,105
2007-04-01,lorry,petrol,145
2007-05-01,lorry,petrol,143
2007-06-01,lorry,petrol,125
2007-07-01,lorry,petrol,140
2007-08-01,lorry,petrol,127
2007-09-01,lorry,petrol,118
2007-10-01,lorry,petrol,128
2007-11-01,lorry,petrol,141
2007-12-01,lorry,petrol,83
2008-01-01,lorry,petrol,100
2008-02-01,lorry,petrol,90
2008-03-01,lorry,petrol,124
2008-04-01,lorry,petrol,133
2008-05-01,lorry,petrol,160
2008-06-01,lorry,petrol,139
2008-07-01,lorry,petrol,155
2008-08-01,lorry,petrol,113
2008-09-01,lorry,petrol,101
2008-10-01,lorry,petrol,126
2008-11-01,lorry,petrol,150
2008-12-01,lorry,petrol,140
2009-01-01,lorry,petrol,85
2009-02-01,lorry,petrol,118
2009-03-01,lorry,petrol,184
2009-04-01,lorry,petrol,146
2009-05-01,lorry,petrol,147
2009-06-01,lorry,petrol,160
2009-07-01,lorry,petrol,203
2009-08-01,lorry,petrol,167
2009-09-01,lorry,petrol,125
2009-10-01,lorry,petrol,139
2009-11-01,lorry,petrol,134
2009-12-01,lorry,petrol,125
2010-01-01,lorry,petrol,115
2010-02-01,lorry,petrol,75
2010-03-01,lorry,petrol,156
2010-04-01,lorry,petrol,137
2010-05-01,lorry,petrol,131
2010-06-01,lorry,petrol,189
2010-07-01,lorry,petrol,117
2010-08-01,lorry,petrol,86
2010-09-01,lorry,petrol,62
2010-10-01,lorry,petrol,82
2010-11-01,lorry,petrol,55
2010-12-01,lorry,petrol,67
2011-01-01,lorry,petrol,63
2011-02-01,lorry,petrol,34
2011-03-01,lorry,petrol,54
2011-04-01,lorry,petrol,64
2011-05-01,lorry,petrol,65
2011-06-01,lorry,petrol,76
2011-07-01,lorry,petrol,76
2011-08-01,lorry,petrol,65
2011-09-01,lorry,petrol,66
2011-10-01,lorry,petrol,57
2011-11-01,lorry,petrol,82
2011-12-01,lorry,petrol,72
2012-01-01,lorry,petrol,57
2012-02-01,lorry,petrol,61
2012-03-01,lorry,petrol,75
2012-04-01,lorry,petrol,87
2012-05-01,lorry,petrol,58
2012-06-01,lorry,petrol,80
2012-07-01,lorry,petrol,92
2012-08-01,lorry,petrol,59
2012-09-01,lorry,petrol,70
2012-10-01,lorry,petrol,80
2012-11-01,lorry,petrol,64
2012-12-01,lorry,petrol,77
2013-01-01,lorry,petrol,72
2013-02-01,lorry,petrol,59
2013-03-01,lorry,petrol,108
2013-04-01,lorry,petrol,134
2013-05-01,lorry,petrol,113
2013-06-01,lorry,petrol,113
2013-07-01,lorry,petrol,104
2013-08-01,lorry,petrol,77
2013-09-01,lorry,petrol,75
2013-10-01,lorry,petrol,71
2013-11-01,lorry,petrol,95
2013-12-01,lorry,petrol,119
2014-01-01,lorry,petrol,107
2014-02-01,lorry,petrol,76
2014-03-01,lorry,petrol,84
2014-04-01,lorry,petrol,111
2014-05-01,lorry,petrol,112
2014-06-01,lorry,petrol,126
2014-07-01,lorry,petrol,90
2014-08-01,lorry,petrol,140
2014-09-01,lorry,petrol,120
2014-10-01,lorry,petrol,137
2014-11-01,lorry,petrol,120
2014-12-01,lorry,petrol,104
2015-01-01,lorry,petrol,180
2015-02-01,lorry,petrol,127
2015-03-01,lorry,petrol,207
2015-04-01,lorry,petrol,109
2015-05-01,lorry,petrol,129
2015-06-01,lorry,petrol,160
2015-07-01,lorry,petrol,142
2015-08-01,lorry,petrol,118
2015-09-01,lorry,petrol,101
2015-10-01,lorry,petrol,93
2015-11-01,lorry,petrol,98
2015-12-01,lorry,petrol,105
2016-01-01,lorry,petrol,121
2016-02-01,lorry,petrol,90
2016-03-01,lorry,petrol,146
2016-04-01,lorry,petrol,134
2016-05-01,lorry,petrol,135
2016-06-01,lorry,petrol,143
2016-07-01,lorry,petrol,103
2016-08-01,lorry,petrol,135
2016-09-01,lorry,petrol,97
2016-10-01,lorry,petrol,99
2016-11-01,lorry,petrol,75
2016-12-01,lorry,petrol,78
2017-01-01,lorry,petrol,73
2017-02-01,lorry,petrol,69
2017-03-01,lorry,petrol,114
2017-04-01,lorry,petrol,83
2017-05-01,lorry,petrol,87
2017-06-01,lorry,petrol,79
2017-07-01,lorry,petrol,77
2017-08-01,lorry,petrol,96
2017-09-01,lorry,petrol,72
2017-10-01,lorry,petrol,73
2017-11-01,lorry,petrol,79
2017-12-01,lorry,petrol,88
2018-01-01,lorry,petrol,51
2018-02-01,lorry,petrol,46
2018-03-01,lorry,petrol,66
2018-04-01,lorry,petrol,109
2018-05-01,lorry,petrol,68
2018-06-01,lorry,petrol,54
2018-07-01,lorry,petrol,91
2018-08-01,lorry,petrol,137
2018-09-01,lorry,petrol,74
2018-10-01,lorry,petrol,118
2018-11-01,lorry,petrol,79
2018-12-01,lorry,petrol,77
2019-01-01,lorry,petrol,100
2019-02-01,lorry,petrol,66
2019-03-01,lorry,petrol,112
2019-04-01,lorry,petrol,111
2019-05-01,lorry,petrol,109
2019-06-01,lorry,petrol,66
2019-07-01,lorry,petrol,102
2019-08-01,lorry,petrol,109
2019-09-01,lorry,petrol,54
2019-10-01,lorry,petrol,142
2019-11-01,lorry,petrol,81
2019-12-01,lorry,petrol,103
2020-01-01,lorry,petrol,72
2020-02-01,lorry,petrol,71
2020-03-01,lorry,petrol,45
2020-05-01,lorry,petrol,47
2020-06-01,lorry,petrol,80
2020-07-01,lorry,petrol,122
2020-08-01,lorry,petrol,112
2020-09-01,lorry,petrol,135
2020-10-01,lorry,petrol,159
2020-11-01,lorry,petrol,128
2020-12-01,lorry,petrol,123
2021-01-01,lorry,petrol,98
2021-02-01,lorry,petrol,92
2021-03-01,lorry,petrol,117
2021-04-01,lorry,petrol,164
2021-05-01,lorry,petrol,148
2021-07-01,lorry,petrol,45
2021-08-01,lorry,petrol,98
2021-09-01,lorry,petrol,132
2021-10-01,lorry,petrol,161
2021-11-01,lorry,petrol,196
2021-12-01,lorry,petrol,253
2022-01-01,lorry,petrol,203
2022-02-01,lorry,petrol,74
2022-03-01,lorry,petrol,132
2022-04-01,lorry,petrol,172
2022-05-01,lorry,petrol,85
2022-06-01,lorry,petrol,158
2022-07-01,lorry,petrol,143
2022-08-01,lorry,petrol,160
2022-09-01,lorry,petrol,164
2022-10-01,lorry,petrol,152
2022-11-01,lorry,petrol,153
2022-12-01,lorry,petrol,129
2023-01-01,lorry,petrol,60
2023-02-01,lorry,petrol,70
2023-03-01,lorry,petrol,89
2023-04-01,lorry,petrol,55
2023-05-01,lorry,petrol,74
2023-06-01,lorry,petrol,71
2023-07-01,lorry,petrol,64
2023-08-01,lorry,petrol,82
2023-09-01,lorry,petrol,61
2023-10-01,lorry,petrol,123
2023-11-01,lorry,petrol,89
2023-12-01,lorry,petrol,55
2024-01-01,lorry,petrol,73
2024-02-01,lorry,petrol,56
2024-03-01,lorry,petrol,59
2024-04-01,lorry,petrol,53
2024-05-01,lorry,petrol,84
2024-06-01,lorry,petrol,63
2024-07-01,lorry,petrol,98
2024-08-01,lorry,petrol,68
2024-09-01,lorry,petrol,60
2024-10-01,lorry,petrol,65
2024-11-01,lorry,petrol,52
2024-12-01,lorry,petrol,77
2025-01-01,lorry,petrol,36
2025-02-01,lorry,petrol,38
2025-03-01,lorry,petrol,52
2025-04-01,lorry,petrol,63
2025-05-01,lorry,petrol,68
2025-06-01,lorry,petrol,64
2025-07-01,lorry,petrol,51
2025-08-01,lorry,petrol,57
2025-09-01,lorry,petrol,60
2025-10-01,lorry,petrol,51
2025-11-01,lorry,petrol,55
2025-12-01,lorry,petrol,61
2026-01-01,lorry,petrol,40
2026-02-01,lorry,petrol,27
2026-03-01,lorry,petrol,44
2026-04-01,lorry,petrol,47
2000-01-01,motorcycle,all_fuels,23309
2000-02-01,motorcycle,all_fuels,20912
2000-03-01,motorcycle,all_fuels,22693
2000-04-01,motorcycle,all_fuels,18947
2000-05-01,motorcycle,all_fuels,19587
2000-06-01,motorcycle,all_fuels,19349
2000-07-01,motorcycle,all_fuels,20832
2000-08-01,motorcycle,all_fuels,20340
2000-09-01,motorcycle,all_fuels,19409
2000-10-01,motorcycle,all_fuels,18091
2000-11-01,motorcycle,all_fuels,18007
2000-12-01,motorcycle,all_fuels,17691
2001-01-01,motorcycle,all_fuels,21821
2001-02-01,motorcycle,all_fuels,21341
2001-03-01,motorcycle,all_fuels,20843
2001-04-01,motorcycle,all_fuels,19346
2001-05-01,motorcycle,all_fuels,20023
2001-06-01,motorcycle,all_fuels,19787
2001-07-01,motorcycle,all_fuels,21526
2001-08-01,motorcycle,all_fuels,19932
2001-09-01,motorcycle,all_fuels,16975
2001-10-01,motorcycle,all_fuels,19391
2001-11-01,motorcycle,all_fuels,17803
2001-12-01,motorcycle,all_fuels,17719
2002-01-01,motorcycle,all_fuels,22560
2002-02-01,motorcycle,all_fuels,17553
2002-03-01,motorcycle,all_fuels,20689
2002-04-01,motorcycle,all_fuels,21314
2002-05-01,motorcycle,all_fuels,19798
2002-06-01,motorcycle,all_fuels,18365
2002-07-01,motorcycle,all_fuels,21279
2002-08-01,motorcycle,all_fuels,19302
2002-09-01,motorcycle,all_fuels,16942
2002-10-01,motorcycle,all_fuels,18192
2002-11-01,motorcycle,all_fuels,18178
2002-12-01,motorcycle,all_fuels,16704
2003-01-01,motorcycle,all_fuels,27261
2003-02-01,motorcycle,all_fuels,22909
2003-03-01,motorcycle,all_fuels,23731
2003-04-01,motorcycle,all_fuels,25323
2003-05-01,motorcycle,all_fuels,26347
2003-06-01,motorcycle,all_fuels,26782
2003-07-01,motorcycle,all_fuels,31023
2003-08-01,motorcycle,all_fuels,28830
2003-09-01,motorcycle,all_fuels,27597
2003-10-01,motorcycle,all_fuels,28839
2003-11-01,motorcycle,all_fuels,22160
2003-12-01,motorcycle,all_fuels,26943
2004-01-01,motorcycle,all_fuels,33939
2004-02-01,motorcycle,all_fuels,31296
2004-03-01,motorcycle,all_fuels,35924
2004-04-01,motorcycle,all_fuels,34921
2004-05-01,motorcycle,all_fuels,31422
2004-06-01,motorcycle,all_fuels,33860
2004-07-01,motorcycle,all_fuels,36165
2004-08-01,motorcycle,all_fuels,33055
2004-09-01,motorcycle,all_fuels,35097
2004-10-01,motorcycle,all_fuels,33144
2004-11-01,motorcycle,all_fuels,28841
2004-12-01,motorcycle,all_fuels,31323
2005-01-01,motorcycle,all_fuels,40297
2005-02-01,motorcycle,all_fuels,34429
2005-03-01,motorcycle,all_fuels,42440
2005-04-01,motorcycle,all_fuels,35898
2005-05-01,motorcycle,all_fuels,36399
2005-06-01,motorcycle,all_fuels,36450
2005-07-01,motorcycle,all_fuels,35627
2005-08-01,motorcycle,all_fuels,37493
2005-09-01,motorcycle,all_fuels,36820
2005-10-01,motorcycle,all_fuels,39441
2005-11-01,motorcycle,all_fuels,27354
2005-12-01,motorcycle,all_fuels,31791
2006-01-01,motorcycle,all_fuels,38879
2006-02-01,motorcycle,all_fuels,38240
2006-03-01,motorcycle,all_fuels,45944
2006-04-01,motorcycle,all_fuels,38154
2006-05-01,motorcycle,all_fuels,37817
2006-06-01,motorcycle,all_fuels,35162
2006-07-01,motorcycle,all_fuels,38567
2006-08-01,motorcycle,all_fuels,40180
2006-09-01,motorcycle,all_fuels,38113
2006-10-01,motorcycle,all_fuels,33704
2006-11-01,motorcycle,all_fuels,33397
2006-12-01,motorcycle,all_fuels,32255
2007-01-01,motorcycle,all_fuels,48247
2007-02-01,motorcycle,all_fuels,35985
2007-03-01,motorcycle,all_fuels,42193
2007-04-01,motorcycle,all_fuels,36832
2007-05-01,motorcycle,all_fuels,38600
2007-06-01,motorcycle,all_fuels,37271
2007-07-01,motorcycle,all_fuels,45201
2007-08-01,motorcycle,all_fuels,46294
2007-09-01,motorcycle,all_fuels,41716
2007-10-01,motorcycle,all_fuels,40230
2007-11-01,motorcycle,all_fuels,37007
2007-12-01,motorcycle,all_fuels,36679
2008-01-01,motorcycle,all_fuels,54357
2008-02-01,motorcycle,all_fuels,42752
2008-03-01,motorcycle,all_fuels,44600
2008-04-01,motorcycle,all_fuels,45961
2008-05-01,motorcycle,all_fuels,42050
2008-06-01,motorcycle,all_fuels,51198
2008-07-01,motorcycle,all_fuels,59421
2008-08-01,motorcycle,all_fuels,49051
2008-09-01,motorcycle,all_fuels,49369
2008-10-01,motorcycle,all_fuels,36196
2008-11-01,motorcycle,all_fuels,33985
2008-12-01,motorcycle,all_fuels,35067
2009-01-01,motorcycle,all_fuels,40369
2009-02-01,motorcycle,all_fuels,40486
2009-03-01,motorcycle,all_fuels,40231
2009-04-01,motorcycle,all_fuels,36845
2009-05-01,motorcycle,all_fuels,35350
2009-06-01,motorcycle,all_fuels,37418
2009-07-01,motorcycle,all_fuels,43298
2009-08-01,motorcycle,all_fuels,38464
2009-09-01,motorcycle,all_fuels,36581
2009-10-01,motorcycle,all_fuels,35311
2009-11-01,motorcycle,all_fuels,32890
2009-12-01,motorcycle,all_fuels,37488
2010-01-01,motorcycle,all_fuels,49918
2010-02-01,motorcycle,all_fuels,37984
2010-03-01,motorcycle,all_fuels,50917
2010-04-01,motorcycle,all_fuels,43319
2010-05-01,motorcycle,all_fuels,38400
2010-06-01,motorcycle,all_fuels,42755
2010-07-01,motorcycle,all_fuels,44166
2010-08-01,motorcycle,all_fuels,43422
2010-09-01,motorcycle,all_fuels,36679
2010-10-01,motorcycle,all_fuels,38494
2010-11-01,motorcycle,all_fuels,37648
2010-12-01,motorcycle,all_fuels,38431
2011-01-01,motorcycle,all_fuels,55534
2011-02-01,motorcycle,all_fuels,41380
2011-03-01,motorcycle,all_fuels,50425
2011-04-01,motorcycle,all_fuels,43627
2011-05-01,motorcycle,all_fuels,45139
2011-06-01,motorcycle,all_fuels,45666
2011-07-01,motorcycle,all_fuels,47657
2011-08-01,motorcycle,all_fuels,49514
2011-09-01,motorcycle,all_fuels,41641
2011-10-01,motorcycle,all_fuels,44029
2011-11-01,motorcycle,all_fuels,39055
2011-12-01,motorcycle,all_fuels,39593
2012-01-01,motorcycle,all_fuels,51477
2012-02-01,motorcycle,all_fuels,55591
2012-03-01,motorcycle,all_fuels,52718
2012-04-01,motorcycle,all_fuels,50709
2012-05-01,motorcycle,all_fuels,54282
2012-06-01,motorcycle,all_fuels,51112
2012-07-01,motorcycle,all_fuels,58153
2012-08-01,motorcycle,all_fuels,48021
2012-09-01,motorcycle,all_fuels,46477
2012-10-01,motorcycle,all_fuels,50156
2012-11-01,motorcycle,all_fuels,41351
2012-12-01,motorcycle,all_fuels,44842
2013-01-01,motorcycle,all_fuels,64961
2013-02-01,motorcycle,all_fuels,48494
2013-03-01,motorcycle,all_fuels,54724
2013-04-01,motorcycle,all_fuels,54649
2013-05-01,motorcycle,all_fuels,50481
2013-06-01,motorcycle,all_fuels,47349
2013-07-01,motorcycle,all_fuels,56873
2013-08-01,motorcycle,all_fuels,42897
2013-09-01,motorcycle,all_fuels,45531
2013-10-01,motorcycle,all_fuels,51378
2013-11-01,motorcycle,all_fuels,42099
2013-12-01,motorcycle,all_fuels,42700
2014-01-01,motorcycle,all_fuels,59847
2014-02-01,motorcycle,all_fuels,47479
2014-03-01,motorcycle,all_fuels,52744
2014-04-01,motorcycle,all_fuels,50186
2014-05-01,motorcycle,all_fuels,43675
2014-06-01,motorcycle,all_fuels,42224
2014-07-01,motorcycle,all_fuels,43216
2014-08-01,motorcycle,all_fuels,40036
2014-09-01,motorcycle,all_fuels,41899
2014-10-01,motorcycle,all_fuels,41602
2014-11-01,motorcycle,all_fuels,36690
2014-12-01,motorcycle,all_fuels,41786
2015-01-01,motorcycle,all_fuels,52746
2015-02-01,motorcycle,all_fuels,41369
2015-03-01,motorcycle,all_fuels,61668
2015-04-01,motorcycle,all_fuels,32542
2015-05-01,motorcycle,all_fuels,31461
2015-06-01,motorcycle,all_fuels,36333
2015-07-01,motorcycle,all_fuels,34621
2015-08-01,motorcycle,all_fuels,33647
2015-09-01,motorcycle,all_fuels,36127
2015-10-01,motorcycle,all_fuels,36224
2015-11-01,motorcycle,all_fuels,33614
2015-12-01,motorcycle,all_fuels,35537
2016-01-01,motorcycle,all_fuels,44884
2016-02-01,motorcycle,all_fuels,37262
2016-03-01,motorcycle,all_fuels,43239
2016-04-01,motorcycle,all_fuels,37895
2016-05-01,motorcycle,all_fuels,37554
2016-06-01,motorcycle,all_fuels,38076
2016-07-01,motorcycle,all_fuels,31457
2016-08-01,motorcycle,all_fuels,42404
2016-09-01,motorcycle,all_fuels,39589
2016-10-01,motorcycle,all_fuels,39082
2016-11-01,motorcycle,all_fuels,37371
2016-12-01,motorcycle,all_fuels,36676
2017-01-01,motorcycle,all_fuels,45523
2017-02-01,motorcycle,all_fuels,42936
2017-03-01,motorcycle,all_fuels,48760
2017-04-01,motorcycle,all_fuels,40489
2017-05-01,motorcycle,all_fuels,43006
2017-06-01,motorcycle,all_fuels,35560
2017-07-01,motorcycle,all_fuels,38782
2017-08-01,motorcycle,all_fuels,44212
2017-09-01,motorcycle,all_fuels,38142
2017-10-01,motorcycle,all_fuels,43144
2017-11-01,motorcycle,all_fuels,39521
2017-12-01,motorcycle,all_fuels,36437
2018-01-01,motorcycle,all_fuels,49794
2018-02-01,motorcycle,all_fuels,39773
2018-03-01,motorcycle,all_fuels,48055
2018-04-01,motorcycle,all_fuels,47462
2018-05-01,motorcycle,all_fuels,36283
2018-06-01,motorcycle,all_fuels,44469
2018-07-01,motorcycle,all_fuels,53761
2018-08-01,motorcycle,all_fuels,53162
2018-09-01,motorcycle,all_fuels,43740
2018-10-01,motorcycle,all_fuels,50839
2018-11-01,motorcycle,all_fuels,41340
2018-12-01,motorcycle,all_fuels,44795
2019-01-01,motorcycle,all_fuels,59658
2019-02-01,motorcycle,all_fuels,41261
2019-03-01,motorcycle,all_fuels,52674
2019-04-01,motorcycle,all_fuels,53428
2019-05-01,motorcycle,all_fuels,51953
2019-06-01,motorcycle,all_fuels,36184
2019-07-01,motorcycle,all_fuels,55112
2019-08-01,motorcycle,all_fuels,51205
2019-09-01,motorcycle,all_fuels,46797
2019-10-01,motorcycle,all_fuels,50271
2019-11-01,motorcycle,all_fuels,45645
2019-12-01,motorcycle,all_fuels,52590
2020-01-01,motorcycle,all_fuels,55427
2020-02-01,motorcycle,all_fuels,57927
2020-03-01,motorcycle,all_fuels,34033
2020-04-01,motorcycle,all_fuels,1456
2020-05-01,motorcycle,all_fuels,33508
2020-06-01,motorcycle,all_fuels,51962
2020-07-01,motorcycle,all_fuels,58938
2020-08-01,motorcycle,all_fuels,51787
2020-09-01,motorcycle,all_fuels,58094
2020-10-01,motorcycle,all_fuels,57893
2020-11-01,motorcycle,all_fuels,54234
2020-12-01,motorcycle,all_fuels,55057
2021-01-01,motorcycle,all_fuels,59538
2021-02-01,motorcycle,all_fuels,54820
2021-03-01,motorcycle,all_fuels,86692
2021-04-01,motorcycle,all_fuels,68338
2021-05-01,motorcycle,all_fuels,49761
2021-06-01,motorcycle,all_fuels,9130
2021-07-01,motorcycle,all_fuels,17172
2021-08-01,motorcycle,all_fuels,23698
2021-09-01,motorcycle,all_fuels,49820
2021-10-01,motorcycle,all_fuels,58729
2021-11-01,motorcycle,all_fuels,59459
2021-12-01,motorcycle,all_fuels,78429
2022-01-01,motorcycle,all_fuels,44353
2022-02-01,motorcycle,all_fuels,42060
2022-03-01,motorcycle,all_fuels,59966
2022-04-01,motorcycle,all_fuels,71000
2022-05-01,motorcycle,all_fuels,63397
2022-06-01,motorcycle,all_fuels,74970
2022-07-01,motorcycle,all_fuels,62501
2022-08-01,motorcycle,all_fuels,67701
2022-09-01,motorcycle,all_fuels,65046
2022-10-01,motorcycle,all_fuels,56812
2022-11-01,motorcycle,all_fuels,54936
2022-12-01,motorcycle,all_fuels,56300
2023-01-01,motorcycle,all_fuels,53721
2023-02-01,motorcycle,all_fuels,56446
2023-03-01,motorcycle,all_fuels,65264
2023-04-01,motorcycle,all_fuels,48030
2023-05-01,motorcycle,all_fuels,59554
2023-06-01,motorcycle,all_fuels,55966
2023-07-01,motorcycle,all_fuels,55401
2023-08-01,motorcycle,all_fuels,53041
2023-09-01,motorcycle,all_fuels,48263
2023-10-01,motorcycle,all_fuels,52412
2023-11-01,motorcycle,all_fuels,49498
2023-12-01,motorcycle,all_fuels,45268
2024-01-01,motorcycle,all_fuels,54792
2024-02-01,motorcycle,all_fuels,48317
2024-03-01,motorcycle,all_fuels,56230
2024-04-01,motorcycle,all_fuels,47551
2024-05-01,motorcycle,all_fuels,57423
2024-06-01,motorcycle,all_fuels,52349
2024-07-01,motorcycle,all_fuels,62067
2024-08-01,motorcycle,all_fuels,59442
2024-09-01,motorcycle,all_fuels,53563
2024-10-01,motorcycle,all_fuels,58166
2024-11-01,motorcycle,all_fuels,52344
2024-12-01,motorcycle,all_fuels,54267
2025-01-01,motorcycle,all_fuels,52561
2025-02-01,motorcycle,all_fuels,56579
2025-03-01,motorcycle,all_fuels,62482
2025-04-01,motorcycle,all_fuels,54469
2025-05-01,motorcycle,all_fuels,61879
2025-06-01,motorcycle,all_fuels,55962
2025-07-01,motorcycle,all_fuels,67816
2025-08-01,motorcycle,all_fuels,63678
2025-09-01,motorcycle,all_fuels,53215
2025-10-01,motorcycle,all_fuels,60248
2025-11-01,motorcycle,all_fuels,56043
2025-12-01,motorcycle,all_fuels,59783
2026-01-01,motorcycle,all_fuels,68755
2026-02-01,motorcycle,all_fuels,55854
2026-03-01,motorcycle,all_fuels,59795
2026-04-01,motorcycle,all_fuels,74052
2000-05-01,motorcycle,diesel,2
2000-06-01,motorcycle,diesel,1
2000-07-01,motorcycle,diesel,3
2000-08-01,motorcycle,diesel,1
2000-11-01,motorcycle,diesel,1
2000-12-01,motorcycle,diesel,2
2001-02-01,motorcycle,diesel,1
2001-03-01,motorcycle,diesel,1
2001-06-01,motorcycle,diesel,1
2001-07-01,motorcycle,diesel,2
2001-08-01,motorcycle,diesel,1
2001-10-01,motorcycle,diesel,2
2001-12-01,motorcycle,diesel,1
2002-03-01,motorcycle,diesel,1
2002-04-01,motorcycle,diesel,2
2002-05-01,motorcycle,diesel,1
2002-07-01,motorcycle,diesel,3
2002-08-01,motorcycle,diesel,1
2002-09-01,motorcycle,diesel,2
2002-10-01,motorcycle,diesel,1
2002-11-01,motorcycle,diesel,1
2002-12-01,motorcycle,diesel,2
2003-01-01,motorcycle,diesel,2
2003-04-01,motorcycle,diesel,1
2003-05-01,motorcycle,diesel,1
2003-06-01,motorcycle,diesel,3
2003-07-01,motorcycle,diesel,4
2003-08-01,motorcycle,diesel,1
2003-09-01,motorcycle,diesel,5
2003-10-01,motorcycle,diesel,2
2003-11-01,motorcycle,diesel,4
2003-12-01,motorcycle,diesel,3
2004-02-01,motorcycle,diesel,1
2004-03-01,motorcycle,diesel,2
2004-04-01,motorcycle,diesel,5
2004-05-01,motorcycle,diesel,2
2004-06-01,motorcycle,diesel,2
2004-07-01,motorcycle,diesel,2
2004-08-01,motorcycle,diesel,2
2004-10-01,motorcycle,diesel,2
2004-11-01,motorcycle,diesel,3
2004-12-01,motorcycle,diesel,2
2005-01-01,motorcycle,diesel,3
2005-02-01,motorcycle,diesel,1
2005-05-01,motorcycle,diesel,4
2005-06-01,motorcycle,diesel,2
2005-08-01,motorcycle,diesel,1
2005-09-01,motorcycle,diesel,1
2005-11-01,motorcycle,diesel,1
2005-12-01,motorcycle,diesel,1
2006-01-01,motorcycle,diesel,1
2006-05-01,motorcycle,diesel,1
2006-06-01,motorcycle,diesel,1
2006-07-01,motorcycle,diesel,2
2006-09-01,motorcycle,diesel,1
2006-10-01,motorcycle,diesel,1
2006-11-01,motorcycle,diesel,1
2006-12-01,motorcycle,diesel,1
2007-01-01,motorcycle,diesel,2
2007-02-01,motorcycle,diesel,1
2007-03-01,motorcycle,diesel,2
2007-04-01,motorcycle,diesel,2
2007-06-01,motorcycle,diesel,1
2007-07-01,motorcycle,diesel,1
2007-08-01,motorcycle,diesel,1
2007-09-01,motorcycle,diesel,1
2007-11-01,motorcycle,diesel,1
2008-02-01,motorcycle,diesel,1
2008-04-01,motorcycle,diesel,1
2008-05-01,motorcycle,diesel,1
2008-08-01,motorcycle,diesel,1
2008-12-01,motorcycle,diesel,1
2009-01-01,motorcycle,diesel,3
2009-02-01,motorcycle,diesel,1
2009-04-01,motorcycle,diesel,1
2009-05-01,motorcycle,diesel,1
2009-08-01,motorcycle,diesel,1
2009-09-01,motorcycle,diesel,1
2009-11-01,motorcycle,diesel,1
2010-02-01,motorcycle,diesel,1
2010-03-01,motorcycle,diesel,1
2010-11-01,motorcycle,diesel,1
2011-06-01,motorcycle,diesel,1
2011-07-01,motorcycle,diesel,3
2011-08-01,motorcycle,diesel,1
2011-09-01,motorcycle,diesel,1
2011-11-01,motorcycle,diesel,4
2012-01-01,motorcycle,diesel,2
2012-02-01,motorcycle,diesel,5
2012-04-01,motorcycle,diesel,1
2012-05-01,motorcycle,diesel,3
2012-06-01,motorcycle,diesel,1
2012-07-01,motorcycle,diesel,1
2012-12-01,motorcycle,diesel,1
2013-01-01,motorcycle,diesel,1
2013-03-01,motorcycle,diesel,1
2013-07-01,motorcycle,diesel,1
2013-10-01,motorcycle,diesel,6
2013-11-01,motorcycle,diesel,1
2013-12-01,motorcycle,diesel,2
2014-01-01,motorcycle,diesel,9
2014-02-01,motorcycle,diesel,3
2014-03-01,motorcycle,diesel,2
2014-04-01,motorcycle,diesel,4
2014-05-01,motorcycle,diesel,5
2014-06-01,motorcycle,diesel,6
2014-07-01,motorcycle,diesel,5
2014-08-01,motorcycle,diesel,3
2014-09-01,motorcycle,diesel,2
2014-10-01,motorcycle,diesel,1
2014-11-01,motorcycle,diesel,4
2014-12-01,motorcycle,diesel,1
2015-01-01,motorcycle,diesel,2
2015-02-01,motorcycle,diesel,1
2015-03-01,motorcycle,diesel,1
2015-04-01,motorcycle,diesel,1
2015-09-01,motorcycle,diesel,1
2015-10-01,motorcycle,diesel,1
2016-03-01,motorcycle,diesel,1
2016-08-01,motorcycle,diesel,1
2016-09-01,motorcycle,diesel,2
2016-12-01,motorcycle,diesel,1
2017-03-01,motorcycle,diesel,1
2017-05-01,motorcycle,diesel,1
2017-06-01,motorcycle,diesel,1
2017-11-01,motorcycle,diesel,1
2018-01-01,motorcycle,diesel,1
2018-05-01,motorcycle,diesel,2
2018-12-01,motorcycle,diesel,1
2019-01-01,motorcycle,diesel,1
2019-08-01,motorcycle,diesel,2
2019-11-01,motorcycle,diesel,1
2020-07-01,motorcycle,diesel,1
2020-08-01,motorcycle,diesel,1
2020-11-01,motorcycle,diesel,1
2021-01-01,motorcycle,diesel,2
2021-12-01,motorcycle,diesel,1
2022-05-01,motorcycle,diesel,1
2022-09-01,motorcycle,diesel,1
2022-11-01,motorcycle,diesel,2
2023-01-01,motorcycle,diesel,2
2023-02-01,motorcycle,diesel,1
2023-09-01,motorcycle,diesel,1
2024-05-01,motorcycle,diesel,1
2024-06-01,motorcycle,diesel,1
2024-09-01,motorcycle,diesel,1
2025-10-01,motorcycle,diesel,1
2025-12-01,motorcycle,diesel,1
2026-01-01,motorcycle,diesel,1
2026-03-01,motorcycle,diesel,1
2011-06-01,motorcycle,electric,2
2011-07-01,motorcycle,electric,129
2011-08-01,motorcycle,electric,45
2011-09-01,motorcycle,electric,22
2011-10-01,motorcycle,electric,21
2011-11-01,motorcycle,electric,16
2011-12-01,motorcycle,electric,23
2012-01-01,motorcycle,electric,27
2012-02-01,motorcycle,electric,17
2012-03-01,motorcycle,electric,21
2012-04-01,motorcycle,electric,18
2012-05-01,motorcycle,electric,12
2012-06-01,motorcycle,electric,8
2012-07-01,motorcycle,electric,12
2012-08-01,motorcycle,electric,5
2012-09-01,motorcycle,electric,10
2012-10-01,motorcycle,electric,13
2012-11-01,motorcycle,electric,7
2012-12-01,motorcycle,electric,4
2013-01-01,motorcycle,electric,6
2013-02-01,motorcycle,electric,5
2013-03-01,motorcycle,electric,4
2013-04-01,motorcycle,electric,20
2013-05-01,motorcycle,electric,5
2013-06-01,motorcycle,electric,1
2013-07-01,motorcycle,electric,7
2013-08-01,motorcycle,electric,6
2013-09-01,motorcycle,electric,43
2013-10-01,motorcycle,electric,3
2013-11-01,motorcycle,electric,16
2013-12-01,motorcycle,electric,28
2014-01-01,motorcycle,electric,17
2014-02-01,motorcycle,electric,53
2014-03-01,motorcycle,electric,63
2014-04-01,motorcycle,electric,32
2014-05-01,motorcycle,electric,28
2014-06-01,motorcycle,electric,27
2014-07-01,motorcycle,electric,70
2014-08-01,motorcycle,electric,45
2014-09-01,motorcycle,electric,22
2014-10-01,motorcycle,electric,39
2014-11-01,motorcycle,electric,59
2014-12-01,motorcycle,electric,93
2015-01-01,motorcycle,electric,35
2015-02-01,motorcycle,electric,16
2015-03-01,motorcycle,electric,65
2015-04-01,motorcycle,electric,29
2015-05-01,motorcycle,electric,10
2015-06-01,motorcycle,electric,12
2015-07-01,motorcycle,electric,22
2015-08-01,motorcycle,electric,23
2015-09-01,motorcycle,electric,8
2015-10-01,motorcycle,electric,14
2015-11-01,motorcycle,electric,18
2015-12-01,motorcycle,electric,10
2016-01-01,motorcycle,electric,6
2016-02-01,motorcycle,electric,8
2016-03-01,motorcycle,electric,22
2016-04-01,motorcycle,electric,18
2016-05-01,motorcycle,electric,6
2016-06-01,motorcycle,electric,14
2016-07-01,motorcycle,electric,15
2016-08-01,motorcycle,electric,8
2016-09-01,motorcycle,electric,21
2016-10-01,motorcycle,electric,24
2016-11-01,motorcycle,electric,19
2016-12-01,motorcycle,electric,18
2017-01-01,motorcycle,electric,24
2017-02-01,motorcycle,electric,28
2017-03-01,motorcycle,electric,31
2017-04-01,motorcycle,electric,34
2017-05-01,motorcycle,electric,24
2017-06-01,motorcycle,electric,32
2017-07-01,motorcycle,electric,33
2017-08-01,motorcycle,electric,57
2017-09-01,motorcycle,electric,23
2017-10-01,motorcycle,electric,26
2017-11-01,motorcycle,electric,38
2017-12-01,motorcycle,electric,21
2018-01-01,motorcycle,electric,24
2018-02-01,motorcycle,electric,33
2018-03-01,motorcycle,electric,63
2018-04-01,motorcycle,electric,28
2018-05-01,motorcycle,electric,12
2018-06-01,motorcycle,electric,17
2018-07-01,motorcycle,electric,27
2018-08-01,motorcycle,electric,51
2018-09-01,motorcycle,electric,17
2018-10-01,motorcycle,electric,38
2018-11-01,motorcycle,electric,22
2018-12-01,motorcycle,electric,22
2019-01-01,motorcycle,electric,43
2019-02-01,motorcycle,electric,33
2019-03-01,motorcycle,electric,25
2019-04-01,motorcycle,electric,38
2019-05-01,motorcycle,electric,40
2019-06-01,motorcycle,electric,12
2019-07-01,motorcycle,electric,25
2019-08-01,motorcycle,electric,19
2019-09-01,motorcycle,electric,24
2019-10-01,motorcycle,electric,18
2019-11-01,motorcycle,electric,35
2019-12-01,motorcycle,electric,24
2020-01-01,motorcycle,electric,10
2020-02-01,motorcycle,electric,9
2020-03-01,motorcycle,electric,6
2020-05-01,motorcycle,electric,3
2020-06-01,motorcycle,electric,4
2020-07-01,motorcycle,electric,24
2020-08-01,motorcycle,electric,19
2020-09-01,motorcycle,electric,20
2020-10-01,motorcycle,electric,7
2020-11-01,motorcycle,electric,16
2020-12-01,motorcycle,electric,9
2021-01-01,motorcycle,electric,18
2021-02-01,motorcycle,electric,6
2021-03-01,motorcycle,electric,6
2021-04-01,motorcycle,electric,12
2021-05-01,motorcycle,electric,14
2021-06-01,motorcycle,electric,1
2021-07-01,motorcycle,electric,3
2021-08-01,motorcycle,electric,9
2021-09-01,motorcycle,electric,22
2021-10-01,motorcycle,electric,10
2021-11-01,motorcycle,electric,15
2021-12-01,motorcycle,electric,9
2022-01-01,motorcycle,electric,10
2022-02-01,motorcycle,electric,12
2022-03-01,motorcycle,electric,19
2022-04-01,motorcycle,electric,14
2022-05-01,motorcycle,electric,18
2022-06-01,motorcycle,electric,42
2022-07-01,motorcycle,electric,17
2022-08-01,motorcycle,electric,23
2022-09-01,motorcycle,electric,14
2022-10-01,motorcycle,electric,6
2022-11-01,motorcycle,electric,26
2022-12-01,motorcycle,electric,9
2023-01-01,motorcycle,electric,31
2023-02-01,motorcycle,electric,82
2023-03-01,motorcycle,electric,30
2023-04-01,motorcycle,electric,13
2023-05-01,motorcycle,electric,31
2023-06-01,motorcycle,electric,43
2023-07-01,motorcycle,electric,89
2023-08-01,motorcycle,electric,166
2023-09-01,motorcycle,electric,90
2023-10-01,motorcycle,electric,150
2023-11-01,motorcycle,electric,91
2023-12-01,motorcycle,electric,61
2024-01-01,motorcycle,electric,221
2024-02-01,motorcycle,electric,111
2024-03-01,motorcycle,electric,206
2024-04-01,motorcycle,electric,140
2024-05-01,motorcycle,electric,457
2024-06-01,motorcycle,electric,388
2024-07-01,motorcycle,electric,357
2024-08-01,motorcycle,electric,353
2024-09-01,motorcycle,electric,343
2024-10-01,motorcycle,electric,575
2024-11-01,motorcycle,electric,847
2024-12-01,motorcycle,electric,820
2025-01-01,motorcycle,electric,937
2025-02-01,motorcycle,electric,471
2025-03-01,motorcycle,electric,707
2025-04-01,motorcycle,electric,654
2025-05-01,motorcycle,electric,717
2025-06-01,motorcycle,electric,586
2025-07-01,motorcycle,electric,1048
2025-08-01,motorcycle,electric,1046
2025-09-01,motorcycle,electric,1123
2025-10-01,motorcycle,electric,695
2025-11-01,motorcycle,electric,1359
2025-12-01,motorcycle,electric,1438
2026-01-01,motorcycle,electric,1333
2026-02-01,motorcycle,electric,615
2026-03-01,motorcycle,electric,816
2026-04-01,motorcycle,electric,3223
2018-11-01,motorcycle,hybrid,11
2018-12-01,motorcycle,hybrid,32
2019-01-01,motorcycle,hybrid,17
2019-02-01,motorcycle,hybrid,9
2019-03-01,motorcycle,hybrid,24
2019-04-01,motorcycle,hybrid,16
2019-05-01,motorcycle,hybrid,21
2019-06-01,motorcycle,hybrid,7
2019-07-01,motorcycle,hybrid,11
2019-08-01,motorcycle,hybrid,7
2019-09-01,motorcycle,hybrid,14
2019-10-01,motorcycle,hybrid,11
2019-11-01,motorcycle,hybrid,7
2019-12-01,motorcycle,hybrid,6
2020-01-01,motorcycle,hybrid,6
2020-02-01,motorcycle,hybrid,19
2020-03-01,motorcycle,hybrid,9
2020-05-01,motorcycle,hybrid,4
2020-06-01,motorcycle,hybrid,9
2020-07-01,motorcycle,hybrid,15
2020-08-01,motorcycle,hybrid,16
2020-09-01,motorcycle,hybrid,13
2020-10-01,motorcycle,hybrid,16
2020-11-01,motorcycle,hybrid,18
2020-12-01,motorcycle,hybrid,12
2021-01-01,motorcycle,hybrid,13
2021-02-01,motorcycle,hybrid,7
2021-03-01,motorcycle,hybrid,15
2021-04-01,motorcycle,hybrid,2
2021-05-01,motorcycle,hybrid,3
2021-07-01,motorcycle,hybrid,1
2021-08-01,motorcycle,hybrid,2
2021-09-01,motorcycle,hybrid,1
2021-12-01,motorcycle,hybrid,1
2022-01-01,motorcycle,hybrid,1
2022-04-01,motorcycle,hybrid,1
2022-06-01,motorcycle,hybrid,1
2000-01-01,motorcycle,other,1
2000-04-01,motorcycle,other,2
2000-09-01,motorcycle,other,1
2001-02-01,motorcycle,other,1
2001-03-01,motorcycle,other,1
2001-05-01,motorcycle,other,1
2001-06-01,motorcycle,other,1
2001-10-01,motorcycle,other,1
2002-01-01,motorcycle,other,2
2002-03-01,motorcycle,other,1
2002-04-01,motorcycle,other,2
2002-05-01,motorcycle,other,1
2002-12-01,motorcycle,other,1
2003-05-01,motorcycle,other,1
2003-07-01,motorcycle,other,1
2003-08-01,motorcycle,other,1
2003-09-01,motorcycle,other,1
2003-10-01,motorcycle,other,1
2003-11-01,motorcycle,other,3
2003-12-01,motorcycle,other,1
2004-01-01,motorcycle,other,1
2004-02-01,motorcycle,other,2
2004-04-01,motorcycle,other,1
2004-05-01,motorcycle,other,1
2004-06-01,motorcycle,other,1
2004-07-01,motorcycle,other,1
2004-08-01,motorcycle,other,1
2004-10-01,motorcycle,other,1
2004-11-01,motorcycle,other,1
2005-02-01,motorcycle,other,1
2005-03-01,motorcycle,other,2
2005-04-01,motorcycle,other,3
2005-06-01,motorcycle,other,5
2005-09-01,motorcycle,other,1
2005-10-01,motorcycle,other,4
2006-01-01,motorcycle,other,1
2006-03-01,motorcycle,other,1
2006-04-01,motorcycle,other,2
2006-05-01,motorcycle,other,1
2006-07-01,motorcycle,other,2
2006-09-01,motorcycle,other,2
2006-11-01,motorcycle,other,3
2006-12-01,motorcycle,other,1
2007-01-01,motorcycle,other,2
2007-03-01,motorcycle,other,2
2007-04-01,motorcycle,other,2
2007-06-01,motorcycle,other,1
2007-10-01,motorcycle,other,1
2008-01-01,motorcycle,other,1
2008-10-01,motorcycle,other,1
2008-11-01,motorcycle,other,1
2009-02-01,motorcycle,other,1
2009-03-01,motorcycle,other,1
2009-07-01,motorcycle,other,4
2009-08-01,motorcycle,other,1
2009-09-01,motorcycle,other,3
2010-01-01,motorcycle,other,1
2010-02-01,motorcycle,other,1
2010-04-01,motorcycle,other,3
2010-05-01,motorcycle,other,1
2010-07-01,motorcycle,other,3
2010-08-01,motorcycle,other,2
2010-09-01,motorcycle,other,1
2011-01-01,motorcycle,other,1
2011-02-01,motorcycle,other,1
2011-04-01,motorcycle,other,2
2011-05-01,motorcycle,other,1
2011-06-01,motorcycle,other,4
2011-07-01,motorcycle,other,3
2011-08-01,motorcycle,other,2
2011-09-01,motorcycle,other,1
2012-01-01,motorcycle,other,1
2012-03-01,motorcycle,other,2
2012-04-01,motorcycle,other,1
2012-05-01,motorcycle,other,2
2012-06-01,motorcycle,other,1
2012-08-01,motorcycle,other,1
2012-09-01,motorcycle,other,1
2012-10-01,motorcycle,other,2
2012-11-01,motorcycle,other,1
2012-12-01,motorcycle,other,1
2013-01-01,motorcycle,other,3
2013-03-01,motorcycle,other,1
2013-04-01,motorcycle,other,1
2013-09-01,motorcycle,other,2
2013-10-01,motorcycle,other,2
2013-11-01,motorcycle,other,1
2014-01-01,motorcycle,other,3
2014-02-01,motorcycle,other,1
2014-03-01,motorcycle,other,2
2014-05-01,motorcycle,other,3
2014-06-01,motorcycle,other,1
2014-07-01,motorcycle,other,1
2014-10-01,motorcycle,other,1
2014-11-01,motorcycle,other,1
2014-12-01,motorcycle,other,5
2015-01-01,motorcycle,other,4
2015-02-01,motorcycle,other,2
2015-03-01,motorcycle,other,2
2015-04-01,motorcycle,other,1
2015-05-01,motorcycle,other,6
2015-06-01,motorcycle,other,5
2015-07-01,motorcycle,other,2
2015-08-01,motorcycle,other,2
2015-09-01,motorcycle,other,1
2016-09-01,motorcycle,other,1
2016-10-01,motorcycle,other,2
2016-11-01,motorcycle,other,1
2017-01-01,motorcycle,other,2
2017-08-01,motorcycle,other,1
2018-03-01,motorcycle,other,1
2018-12-01,motorcycle,other,1
2019-03-01,motorcycle,other,1
2019-05-01,motorcycle,other,1
2019-07-01,motorcycle,other,1
2019-08-01,motorcycle,other,1
2019-09-01,motorcycle,other,1
2019-12-01,motorcycle,other,3
2020-01-01,motorcycle,other,2
2020-03-01,motorcycle,other,1
2020-06-01,motorcycle,other,3
2020-07-01,motorcycle,other,4
2020-08-01,motorcycle,other,7
2020-09-01,motorcycle,other,6
2020-10-01,motorcycle,other,3
2020-11-01,motorcycle,other,3
2021-01-01,motorcycle,other,2
2021-02-01,motorcycle,other,2
2021-03-01,motorcycle,other,1
2021-04-01,motorcycle,other,2
2021-06-01,motorcycle,other,1
2021-09-01,motorcycle,other,1
2021-10-01,motorcycle,other,2
2022-03-01,motorcycle,other,1
2022-04-01,motorcycle,other,2
2022-05-01,motorcycle,other,5
2022-06-01,motorcycle,other,1
2022-08-01,motorcycle,other,1
2022-09-01,motorcycle,other,1
2022-12-01,motorcycle,other,2
2023-04-01,motorcycle,other,2
2023-06-01,motorcycle,other,1
2023-07-01,motorcycle,other,3
2023-08-01,motorcycle,other,1
2023-09-01,motorcycle,other,1
2023-11-01,motorcycle,other,1
2023-12-01,motorcycle,other,1
2024-03-01,motorcycle,other,2
2024-04-01,motorcycle,other,1
2024-05-01,motorcycle,other,1
2024-06-01,motorcycle,other,1
2024-08-01,motorcycle,other,46
2024-10-01,motorcycle,other,1
2025-02-01,motorcycle,other,2
2025-03-01,motorcycle,other,1
2025-04-01,motorcycle,other,1
2025-06-01,motorcycle,other,4
2025-08-01,motorcycle,other,1
2025-10-01,motorcycle,other,1
2025-11-01,motorcycle,other,1
2025-12-01,motorcycle,other,3
2026-01-01,motorcycle,other,3
2026-02-01,motorcycle,other,1
2026-03-01,motorcycle,other,1
2000-01-01,motorcycle,petrol,23308
2000-02-01,motorcycle,petrol,20912
2000-03-01,motorcycle,petrol,22693
2000-04-01,motorcycle,petrol,18945
2000-05-01,motorcycle,petrol,19585
2000-06-01,motorcycle,petrol,19348
2000-07-01,motorcycle,petrol,20829
2000-08-01,motorcycle,petrol,20339
2000-09-01,motorcycle,petrol,19408
2000-10-01,motorcycle,petrol,18091
2000-11-01,motorcycle,petrol,18006
2000-12-01,motorcycle,petrol,17689
2001-01-01,motorcycle,petrol,21821
2001-02-01,motorcycle,petrol,21339
2001-03-01,motorcycle,petrol,20841
2001-04-01,motorcycle,petrol,19346
2001-05-01,motorcycle,petrol,20022
2001-06-01,motorcycle,petrol,19785
2001-07-01,motorcycle,petrol,21524
2001-08-01,motorcycle,petrol,19931
2001-09-01,motorcycle,petrol,16975
2001-10-01,motorcycle,petrol,19388
2001-11-01,motorcycle,petrol,17803
2001-12-01,motorcycle,petrol,17718
2002-01-01,motorcycle,petrol,22558
2002-02-01,motorcycle,petrol,17553
2002-03-01,motorcycle,petrol,20687
2002-04-01,motorcycle,petrol,21310
2002-05-01,motorcycle,petrol,19796
2002-06-01,motorcycle,petrol,18365
2002-07-01,motorcycle,petrol,21276
2002-08-01,motorcycle,petrol,19301
2002-09-01,motorcycle,petrol,16940
2002-10-01,motorcycle,petrol,18191
2002-11-01,motorcycle,petrol,18177
2002-12-01,motorcycle,petrol,16701
2003-01-01,motorcycle,petrol,27259
2003-02-01,motorcycle,petrol,22909
2003-03-01,motorcycle,petrol,23731
2003-04-01,motorcycle,petrol,25322
2003-05-01,motorcycle,petrol,26345
2003-06-01,motorcycle,petrol,26779
2003-07-01,motorcycle,petrol,31018
2003-08-01,motorcycle,petrol,28828
2003-09-01,motorcycle,petrol,27591
2003-10-01,motorcycle,petrol,28836
2003-11-01,motorcycle,petrol,22153
2003-12-01,motorcycle,petrol,26939
2004-01-01,motorcycle,petrol,33938
2004-02-01,motorcycle,petrol,31293
2004-03-01,motorcycle,petrol,35922
2004-04-01,motorcycle,petrol,34915
2004-05-01,motorcycle,petrol,31419
2004-06-01,motorcycle,petrol,33857
2004-07-01,motorcycle,petrol,36162
2004-08-01,motorcycle,petrol,33052
2004-09-01,motorcycle,petrol,35097
2004-10-01,motorcycle,petrol,33141
2004-11-01,motorcycle,petrol,28837
2004-12-01,motorcycle,petrol,31321
2005-01-01,motorcycle,petrol,40294
2005-02-01,motorcycle,petrol,34427
2005-03-01,motorcycle,petrol,42438
2005-04-01,motorcycle,petrol,35895
2005-05-01,motorcycle,petrol,36395
2005-06-01,motorcycle,petrol,36443
2005-07-01,motorcycle,petrol,35627
2005-08-01,motorcycle,petrol,37492
2005-09-01,motorcycle,petrol,36818
2005-10-01,motorcycle,petrol,39437
2005-11-01,motorcycle,petrol,27353
2005-12-01,motorcycle,petrol,31790
2006-01-01,motorcycle,petrol,38877
2006-02-01,motorcycle,petrol,38240
2006-03-01,motorcycle,petrol,45943
2006-04-01,motorcycle,petrol,38152
2006-05-01,motorcycle,petrol,37815
2006-06-01,motorcycle,petrol,35161
2006-07-01,motorcycle,petrol,38563
2006-08-01,motorcycle,petrol,40180
2006-09-01,motorcycle,petrol,38110
2006-10-01,motorcycle,petrol,33703
2006-11-01,motorcycle,petrol,33393
2006-12-01,motorcycle,petrol,32253
2007-01-01,motorcycle,petrol,48243
2007-02-01,motorcycle,petrol,35984
2007-03-01,motorcycle,petrol,42189
2007-04-01,motorcycle,petrol,36828
2007-05-01,motorcycle,petrol,38600
2007-06-01,motorcycle,petrol,37269
2007-07-01,motorcycle,petrol,45200
2007-08-01,motorcycle,petrol,46293
2007-09-01,motorcycle,petrol,41715
2007-10-01,motorcycle,petrol,40229
2007-11-01,motorcycle,petrol,37006
2007-12-01,motorcycle,petrol,36679
2008-01-01,motorcycle,petrol,54356
2008-02-01,motorcycle,petrol,42751
2008-03-01,motorcycle,petrol,44600
2008-04-01,motorcycle,petrol,45960
2008-05-01,motorcycle,petrol,42049
2008-06-01,motorcycle,petrol,51198
2008-07-01,motorcycle,petrol,59421
2008-08-01,motorcycle,petrol,49050
2008-09-01,motorcycle,petrol,49369
2008-10-01,motorcycle,petrol,36195
2008-11-01,motorcycle,petrol,33984
2008-12-01,motorcycle,petrol,35066
2009-01-01,motorcycle,petrol,40366
2009-02-01,motorcycle,petrol,40484
2009-03-01,motorcycle,petrol,40230
2009-04-01,motorcycle,petrol,36844
2009-05-01,motorcycle,petrol,35349
2009-06-01,motorcycle,petrol,37418
2009-07-01,motorcycle,petrol,43294
2009-08-01,motorcycle,petrol,38462
2009-09-01,motorcycle,petrol,36577
2009-10-01,motorcycle,petrol,35311
2009-11-01,motorcycle,petrol,32889
2009-12-01,motorcycle,petrol,37488
2010-01-01,motorcycle,petrol,49917
2010-02-01,motorcycle,petrol,37982
2010-03-01,motorcycle,petrol,50916
2010-04-01,motorcycle,petrol,43316
2010-05-01,motorcycle,petrol,38399
2010-06-01,motorcycle,petrol,42755
2010-07-01,motorcycle,petrol,44163
2010-08-01,motorcycle,petrol,43420
2010-09-01,motorcycle,petrol,36678
2010-10-01,motorcycle,petrol,38494
2010-11-01,motorcycle,petrol,37647
2010-12-01,motorcycle,petrol,38431
2011-01-01,motorcycle,petrol,55533
2011-02-01,motorcycle,petrol,41379
2011-03-01,motorcycle,petrol,50425
2011-04-01,motorcycle,petrol,43625
2011-05-01,motorcycle,petrol,45138
2011-06-01,motorcycle,petrol,45659
2011-07-01,motorcycle,petrol,47522
2011-08-01,motorcycle,petrol,49466
2011-09-01,motorcycle,petrol,41617
2011-10-01,motorcycle,petrol,44008
2011-11-01,motorcycle,petrol,39035
2011-12-01,motorcycle,petrol,39570
2012-01-01,motorcycle,petrol,51447
2012-02-01,motorcycle,petrol,55569
2012-03-01,motorcycle,petrol,52695
2012-04-01,motorcycle,petrol,50689
2012-05-01,motorcycle,petrol,54265
2012-06-01,motorcycle,petrol,51102
2012-07-01,motorcycle,petrol,58140
2012-08-01,motorcycle,petrol,48015
2012-09-01,motorcycle,petrol,46466
2012-10-01,motorcycle,petrol,50141
2012-11-01,motorcycle,petrol,41343
2012-12-01,motorcycle,petrol,44836
2013-01-01,motorcycle,petrol,64951
2013-02-01,motorcycle,petrol,48489
2013-03-01,motorcycle,petrol,54718
2013-04-01,motorcycle,petrol,54628
2013-05-01,motorcycle,petrol,50476
2013-06-01,motorcycle,petrol,47348
2013-07-01,motorcycle,petrol,56865
2013-08-01,motorcycle,petrol,42891
2013-09-01,motorcycle,petrol,45486
2013-10-01,motorcycle,petrol,51367
2013-11-01,motorcycle,petrol,42081
2013-12-01,motorcycle,petrol,42670
2014-01-01,motorcycle,petrol,59818
2014-02-01,motorcycle,petrol,47422
2014-03-01,motorcycle,petrol,52677
2014-04-01,motorcycle,petrol,50150
2014-05-01,motorcycle,petrol,43639
2014-06-01,motorcycle,petrol,42190
2014-07-01,motorcycle,petrol,43140
2014-08-01,motorcycle,petrol,39988
2014-09-01,motorcycle,petrol,41875
2014-10-01,motorcycle,petrol,41561
2014-11-01,motorcycle,petrol,36626
2014-12-01,motorcycle,petrol,41687
2015-01-01,motorcycle,petrol,52705
2015-02-01,motorcycle,petrol,41350
2015-03-01,motorcycle,petrol,61600
2015-04-01,motorcycle,petrol,32511
2015-05-01,motorcycle,petrol,31445
2015-06-01,motorcycle,petrol,36316
2015-07-01,motorcycle,petrol,34597
2015-08-01,motorcycle,petrol,33622
2015-09-01,motorcycle,petrol,36117
2015-10-01,motorcycle,petrol,36209
2015-11-01,motorcycle,petrol,33596
2015-12-01,motorcycle,petrol,35527
2016-01-01,motorcycle,petrol,44878
2016-02-01,motorcycle,petrol,37254
2016-03-01,motorcycle,petrol,43216
2016-04-01,motorcycle,petrol,37877
2016-05-01,motorcycle,petrol,37548
2016-06-01,motorcycle,petrol,38062
2016-07-01,motorcycle,petrol,31442
2016-08-01,motorcycle,petrol,42395
2016-09-01,motorcycle,petrol,39565
2016-10-01,motorcycle,petrol,39056
2016-11-01,motorcycle,petrol,37351
2016-12-01,motorcycle,petrol,36657
2017-01-01,motorcycle,petrol,45497
2017-02-01,motorcycle,petrol,42908
2017-03-01,motorcycle,petrol,48728
2017-04-01,motorcycle,petrol,40455
2017-05-01,motorcycle,petrol,42981
2017-06-01,motorcycle,petrol,35527
2017-07-01,motorcycle,petrol,38749
2017-08-01,motorcycle,petrol,44154
2017-09-01,motorcycle,petrol,38119
2017-10-01,motorcycle,petrol,43118
2017-11-01,motorcycle,petrol,39482
2017-12-01,motorcycle,petrol,36416
2018-01-01,motorcycle,petrol,49769
2018-02-01,motorcycle,petrol,39740
2018-03-01,motorcycle,petrol,47991
2018-04-01,motorcycle,petrol,47434
2018-05-01,motorcycle,petrol,36269
2018-06-01,motorcycle,petrol,44452
2018-07-01,motorcycle,petrol,53734
2018-08-01,motorcycle,petrol,53111
2018-09-01,motorcycle,petrol,43723
2018-10-01,motorcycle,petrol,50801
2018-11-01,motorcycle,petrol,41307
2018-12-01,motorcycle,petrol,44739
2019-01-01,motorcycle,petrol,59597
2019-02-01,motorcycle,petrol,41219
2019-03-01,motorcycle,petrol,52624
2019-04-01,motorcycle,petrol,53374
2019-05-01,motorcycle,petrol,51891
2019-06-01,motorcycle,petrol,36165
2019-07-01,motorcycle,petrol,55075
2019-08-01,motorcycle,petrol,51176
2019-09-01,motorcycle,petrol,46758
2019-10-01,motorcycle,petrol,50242
2019-11-01,motorcycle,petrol,45602
2019-12-01,motorcycle,petrol,52557
2020-01-01,motorcycle,petrol,55409
2020-02-01,motorcycle,petrol,57899
2020-03-01,motorcycle,petrol,34017
2020-04-01,motorcycle,petrol,1456
2020-05-01,motorcycle,petrol,33501
2020-06-01,motorcycle,petrol,51946
2020-07-01,motorcycle,petrol,58894
2020-08-01,motorcycle,petrol,51744
2020-09-01,motorcycle,petrol,58055
2020-10-01,motorcycle,petrol,57867
2020-11-01,motorcycle,petrol,54196
2020-12-01,motorcycle,petrol,55036
2021-01-01,motorcycle,petrol,59503
2021-02-01,motorcycle,petrol,54805
2021-03-01,motorcycle,petrol,86670
2021-04-01,motorcycle,petrol,68322
2021-05-01,motorcycle,petrol,49744
2021-06-01,motorcycle,petrol,9128
2021-07-01,motorcycle,petrol,17168
2021-08-01,motorcycle,petrol,23687
2021-09-01,motorcycle,petrol,49796
2021-10-01,motorcycle,petrol,58717
2021-11-01,motorcycle,petrol,59444
2021-12-01,motorcycle,petrol,78418
2022-01-01,motorcycle,petrol,44342
2022-02-01,motorcycle,petrol,42048
2022-03-01,motorcycle,petrol,59946
2022-04-01,motorcycle,petrol,70983
2022-05-01,motorcycle,petrol,63373
2022-06-01,motorcycle,petrol,74926
2022-07-01,motorcycle,petrol,62484
2022-08-01,motorcycle,petrol,67677
2022-09-01,motorcycle,petrol,65030
2022-10-01,motorcycle,petrol,56806
2022-11-01,motorcycle,petrol,54908
2022-12-01,motorcycle,petrol,56289
2023-01-01,motorcycle,petrol,53688
2023-02-01,motorcycle,petrol,56363
2023-03-01,motorcycle,petrol,65234
2023-04-01,motorcycle,petrol,48015
2023-05-01,motorcycle,petrol,59523
2023-06-01,motorcycle,petrol,55922
2023-07-01,motorcycle,petrol,55309
2023-08-01,motorcycle,petrol,52874
2023-09-01,motorcycle,petrol,48171
2023-10-01,motorcycle,petrol,52262
2023-11-01,motorcycle,petrol,49406
2023-12-01,motorcycle,petrol,45206
2024-01-01,motorcycle,petrol,54571
2024-02-01,motorcycle,petrol,48206
2024-03-01,motorcycle,petrol,56022
2024-04-01,motorcycle,petrol,47410
2024-05-01,motorcycle,petrol,56964
2024-06-01,motorcycle,petrol,51959
2024-07-01,motorcycle,petrol,61710
2024-08-01,motorcycle,petrol,59043
2024-09-01,motorcycle,petrol,53219
2024-10-01,motorcycle,petrol,57590
2024-11-01,motorcycle,petrol,51497
2024-12-01,motorcycle,petrol,53447
2025-01-01,motorcycle,petrol,51624
2025-02-01,motorcycle,petrol,56106
2025-03-01,motorcycle,petrol,61774
2025-04-01,motorcycle,petrol,53814
2025-05-01,motorcycle,petrol,61162
2025-06-01,motorcycle,petrol,55372
2025-07-01,motorcycle,petrol,66768
2025-08-01,motorcycle,petrol,62631
2025-09-01,motorcycle,petrol,52092
2025-10-01,motorcycle,petrol,59551
2025-11-01,motorcycle,petrol,54683
2025-12-01,motorcycle,petrol,58341
2026-01-01,motorcycle,petrol,67418
2026-02-01,motorcycle,petrol,55238
2026-03-01,motorcycle,petrol,58977
2026-04-01,motorcycle,petrol,70829
2000-01-01,other,all_fuels,762
2000-02-01,other,all_fuels,855
2000-03-01,other,all_fuels,1298
2000-04-01,other,all_fuels,1284
2000-05-01,other,all_fuels,1283
2000-06-01,other,all_fuels,1200
2000-07-01,other,all_fuels,1329
2000-08-01,other,all_fuels,1351
2000-09-01,other,all_fuels,1459
2000-10-01,other,all_fuels,1183
2000-11-01,other,all_fuels,1239
2000-12-01,other,all_fuels,1116
2001-01-01,other,all_fuels,1525
2001-02-01,other,all_fuels,1363
2001-03-01,other,all_fuels,1584
2001-04-01,other,all_fuels,1461
2001-05-01,other,all_fuels,1615
2001-06-01,other,all_fuels,1561
2001-07-01,other,all_fuels,1729
2001-08-01,other,all_fuels,1782
2001-09-01,other,all_fuels,1374
2001-10-01,other,all_fuels,1405
2001-11-01,other,all_fuels,1391
2001-12-01,other,all_fuels,1106
2002-01-01,other,all_fuels,1756
2002-02-01,other,all_fuels,926
2002-03-01,other,all_fuels,1315
2002-04-01,other,all_fuels,1589
2002-05-01,other,all_fuels,1297
2002-06-01,other,all_fuels,1414
2002-07-01,other,all_fuels,1709
2002-08-01,other,all_fuels,1575
2002-09-01,other,all_fuels,1368
2002-10-01,other,all_fuels,1577
2002-11-01,other,all_fuels,1594
2002-12-01,other,all_fuels,1107
2003-01-01,other,all_fuels,1452
2003-02-01,other,all_fuels,1006
2003-03-01,other,all_fuels,1552
2003-04-01,other,all_fuels,1935
2003-05-01,other,all_fuels,1746
2003-06-01,other,all_fuels,1703
2003-07-01,other,all_fuels,1821
2003-08-01,other,all_fuels,1725
2003-09-01,other,all_fuels,1727
2003-10-01,other,all_fuels,1779
2003-11-01,other,all_fuels,1250
2003-12-01,other,all_fuels,1711
2004-01-01,other,all_fuels,1300
2004-02-01,other,all_fuels,1129
2004-03-01,other,all_fuels,1841
2004-04-01,other,all_fuels,1635
2004-05-01,other,all_fuels,1636
2004-06-01,other,all_fuels,1973
2004-07-01,other,all_fuels,2019
2004-08-01,other,all_fuels,1781
2004-09-01,other,all_fuels,2009
2004-10-01,other,all_fuels,1774
2004-11-01,other,all_fuels,1246
2004-12-01,other,all_fuels,1796
2005-01-01,other,all_fuels,1729
2005-02-01,other,all_fuels,1361
2005-03-01,other,all_fuels,2131
2005-04-01,other,all_fuels,1634
2005-05-01,other,all_fuels,1573
2005-06-01,other,all_fuels,1764
2005-07-01,other,all_fuels,1703
2005-08-01,other,all_fuels,1618
2005-09-01,other,all_fuels,1730
2005-10-01,other,all_fuels,1567
2005-11-01,other,all_fuels,1306
2005-12-01,other,all_fuels,1719
2006-01-01,other,all_fuels,1541
2006-02-01,other,all_fuels,1348
2006-03-01,other,all_fuels,2008
2006-04-01,other,all_fuels,1552
2006-05-01,other,all_fuels,1823
2006-06-01,other,all_fuels,1920
2006-07-01,other,all_fuels,1763
2006-08-01,other,all_fuels,1870
2006-09-01,other,all_fuels,1834
2006-10-01,other,all_fuels,1563
2006-11-01,other,all_fuels,1888
2006-12-01,other,all_fuels,1891
2007-01-01,other,all_fuels,1931
2007-02-01,other,all_fuels,1464
2007-03-01,other,all_fuels,2004
2007-04-01,other,all_fuels,2162
2007-05-01,other,all_fuels,2306
2007-06-01,other,all_fuels,2022
2007-07-01,other,all_fuels,2324
2007-08-01,other,all_fuels,2385
2007-09-01,other,all_fuels,2284
2007-10-01,other,all_fuels,1997
2007-11-01,other,all_fuels,2217
2007-12-01,other,all_fuels,2221
2008-01-01,other,all_fuels,2249
2008-02-01,other,all_fuels,2205
2008-03-01,other,all_fuels,2383
2008-04-01,other,all_fuels,2638
2008-05-01,other,all_fuels,2439
2008-06-01,other,all_fuels,2567
2008-07-01,other,all_fuels,3091
2008-08-01,other,all_fuels,2306
2008-09-01,other,all_fuels,2686
2008-10-01,other,all_fuels,2255
2008-11-01,other,all_fuels,2232
2008-12-01,other,all_fuels,2078
2009-01-01,other,all_fuels,1795
2009-02-01,other,all_fuels,1455
2009-03-01,other,all_fuels,1779
2009-04-01,other,all_fuels,1627
2009-05-01,other,all_fuels,1630
2009-06-01,other,all_fuels,1874
2009-07-01,other,all_fuels,1962
2009-08-01,other,all_fuels,1987
2009-09-01,other,all_fuels,1998
2009-10-01,other,all_fuels,2263
2009-11-01,other,all_fuels,2040
2009-12-01,other,all_fuels,1778
2010-01-01,other,all_fuels,2676
2010-02-01,other,all_fuels,907
2010-03-01,other,all_fuels,2172
2010-04-01,other,all_fuels,2853
2010-05-01,other,all_fuels,2661
2010-06-01,other,all_fuels,2386
2010-07-01,other,all_fuels,2681
2010-08-01,other,all_fuels,2667
2010-09-01,other,all_fuels,2142
2010-10-01,other,all_fuels,2526
2010-11-01,other,all_fuels,2577
2010-12-01,other,all_fuels,2560
2011-01-01,other,all_fuels,2413
2011-02-01,other,all_fuels,1811
2011-03-01,other,all_fuels,2785
2011-04-01,other,all_fuels,2563
2011-05-01,other,all_fuels,2478
2011-06-01,other,all_fuels,2641
2011-07-01,other,all_fuels,2588
2011-08-01,other,all_fuels,2807
2011-09-01,other,all_fuels,2367
2011-10-01,other,all_fuels,2484
2011-11-01,other,all_fuels,2538
2011-12-01,other,all_fuels,2493
2012-01-01,other,all_fuels,2008
2012-02-01,other,all_fuels,2088
2012-03-01,other,all_fuels,2840
2012-04-01,other,all_fuels,2634
2012-05-01,other,all_fuels,2702
2012-06-01,other,all_fuels,2485
2012-07-01,other,all_fuels,2905
2012-08-01,other,all_fuels,2326
2012-09-01,other,all_fuels,2290
2012-10-01,other,all_fuels,2713
2012-11-01,other,all_fuels,2401
2012-12-01,other,all_fuels,2292
2013-01-01,other,all_fuels,2578
2013-02-01,other,all_fuels,1850
2013-03-01,other,all_fuels,2374
2013-04-01,other,all_fuels,2623
2013-05-01,other,all_fuels,2669
2013-06-01,other,all_fuels,2489
2013-07-01,other,all_fuels,2856
2013-08-01,other,all_fuels,2437
2013-09-01,other,all_fuels,2640
2013-10-01,other,all_fuels,2793
2013-11-01,other,all_fuels,2404
2013-12-01,other,all_fuels,2486
2014-01-01,other,all_fuels,2497
2014-02-01,other,all_fuels,2122
2014-03-01,other,all_fuels,2761
2014-04-01,other,all_fuels,2676
2014-05-01,other,all_fuels,2423
2014-06-01,other,all_fuels,2548
2014-07-01,other,all_fuels,2483
2014-08-01,other,all_fuels,2344
2014-09-01,other,all_fuels,2673
2014-10-01,other,all_fuels,2785
2014-11-01,other,all_fuels,2157
2014-12-01,other,all_fuels,2441
2015-01-01,other,all_fuels,2210
2015-02-01,other,all_fuels,1774
2015-03-01,other,all_fuels,3310
2015-04-01,other,all_fuels,2250
2015-05-01,other,all_fuels,1635
2015-06-01,other,all_fuels,1886
2015-07-01,other,all_fuels,1845
2015-08-01,other,all_fuels,1770
2015-09-01,other,all_fuels,1944
2015-10-01,other,all_fuels,1980
2015-11-01,other,all_fuels,1696
2015-12-01,other,all_fuels,1743
2016-01-01,other,all_fuels,1674
2016-02-01,other,all_fuels,1316
2016-03-01,other,all_fuels,1801
2016-04-01,other,all_fuels,1817
2016-05-01,other,all_fuels,1904
2016-06-01,other,all_fuels,1897
2016-07-01,other,all_fuels,1493
2016-08-01,other,all_fuels,1856
2016-09-01,other,all_fuels,1899
2016-10-01,other,all_fuels,1918
2016-11-01,other,all_fuels,1904
2016-12-01,other,all_fuels,1603
2017-01-01,other,all_fuels,1788
2017-02-01,other,all_fuels,1545
2017-03-01,other,all_fuels,2056
2017-04-01,other,all_fuels,1663
2017-05-01,other,all_fuels,2031
2017-06-01,other,all_fuels,1841
2017-07-01,other,all_fuels,2167
2017-08-01,other,all_fuels,2243
2017-09-01,other,all_fuels,1735
2017-10-01,other,all_fuels,2247
2017-11-01,other,all_fuels,2243
2017-12-01,other,all_fuels,1908
2018-01-01,other,all_fuels,2377
2018-02-01,other,all_fuels,1935
2018-03-01,other,all_fuels,2556
2018-04-01,other,all_fuels,2450
2018-05-01,other,all_fuels,2043
2018-06-01,other,all_fuels,2292
2018-07-01,other,all_fuels,2834
2018-08-01,other,all_fuels,3206
2018-09-01,other,all_fuels,2196
2018-10-01,other,all_fuels,2440
2018-11-01,other,all_fuels,1967
2018-12-01,other,all_fuels,2120
2019-01-01,other,all_fuels,2160
2019-02-01,other,all_fuels,1365
2019-03-01,other,all_fuels,2099
2019-04-01,other,all_fuels,2136
2019-05-01,other,all_fuels,2055
2019-06-01,other,all_fuels,1328
2019-07-01,other,all_fuels,2678
2019-08-01,other,all_fuels,2359
2019-09-01,other,all_fuels,1847
2019-10-01,other,all_fuels,2223
2019-11-01,other,all_fuels,1991
2019-12-01,other,all_fuels,2185
2020-01-01,other,all_fuels,1495
2020-02-01,other,all_fuels,1931
2020-03-01,other,all_fuels,1140
2020-05-01,other,all_fuels,884
2020-06-01,other,all_fuels,1711
2020-07-01,other,all_fuels,1884
2020-08-01,other,all_fuels,1842
2020-09-01,other,all_fuels,2036
2020-10-01,other,all_fuels,1954
2020-11-01,other,all_fuels,2024
2020-12-01,other,all_fuels,2031
2021-01-01,other,all_fuels,1663
2021-02-01,other,all_fuels,1584
2021-03-01,other,all_fuels,2170
2021-04-01,other,all_fuels,2098
2021-05-01,other,all_fuels,1814
2021-06-01,other,all_fuels,23
2021-07-01,other,all_fuels,1675
2021-08-01,other,all_fuels,2057
2021-09-01,other,all_fuels,2346
2021-10-01,other,all_fuels,2185
2021-11-01,other,all_fuels,2479
2021-12-01,other,all_fuels,2449
2022-01-01,other,all_fuels,2154
2022-02-01,other,all_fuels,1697
2022-03-01,other,all_fuels,2541
2022-04-01,other,all_fuels,2573
2022-05-01,other,all_fuels,1996
2022-06-01,other,all_fuels,2742
2022-07-01,other,all_fuels,2468
2022-08-01,other,all_fuels,2594
2022-09-01,other,all_fuels,2667
2022-10-01,other,all_fuels,2410
2022-11-01,other,all_fuels,2406
2022-12-01,other,all_fuels,2536
2023-01-01,other,all_fuels,2004
2023-02-01,other,all_fuels,2304
2023-03-01,other,all_fuels,2697
2023-04-01,other,all_fuels,2006
2023-05-01,other,all_fuels,2428
2023-06-01,other,all_fuels,2362
2023-07-01,other,all_fuels,2514
2023-08-01,other,all_fuels,2647
2023-09-01,other,all_fuels,2264
2023-10-01,other,all_fuels,2730
2023-11-01,other,all_fuels,2487
2023-12-01,other,all_fuels,2231
2024-01-01,other,all_fuels,2242
2024-02-01,other,all_fuels,1819
2024-03-01,other,all_fuels,2426
2024-04-01,other,all_fuels,2043
2024-05-01,other,all_fuels,2419
2024-06-01,other,all_fuels,2114
2024-07-01,other,all_fuels,2614
2024-08-01,other,all_fuels,2599
2024-09-01,other,all_fuels,2425
2024-10-01,other,all_fuels,2457
2024-11-01,other,all_fuels,2543
2024-12-01,other,all_fuels,2910
2025-01-01,other,all_fuels,2011
2025-02-01,other,all_fuels,1746
2025-03-01,other,all_fuels,2165
2025-04-01,other,all_fuels,2164
2025-05-01,other,all_fuels,2351
2025-06-01,other,all_fuels,2190
2025-07-01,other,all_fuels,2920
2025-08-01,other,all_fuels,2784
2025-09-01,other,all_fuels,2232
2025-10-01,other,all_fuels,2623
2025-11-01,other,all_fuels,2248
2025-12-01,other,all_fuels,2579
2026-01-01,other,all_fuels,2201
2026-02-01,other,all_fuels,1888
2026-03-01,other,all_fuels,2187
2026-04-01,other,all_fuels,2657
2000-01-01,other,diesel,568
2000-02-01,other,diesel,671
2000-03-01,other,diesel,1035
2000-04-01,other,diesel,997
2000-05-01,other,diesel,1018
2000-06-01,other,diesel,919
2000-07-01,other,diesel,1046
2000-08-01,other,diesel,1079
2000-09-01,other,diesel,1207
2000-10-01,other,diesel,917
2000-11-01,other,diesel,995
2000-12-01,other,diesel,916
2001-01-01,other,diesel,1110
2001-02-01,other,diesel,1019
2001-03-01,other,diesel,1175
2001-04-01,other,diesel,1164
2001-05-01,other,diesel,1216
2001-06-01,other,diesel,1071
2001-07-01,other,diesel,1146
2001-08-01,other,diesel,1350
2001-09-01,other,diesel,1110
2001-10-01,other,diesel,1081
2001-11-01,other,diesel,1164
2001-12-01,other,diesel,848
2002-01-01,other,diesel,1496
2002-02-01,other,diesel,716
2002-03-01,other,diesel,1093
2002-04-01,other,diesel,1319
2002-05-01,other,diesel,1096
2002-06-01,other,diesel,1094
2002-07-01,other,diesel,1436
2002-08-01,other,diesel,1231
2002-09-01,other,diesel,1124
2002-10-01,other,diesel,1260
2002-11-01,other,diesel,1298
2002-12-01,other,diesel,891
2003-01-01,other,diesel,1215
2003-02-01,other,diesel,788
2003-03-01,other,diesel,1216
2003-04-01,other,diesel,1545
2003-05-01,other,diesel,1355
2003-06-01,other,diesel,1308
2003-07-01,other,diesel,1458
2003-08-01,other,diesel,1390
2003-09-01,other,diesel,1423
2003-10-01,other,diesel,1420
2003-11-01,other,diesel,928
2003-12-01,other,diesel,1256
2004-01-01,other,diesel,981
2004-02-01,other,diesel,887
2004-03-01,other,diesel,1351
2004-04-01,other,diesel,1223
2004-05-01,other,diesel,1218
2004-06-01,other,diesel,1461
2004-07-01,other,diesel,1361
2004-08-01,other,diesel,1299
2004-09-01,other,diesel,1535
2004-10-01,other,diesel,1342
2004-11-01,other,diesel,925
2004-12-01,other,diesel,1085
2005-01-01,other,diesel,1096
2005-02-01,other,diesel,852
2005-03-01,other,diesel,1159
2005-04-01,other,diesel,1062
2005-05-01,other,diesel,1021
2005-06-01,other,diesel,1111
2005-07-01,other,diesel,1130
2005-08-01,other,diesel,1091
2005-09-01,other,diesel,1124
2005-10-01,other,diesel,1049
2005-11-01,other,diesel,870
2005-12-01,other,diesel,920
2006-01-01,other,diesel,852
2006-02-01,other,diesel,746
2006-03-01,other,diesel,1178
2006-04-01,other,diesel,890
2006-05-01,other,diesel,1074
2006-06-01,other,diesel,1085
2006-07-01,other,diesel,1080
2006-08-01,other,diesel,1114
2006-09-01,other,diesel,1151
2006-10-01,other,diesel,806
2006-11-01,other,diesel,1097
2006-12-01,other,diesel,1063
2007-01-01,other,diesel,1221
2007-02-01,other,diesel,934
2007-03-01,other,diesel,1141
2007-04-01,other,diesel,1266
2007-05-01,other,diesel,1475
2007-06-01,other,diesel,1442
2007-07-01,other,diesel,1644
2007-08-01,other,diesel,1471
2007-09-01,other,diesel,1430
2007-10-01,other,diesel,1318
2007-11-01,other,diesel,1416
2007-12-01,other,diesel,1317
2008-01-01,other,diesel,1537
2008-02-01,other,diesel,1334
2008-03-01,other,diesel,1530
2008-04-01,other,diesel,1721
2008-05-01,other,diesel,1495
2008-06-01,other,diesel,1682
2008-07-01,other,diesel,2011
2008-08-01,other,diesel,1560
2008-09-01,other,diesel,1750
2008-10-01,other,diesel,1350
2008-11-01,other,diesel,1384
2008-12-01,other,diesel,1188
2009-01-01,other,diesel,1002
2009-02-01,other,diesel,991
2009-03-01,other,diesel,1201
2009-04-01,other,diesel,1070
2009-05-01,other,diesel,1132
2009-06-01,other,diesel,1321
2009-07-01,other,diesel,1419
2009-08-01,other,diesel,1452
2009-09-01,other,diesel,1334
2009-10-01,other,diesel,1541
2009-11-01,other,diesel,1331
2009-12-01,other,diesel,1030
2010-01-01,other,diesel,1950
2010-02-01,other,diesel,386
2010-03-01,other,diesel,1593
2010-04-01,other,diesel,2023
2010-05-01,other,diesel,1771
2010-06-01,other,diesel,1593
2010-07-01,other,diesel,1834
2010-08-01,other,diesel,1864
2010-09-01,other,diesel,1355
2010-10-01,other,diesel,1646
2010-11-01,other,diesel,1568
2010-12-01,other,diesel,1527
2011-01-01,other,diesel,1634
2011-02-01,other,diesel,1069
2011-03-01,other,diesel,1902
2011-04-01,other,diesel,1758
2011-05-01,other,diesel,1691
2011-06-01,other,diesel,1746
2011-07-01,other,diesel,1752
2011-08-01,other,diesel,1902
2011-09-01,other,diesel,1648
2011-10-01,other,diesel,1795
2011-11-01,other,diesel,1678
2011-12-01,other,diesel,1590
2012-01-01,other,diesel,1346
2012-02-01,other,diesel,1496
2012-03-01,other,diesel,2079
2012-04-01,other,diesel,1808
2012-05-01,other,diesel,1985
2012-06-01,other,diesel,1826
2012-07-01,other,diesel,2029
2012-08-01,other,diesel,1592
2012-09-01,other,diesel,1648
2012-10-01,other,diesel,1907
2012-11-01,other,diesel,1609
2012-12-01,other,diesel,1473
2013-01-01,other,diesel,1726
2013-02-01,other,diesel,1243
2013-03-01,other,diesel,1629
2013-04-01,other,diesel,1831
2013-05-01,other,diesel,1707
2013-06-01,other,diesel,1705
2013-07-01,other,diesel,1893
2013-08-01,other,diesel,1671
2013-09-01,other,diesel,1720
2013-10-01,other,diesel,1869
2013-11-01,other,diesel,1529
2013-12-01,other,diesel,1516
2014-01-01,other,diesel,1635
2014-02-01,other,diesel,1225
2014-03-01,other,diesel,1702
2014-04-01,other,diesel,1721
2014-05-01,other,diesel,1571
2014-06-01,other,diesel,1592
2014-07-01,other,diesel,1610
2014-08-01,other,diesel,1518
2014-09-01,other,diesel,1628
2014-10-01,other,diesel,1772
2014-11-01,other,diesel,1262
2014-12-01,other,diesel,1404
2015-01-01,other,diesel,1385
2015-02-01,other,diesel,1068
2015-03-01,other,diesel,1842
2015-04-01,other,diesel,1611
2015-05-01,other,diesel,1009
2015-06-01,other,diesel,1140
2015-07-01,other,diesel,1138
2015-08-01,other,diesel,1142
2015-09-01,other,diesel,1197
2015-10-01,other,diesel,1100
2015-11-01,other,diesel,1038
2015-12-01,other,diesel,961
2016-01-01,other,diesel,1002
2016-02-01,other,diesel,844
2016-03-01,other,diesel,1029
2016-04-01,other,diesel,1093
2016-05-01,other,diesel,1107
2016-06-01,other,diesel,1117
2016-07-01,other,diesel,867
2016-08-01,other,diesel,1132
2016-09-01,other,diesel,1206
2016-10-01,other,diesel,1172
2016-11-01,other,diesel,1085
2016-12-01,other,diesel,964
2017-01-01,other,diesel,1075
2017-02-01,other,diesel,919
2017-03-01,other,diesel,1284
2017-04-01,other,diesel,1070
2017-05-01,other,diesel,1210
2017-06-01,other,diesel,1092
2017-07-01,other,diesel,1285
2017-08-01,other,diesel,1272
2017-09-01,other,diesel,1047
2017-10-01,other,diesel,1197
2017-11-01,other,diesel,1196
2017-12-01,other,diesel,1016
2018-01-01,other,diesel,1350
2018-02-01,other,diesel,1079
2018-03-01,other,diesel,1401
2018-04-01,other,diesel,1403
2018-05-01,other,diesel,1084
2018-06-01,other,diesel,1179
2018-07-01,other,diesel,1470
2018-08-01,other,diesel,1315
2018-09-01,other,diesel,1296
2018-10-01,other,diesel,1231
2018-11-01,other,diesel,1025
2018-12-01,other,diesel,1001
2019-01-01,other,diesel,1111
2019-02-01,other,diesel,688
2019-03-01,other,diesel,1053
2019-04-01,other,diesel,1036
2019-05-01,other,diesel,1073
2019-06-01,other,diesel,788
2019-07-01,other,diesel,1198
2019-08-01,other,diesel,1116
2019-09-01,other,diesel,994
2019-10-01,other,diesel,1132
2019-11-01,other,diesel,985
2019-12-01,other,diesel,905
2020-01-01,other,diesel,791
2020-02-01,other,diesel,971
2020-03-01,other,diesel,617
2020-05-01,other,diesel,532
2020-06-01,other,diesel,981
2020-07-01,other,diesel,1015
2020-08-01,other,diesel,919
2020-09-01,other,diesel,1153
2020-10-01,other,diesel,1036
2020-11-01,other,diesel,1144
2020-12-01,other,diesel,1019
2021-01-01,other,diesel,968
2021-02-01,other,diesel,956
2021-03-01,other,diesel,1319
2021-04-01,other,diesel,1212
2021-05-01,other,diesel,1104
2021-06-01,other,diesel,6
2021-07-01,other,diesel,1127
2021-08-01,other,diesel,1270
2021-09-01,other,diesel,1465
2021-10-01,other,diesel,1351
2021-11-01,other,diesel,1340
2021-12-01,other,diesel,1543
2022-01-01,other,diesel,1380
2022-02-01,other,diesel,1041
2022-03-01,other,diesel,1594
2022-04-01,other,diesel,1513
2022-05-01,other,diesel,1219
2022-06-01,other,diesel,1573
2022-07-01,other,diesel,1503
2022-08-01,other,diesel,1643
2022-09-01,other,diesel,1810
2022-10-01,other,diesel,1496
2022-11-01,other,diesel,1414
2022-12-01,other,diesel,1382
2023-01-01,other,diesel,1321
2023-02-01,other,diesel,1457
2023-03-01,other,diesel,1695
2023-04-01,other,diesel,1300
2023-05-01,other,diesel,1573
2023-06-01,other,diesel,1445
2023-07-01,other,diesel,1678
2023-08-01,other,diesel,1677
2023-09-01,other,diesel,1426
2023-10-01,other,diesel,1615
2023-11-01,other,diesel,1498
2023-12-01,other,diesel,1288
2024-01-01,other,diesel,1355
2024-02-01,other,diesel,1170
2024-03-01,other,diesel,1507
2024-04-01,other,diesel,1309
2024-05-01,other,diesel,1495
2024-06-01,other,diesel,1421
2024-07-01,other,diesel,1629
2024-08-01,other,diesel,1635
2024-09-01,other,diesel,1363
2024-10-01,other,diesel,1581
2024-11-01,other,diesel,1558
2024-12-01,other,diesel,1328
2025-01-01,other,diesel,1337
2025-02-01,other,diesel,1143
2025-03-01,other,diesel,1463
2025-04-01,other,diesel,1437
2025-05-01,other,diesel,1638
2025-06-01,other,diesel,1513
2025-07-01,other,diesel,1977
2025-08-01,other,diesel,1771
2025-09-01,other,diesel,1465
2025-10-01,other,diesel,1623
2025-11-01,other,diesel,1426
2025-12-01,other,diesel,1489
2026-01-01,other,diesel,1485
2026-02-01,other,diesel,1163
2026-03-01,other,diesel,1310
2026-04-01,other,diesel,1593
2001-06-01,other,electric,2
2003-03-01,other,electric,1
2003-12-01,other,electric,1
2006-07-01,other,electric,1
2010-12-01,other,electric,1
2011-05-01,other,electric,1
2011-11-01,other,electric,1
2011-12-01,other,electric,5
2012-01-01,other,electric,8
2012-02-01,other,electric,5
2012-03-01,other,electric,8
2012-04-01,other,electric,17
2012-05-01,other,electric,3
2012-06-01,other,electric,4
2012-07-01,other,electric,12
2012-08-01,other,electric,13
2012-09-01,other,electric,3
2012-10-01,other,electric,10
2012-11-01,other,electric,13
2012-12-01,other,electric,11
2013-01-01,other,electric,8
2013-02-01,other,electric,5
2013-03-01,other,electric,4
2013-04-01,other,electric,10
2013-05-01,other,electric,11
2013-06-01,other,electric,11
2013-07-01,other,electric,5
2013-08-01,other,electric,3
2013-09-01,other,electric,5
2013-10-01,other,electric,11
2013-11-01,other,electric,11
2013-12-01,other,electric,4
2014-01-01,other,electric,4
2014-02-01,other,electric,4
2014-03-01,other,electric,6
2014-04-01,other,electric,8
2014-05-01,other,electric,7
2014-06-01,other,electric,7
2014-07-01,other,electric,8
2014-08-01,other,electric,5
2014-09-01,other,electric,8
2014-10-01,other,electric,8
2014-11-01,other,electric,5
2014-12-01,other,electric,3
2015-01-01,other,electric,17
2015-02-01,other,electric,38
2015-03-01,other,electric,30
2015-04-01,other,electric,59
2015-05-01,other,electric,44
2015-06-01,other,electric,66
2015-07-01,other,electric,33
2015-08-01,other,electric,37
2015-09-01,other,electric,54
2015-10-01,other,electric,57
2015-11-01,other,electric,36
2015-12-01,other,electric,55
2016-01-01,other,electric,49
2016-02-01,other,electric,44
2016-03-01,other,electric,58
2016-04-01,other,electric,46
2016-05-01,other,electric,56
2016-06-01,other,electric,43
2016-07-01,other,electric,33
2016-08-01,other,electric,52
2016-09-01,other,electric,58
2016-10-01,other,electric,68
2016-11-01,other,electric,79
2016-12-01,other,electric,49
2017-01-01,other,electric,53
2017-02-01,other,electric,20
2017-03-01,other,electric,54
2017-04-01,other,electric,72
2017-05-01,other,electric,69
2017-06-01,other,electric,51
2017-07-01,other,electric,74
2017-08-01,other,electric,43
2017-09-01,other,electric,2
2017-10-01,other,electric,3
2017-11-01,other,electric,14
2017-12-01,other,electric,36
2018-01-01,other,electric,49
2018-02-01,other,electric,43
2018-03-01,other,electric,60
2018-04-01,other,electric,67
2018-05-01,other,electric,53
2018-06-01,other,electric,51
2018-07-01,other,electric,68
2018-08-01,other,electric,71
2018-09-01,other,electric,53
2018-10-01,other,electric,89
2018-11-01,other,electric,115
2018-12-01,other,electric,137
2019-01-01,other,electric,124
2019-02-01,other,electric,51
2019-03-01,other,electric,57
2019-04-01,other,electric,73
2019-05-01,other,electric,110
2019-06-01,other,electric,27
2019-07-01,other,electric,35
2019-08-01,other,electric,62
2019-09-01,other,electric,83
2019-10-01,other,electric,69
2019-11-01,other,electric,56
2019-12-01,other,electric,54
2020-01-01,other,electric,62
2020-02-01,other,electric,44
2020-03-01,other,electric,29
2020-05-01,other,electric,46
2020-06-01,other,electric,62
2020-07-01,other,electric,66
2020-08-01,other,electric,52
2020-09-01,other,electric,80
2020-10-01,other,electric,63
2020-11-01,other,electric,30
2020-12-01,other,electric,54
2021-01-01,other,electric,57
2021-02-01,other,electric,53
2021-03-01,other,electric,67
2021-04-01,other,electric,61
2021-05-01,other,electric,44
2021-07-01,other,electric,36
2021-08-01,other,electric,28
2021-09-01,other,electric,66
2021-10-01,other,electric,57
2021-11-01,other,electric,126
2021-12-01,other,electric,74
2022-01-01,other,electric,58
2022-02-01,other,electric,38
2022-03-01,other,electric,85
2022-04-01,other,electric,114
2022-05-01,other,electric,73
2022-06-01,other,electric,70
2022-07-01,other,electric,32
2022-08-01,other,electric,91
2022-09-01,other,electric,72
2022-10-01,other,electric,69
2022-11-01,other,electric,82
2022-12-01,other,electric,101
2023-01-01,other,electric,76
2023-02-01,other,electric,82
2023-03-01,other,electric,85
2023-04-01,other,electric,56
2023-05-01,other,electric,89
2023-06-01,other,electric,79
2023-07-01,other,electric,105
2023-08-01,other,electric,100
2023-09-01,other,electric,142
2023-10-01,other,electric,242
2023-11-01,other,electric,104
2023-12-01,other,electric,74
2024-01-01,other,electric,114
2024-02-01,other,electric,104
2024-03-01,other,electric,112
2024-04-01,other,electric,62
2024-05-01,other,electric,105
2024-06-01,other,electric,94
2024-07-01,other,electric,139
2024-08-01,other,electric,108
2024-09-01,other,electric,102
2024-10-01,other,electric,142
2024-11-01,other,electric,70
2024-12-01,other,electric,122
2025-01-01,other,electric,124
2025-02-01,other,electric,94
2025-03-01,other,electric,107
2025-04-01,other,electric,101
2025-05-01,other,electric,133
2025-06-01,other,electric,101
2025-07-01,other,electric,111
2025-08-01,other,electric,120
2025-09-01,other,electric,118
2025-10-01,other,electric,128
2025-11-01,other,electric,105
2025-12-01,other,electric,85
2026-01-01,other,electric,108
2026-02-01,other,electric,97
2026-03-01,other,electric,92
2026-04-01,other,electric,143
2000-01-01,other,greendiesel,32
2000-02-01,other,greendiesel,54
2000-03-01,other,greendiesel,86
2000-04-01,other,greendiesel,122
2000-05-01,other,greendiesel,70
2000-06-01,other,greendiesel,96
2000-07-01,other,greendiesel,96
2000-08-01,other,greendiesel,46
2000-09-01,other,greendiesel,48
2000-10-01,other,greendiesel,86
2000-11-01,other,greendiesel,48
2000-12-01,other,greendiesel,33
2001-01-01,other,greendiesel,98
2001-02-01,other,greendiesel,86
2001-03-01,other,greendiesel,82
2001-04-01,other,greendiesel,39
2001-05-01,other,greendiesel,125
2001-06-01,other,greendiesel,40
2001-07-01,other,greendiesel,60
2001-08-01,other,greendiesel,39
2001-09-01,other,greendiesel,33
2001-10-01,other,greendiesel,79
2001-11-01,other,greendiesel,53
2001-12-01,other,greendiesel,39
2002-01-01,other,greendiesel,36
2002-02-01,other,greendiesel,49
2002-03-01,other,greendiesel,82
2002-04-01,other,greendiesel,61
2002-05-01,other,greendiesel,43
2002-06-01,other,greendiesel,98
2002-07-01,other,greendiesel,68
2002-08-01,other,greendiesel,80
2002-09-01,other,greendiesel,60
2002-10-01,other,greendiesel,96
2002-11-01,other,greendiesel,95
2002-12-01,other,greendiesel,57
2003-01-01,other,greendiesel,78
2003-02-01,other,greendiesel,66
2003-03-01,other,greendiesel,135
2003-04-01,other,greendiesel,95
2003-05-01,other,greendiesel,138
2003-06-01,other,greendiesel,115
2003-07-01,other,greendiesel,99
2003-08-01,other,greendiesel,115
2003-09-01,other,greendiesel,104
2003-10-01,other,greendiesel,83
2003-11-01,other,greendiesel,57
2003-12-01,other,greendiesel,153
2004-01-01,other,greendiesel,68
2004-02-01,other,greendiesel,34
2004-03-01,other,greendiesel,91
2004-04-01,other,greendiesel,127
2004-05-01,other,greendiesel,118
2004-06-01,other,greendiesel,165
2004-07-01,other,greendiesel,242
2004-08-01,other,greendiesel,207
2004-09-01,other,greendiesel,127
2004-10-01,other,greendiesel,137
2004-11-01,other,greendiesel,85
2004-12-01,other,greendiesel,201
2005-01-01,other,greendiesel,142
2005-02-01,other,greendiesel,113
2005-03-01,other,greendiesel,217
2005-04-01,other,greendiesel,170
2005-05-01,other,greendiesel,115
2005-06-01,other,greendiesel,161
2005-07-01,other,greendiesel,137
2005-08-01,other,greendiesel,145
2005-09-01,other,greendiesel,165
2005-10-01,other,greendiesel,125
2005-11-01,other,greendiesel,99
2005-12-01,other,greendiesel,183
2006-01-01,other,greendiesel,179
2006-02-01,other,greendiesel,158
2006-03-01,other,greendiesel,154
2006-04-01,other,greendiesel,163
2006-05-01,other,greendiesel,192
2006-06-01,other,greendiesel,192
2006-07-01,other,greendiesel,172
2006-08-01,other,greendiesel,216
2006-09-01,other,greendiesel,180
2006-10-01,other,greendiesel,168
2006-11-01,other,greendiesel,163
2006-12-01,other,greendiesel,178
2007-01-01,other,greendiesel,177
2007-02-01,other,greendiesel,91
2007-03-01,other,greendiesel,156
2007-04-01,other,greendiesel,157
2007-05-01,other,greendiesel,151
2007-06-01,other,greendiesel,94
2007-07-01,other,greendiesel,192
2007-08-01,other,greendiesel,179
2007-09-01,other,greendiesel,202
2007-10-01,other,greendiesel,160
2007-11-01,other,greendiesel,178
2007-12-01,other,greendiesel,143
2008-01-01,other,greendiesel,205
2008-02-01,other,greendiesel,167
2008-03-01,other,greendiesel,215
2008-04-01,other,greendiesel,179
2008-05-01,other,greendiesel,247
2008-06-01,other,greendiesel,252
2008-07-01,other,greendiesel,247
2008-08-01,other,greendiesel,157
2008-09-01,other,greendiesel,229
2008-10-01,other,greendiesel,193
2008-11-01,other,greendiesel,282
2008-12-01,other,greendiesel,242
2009-01-01,other,greendiesel,173
2009-02-01,other,greendiesel,131
2009-03-01,other,greendiesel,158
2009-04-01,other,greendiesel,145
2009-05-01,other,greendiesel,130
2009-06-01,other,greendiesel,109
2009-07-01,other,greendiesel,113
2009-08-01,other,greendiesel,102
2009-09-01,other,greendiesel,147
2009-10-01,other,greendiesel,226
2009-11-01,other,greendiesel,175
2009-12-01,other,greendiesel,231
2010-01-01,other,greendiesel,169
2010-02-01,other,greendiesel,122
2010-03-01,other,greendiesel,172
2010-04-01,other,greendiesel,217
2010-05-01,other,greendiesel,195
2010-06-01,other,greendiesel,290
2010-07-01,other,greendiesel,248
2010-08-01,other,greendiesel,249
2010-09-01,other,greendiesel,233
2010-10-01,other,greendiesel,269
2010-11-01,other,greendiesel,237
2010-12-01,other,greendiesel,272
2011-01-01,other,greendiesel,247
2011-02-01,other,greendiesel,235
2011-03-01,other,greendiesel,244
2011-04-01,other,greendiesel,199
2011-05-01,other,greendiesel,206
2011-06-01,other,greendiesel,361
2011-07-01,other,greendiesel,238
2011-08-01,other,greendiesel,277
2011-09-01,other,greendiesel,230
2011-10-01,other,greendiesel,223
2011-11-01,other,greendiesel,249
2011-12-01,other,greendiesel,285
2012-01-01,other,greendiesel,190
2012-02-01,other,greendiesel,204
2012-03-01,other,greendiesel,266
2012-04-01,other,greendiesel,256
2012-05-01,other,greendiesel,222
2012-06-01,other,greendiesel,231
2012-07-01,other,greendiesel,295
2012-08-01,other,greendiesel,203
2012-09-01,other,greendiesel,194
2012-10-01,other,greendiesel,300
2012-11-01,other,greendiesel,317
2012-12-01,other,greendiesel,241
2013-01-01,other,greendiesel,279
2013-02-01,other,greendiesel,169
2013-03-01,other,greendiesel,225
2013-04-01,other,greendiesel,291
2013-05-01,other,greendiesel,345
2013-06-01,other,greendiesel,251
2013-07-01,other,greendiesel,332
2013-08-01,other,greendiesel,217
2013-09-01,other,greendiesel,268
2013-10-01,other,greendiesel,272
2013-11-01,other,greendiesel,280
2013-12-01,other,greendiesel,312
2014-01-01,other,greendiesel,253
2014-02-01,other,greendiesel,257
2014-03-01,other,greendiesel,245
2014-04-01,other,greendiesel,242
2014-05-01,other,greendiesel,258
2014-06-01,other,greendiesel,304
2014-07-01,other,greendiesel,261
2014-08-01,other,greendiesel,201
2014-09-01,other,greendiesel,335
2014-10-01,other,greendiesel,289
2014-11-01,other,greendiesel,258
2014-12-01,other,greendiesel,329
2015-01-01,other,greendiesel,217
2015-02-01,other,greendiesel,208
2015-03-01,other,greendiesel,421
2015-04-01,other,greendiesel,164
2015-05-01,other,greendiesel,203
2015-06-01,other,greendiesel,221
2015-07-01,other,greendiesel,184
2015-08-01,other,greendiesel,229
2015-09-01,other,greendiesel,224
2015-10-01,other,greendiesel,200
2015-11-01,other,greendiesel,206
2015-12-01,other,greendiesel,255
2016-01-01,other,greendiesel,207
2016-02-01,other,greendiesel,170
2016-03-01,other,greendiesel,256
2016-04-01,other,greendiesel,227
2016-05-01,other,greendiesel,234
2016-06-01,other,greendiesel,258
2016-07-01,other,greendiesel,207
2016-08-01,other,greendiesel,239
2016-09-01,other,greendiesel,199
2016-10-01,other,greendiesel,244
2016-11-01,other,greendiesel,292
2016-12-01,other,greendiesel,261
2017-01-01,other,greendiesel,223
2017-02-01,other,greendiesel,215
2017-03-01,other,greendiesel,234
2017-04-01,other,greendiesel,219
2017-05-01,other,greendiesel,286
2017-06-01,other,greendiesel,234
2017-07-01,other,greendiesel,260
2017-08-01,other,greendiesel,350
2017-09-01,other,greendiesel,236
2017-10-01,other,greendiesel,295
2017-11-01,other,greendiesel,367
2017-12-01,other,greendiesel,270
2018-01-01,other,greendiesel,313
2018-02-01,other,greendiesel,288
2018-03-01,other,greendiesel,294
2018-04-01,other,greendiesel,293
2018-05-01,other,greendiesel,312
2018-06-01,other,greendiesel,367
2018-07-01,other,greendiesel,375
2018-08-01,other,greendiesel,636
2018-09-01,other,greendiesel,331
2018-10-01,other,greendiesel,403
2018-11-01,other,greendiesel,283
2018-12-01,other,greendiesel,329
2019-01-01,other,greendiesel,295
2019-02-01,other,greendiesel,162
2019-03-01,other,greendiesel,349
2019-04-01,other,greendiesel,324
2019-05-01,other,greendiesel,316
2019-06-01,other,greendiesel,229
2019-07-01,other,greendiesel,369
2019-08-01,other,greendiesel,370
2019-09-01,other,greendiesel,283
2019-10-01,other,greendiesel,383
2019-11-01,other,greendiesel,395
2019-12-01,other,greendiesel,592
2020-01-01,other,greendiesel,247
2020-02-01,other,greendiesel,267
2020-03-01,other,greendiesel,194
2020-05-01,other,greendiesel,82
2020-06-01,other,greendiesel,189
2020-07-01,other,greendiesel,265
2020-08-01,other,greendiesel,268
2020-09-01,other,greendiesel,308
2020-10-01,other,greendiesel,292
2020-11-01,other,greendiesel,280
2020-12-01,other,greendiesel,316
2021-01-01,other,greendiesel,239
2021-02-01,other,greendiesel,225
2021-03-01,other,greendiesel,317
2021-04-01,other,greendiesel,312
2021-05-01,other,greendiesel,239
2021-06-01,other,greendiesel,6
2021-07-01,other,greendiesel,216
2021-08-01,other,greendiesel,261
2021-09-01,other,greendiesel,260
2021-10-01,other,greendiesel,261
2021-11-01,other,greendiesel,358
2021-12-01,other,greendiesel,362
2022-01-01,other,greendiesel,312
2022-02-01,other,greendiesel,209
2022-03-01,other,greendiesel,326
2022-04-01,other,greendiesel,344
2022-05-01,other,greendiesel,250
2022-06-01,other,greendiesel,403
2022-07-01,other,greendiesel,343
2022-08-01,other,greendiesel,357
2022-09-01,other,greendiesel,325
2022-10-01,other,greendiesel,309
2022-11-01,other,greendiesel,390
2022-12-01,other,greendiesel,472
2023-01-01,other,greendiesel,261
2023-02-01,other,greendiesel,295
2023-03-01,other,greendiesel,378
2023-04-01,other,greendiesel,249
2023-05-01,other,greendiesel,317
2023-06-01,other,greendiesel,324
2023-07-01,other,greendiesel,358
2023-08-01,other,greendiesel,413
2023-09-01,other,greendiesel,319
2023-10-01,other,greendiesel,383
2023-11-01,other,greendiesel,391
2023-12-01,other,greendiesel,409
2024-01-01,other,greendiesel,351
2024-02-01,other,greendiesel,241
2024-03-01,other,greendiesel,347
2024-04-01,other,greendiesel,318
2024-05-01,other,greendiesel,365
2024-06-01,other,greendiesel,302
2024-07-01,other,greendiesel,415
2024-08-01,other,greendiesel,412
2024-09-01,other,greendiesel,467
2024-10-01,other,greendiesel,278
2024-11-01,other,greendiesel,393
2024-12-01,other,greendiesel,1013
2025-01-01,other,greendiesel,191
2025-02-01,other,greendiesel,176
2025-03-01,other,greendiesel,200
2025-04-01,other,greendiesel,204
2025-05-01,other,greendiesel,229
2025-06-01,other,greendiesel,243
2025-07-01,other,greendiesel,321
2025-08-01,other,greendiesel,363
2025-09-01,other,greendiesel,266
2025-10-01,other,greendiesel,376
2025-11-01,other,greendiesel,318
2025-12-01,other,greendiesel,433
2026-01-01,other,greendiesel,248
2026-02-01,other,greendiesel,266
2026-03-01,other,greendiesel,326
2026-04-01,other,greendiesel,377
2010-08-01,other,hybrid,1
2022-01-01,other,hybrid,1
2025-12-01,other,hybrid,1
2000-01-01,other,other,100
2000-02-01,other,other,66
2000-03-01,other,other,117
2000-04-01,other,other,105
2000-05-01,other,other,131
2000-06-01,other,other,101
2000-07-01,other,other,109
2000-08-01,other,other,143
2000-09-01,other,other,142
2000-10-01,other,other,125
2000-11-01,other,other,111
2000-12-01,other,other,94
2001-01-01,other,other,223
2001-02-01,other,other,181
2001-03-01,other,other,220
2001-04-01,other,other,186
2001-05-01,other,other,215
2001-06-01,other,other,370
2001-07-01,other,other,451
2001-08-01,other,other,298
2001-09-01,other,other,175
2001-10-01,other,other,165
2001-11-01,other,other,103
2001-12-01,other,other,166
2002-01-01,other,other,187
2002-02-01,other,other,120
2002-03-01,other,other,102
2002-04-01,other,other,150
2002-05-01,other,other,116
2002-06-01,other,other,163
2002-07-01,other,other,146
2002-08-01,other,other,181
2002-09-01,other,other,127
2002-10-01,other,other,178
2002-11-01,other,other,157
2002-12-01,other,other,120
2003-01-01,other,other,109
2003-02-01,other,other,112
2003-03-01,other,other,139
2003-04-01,other,other,257
2003-05-01,other,other,201
2003-06-01,other,other,228
2003-07-01,other,other,199
2003-08-01,other,other,163
2003-09-01,other,other,138
2003-10-01,other,other,211
2003-11-01,other,other,228
2003-12-01,other,other,248
2004-01-01,other,other,198
2004-02-01,other,other,164
2004-03-01,other,other,328
2004-04-01,other,other,234
2004-05-01,other,other,254
2004-06-01,other,other,299
2004-07-01,other,other,370
2004-08-01,other,other,222
2004-09-01,other,other,300
2004-10-01,other,other,245
2004-11-01,other,other,181
2004-12-01,other,other,457
2005-01-01,other,other,452
2005-02-01,other,other,362
2005-03-01,other,other,676
2005-04-01,other,other,335
2005-05-01,other,other,366
2005-06-01,other,other,444
2005-07-01,other,other,372
2005-08-01,other,other,306
2005-09-01,other,other,374
2005-10-01,other,other,332
2005-11-01,other,other,284
2005-12-01,other,other,556
2006-01-01,other,other,461
2006-02-01,other,other,397
2006-03-01,other,other,591
2006-04-01,other,other,447
2006-05-01,other,other,482
2006-06-01,other,other,595
2006-07-01,other,other,444
2006-08-01,other,other,465
2006-09-01,other,other,447
2006-10-01,other,other,545
2006-11-01,other,other,574
2006-12-01,other,other,557
2007-01-01,other,other,489
2007-02-01,other,other,407
2007-03-01,other,other,650
2007-04-01,other,other,677
2007-05-01,other,other,617
2007-06-01,other,other,407
2007-07-01,other,other,415
2007-08-01,other,other,686
2007-09-01,other,other,605
2007-10-01,other,other,422
2007-11-01,other,other,545
2007-12-01,other,other,666
2008-01-01,other,other,462
2008-02-01,other,other,677
2008-03-01,other,other,597
2008-04-01,other,other,705
2008-05-01,other,other,623
2008-06-01,other,other,591
2008-07-01,other,other,774
2008-08-01,other,other,537
2008-09-01,other,other,639
2008-10-01,other,other,660
2008-11-01,other,other,507
2008-12-01,other,other,580
2009-01-01,other,other,575
2009-02-01,other,other,296
2009-03-01,other,other,375
2009-04-01,other,other,376
2009-05-01,other,other,335
2009-06-01,other,other,405
2009-07-01,other,other,387
2009-08-01,other,other,391
2009-09-01,other,other,478
2009-10-01,other,other,430
2009-11-01,other,other,476
2009-12-01,other,other,477
2010-01-01,other,other,519
2010-02-01,other,other,362
2010-03-01,other,other,373
2010-04-01,other,other,529
2010-05-01,other,other,631
2010-06-01,other,other,468
2010-07-01,other,other,567
2010-08-01,other,other,521
2010-09-01,other,other,493
2010-10-01,other,other,552
2010-11-01,other,other,707
2010-12-01,other,other,660
2011-01-01,other,other,492
2011-02-01,other,other,471
2011-03-01,other,other,602
2011-04-01,other,other,540
2011-05-01,other,other,520
2011-06-01,other,other,486
2011-07-01,other,other,551
2011-08-01,other,other,593
2011-09-01,other,other,460
2011-10-01,other,other,437
2011-11-01,other,other,573
2011-12-01,other,other,575
2012-01-01,other,other,435
2012-02-01,other,other,349
2012-03-01,other,other,438
2012-04-01,other,other,498
2012-05-01,other,other,430
2012-06-01,other,other,359
2012-07-01,other,other,513
2012-08-01,other,other,477
2012-09-01,other,other,412
2012-10-01,other,other,470
2012-11-01,other,other,437
2012-12-01,other,other,497
2013-01-01,other,other,494
2013-02-01,other,other,391
2013-03-01,other,other,468
2013-04-01,other,other,450
2013-05-01,other,other,559
2013-06-01,other,other,467
2013-07-01,other,other,589
2013-08-01,other,other,498
2013-09-01,other,other,609
2013-10-01,other,other,562
2013-11-01,other,other,502
2013-12-01,other,other,618
2014-01-01,other,other,570
2014-02-01,other,other,613
2014-03-01,other,other,749
2014-04-01,other,other,658
2014-05-01,other,other,542
2014-06-01,other,other,608
2014-07-01,other,other,535
2014-08-01,other,other,542
2014-09-01,other,other,657
2014-10-01,other,other,680
2014-11-01,other,other,585
2014-12-01,other,other,639
2015-01-01,other,other,553
2015-02-01,other,other,442
2015-03-01,other,other,947
2015-04-01,other,other,384
2015-05-01,other,other,351
2015-06-01,other,other,427
2015-07-01,other,other,447
2015-08-01,other,other,310
2015-09-01,other,other,445
2015-10-01,other,other,577
2015-11-01,other,other,379
2015-12-01,other,other,420
2016-01-01,other,other,374
2016-02-01,other,other,209
2016-03-01,other,other,399
2016-04-01,other,other,422
2016-05-01,other,other,465
2016-06-01,other,other,426
2016-07-01,other,other,354
2016-08-01,other,other,406
2016-09-01,other,other,409
2016-10-01,other,other,406
2016-11-01,other,other,408
2016-12-01,other,other,301
2017-01-01,other,other,422
2017-02-01,other,other,382
2017-03-01,other,other,446
2017-04-01,other,other,279
2017-05-01,other,other,450
2017-06-01,other,other,447
2017-07-01,other,other,498
2017-08-01,other,other,522
2017-09-01,other,other,385
2017-10-01,other,other,690
2017-11-01,other,other,619
2017-12-01,other,other,544
2018-01-01,other,other,593
2018-02-01,other,other,473
2018-03-01,other,other,768
2018-04-01,other,other,618
2018-05-01,other,other,541
2018-06-01,other,other,642
2018-07-01,other,other,865
2018-08-01,other,other,1145
2018-09-01,other,other,490
2018-10-01,other,other,691
2018-11-01,other,other,511
2018-12-01,other,other,625
2019-01-01,other,other,610
2019-02-01,other,other,453
2019-03-01,other,other,622
2019-04-01,other,other,674
2019-05-01,other,other,534
2019-06-01,other,other,261
2019-07-01,other,other,1030
2019-08-01,other,other,781
2019-09-01,other,other,469
2019-10-01,other,other,610
2019-11-01,other,other,528
2019-12-01,other,other,606
2020-01-01,other,other,377
2020-02-01,other,other,629
2020-03-01,other,other,284
2020-05-01,other,other,216
2020-06-01,other,other,450
2020-07-01,other,other,510
2020-08-01,other,other,579
2020-09-01,other,other,470
2020-10-01,other,other,543
2020-11-01,other,other,547
2020-12-01,other,other,618
2021-01-01,other,other,378
2021-02-01,other,other,337
2021-03-01,other,other,445
2021-04-01,other,other,488
2021-05-01,other,other,393
2021-06-01,other,other,11
2021-07-01,other,other,265
2021-08-01,other,other,467
2021-09-01,other,other,508
2021-10-01,other,other,492
2021-11-01,other,other,609
2021-12-01,other,other,438
2022-01-01,other,other,369
2022-02-01,other,other,389
2022-03-01,other,other,477
2022-04-01,other,other,556
2022-05-01,other,other,427
2022-06-01,other,other,661
2022-07-01,other,other,551
2022-08-01,other,other,452
2022-09-01,other,other,416
2022-10-01,other,other,501
2022-11-01,other,other,482
2022-12-01,other,other,552
2023-01-01,other,other,325
2023-02-01,other,other,426
2023-03-01,other,other,502
2023-04-01,other,other,372
2023-05-01,other,other,423
2023-06-01,other,other,462
2023-07-01,other,other,346
2023-08-01,other,other,434
2023-09-01,other,other,359
2023-10-01,other,other,449
2023-11-01,other,other,466
2023-12-01,other,other,435
2024-01-01,other,other,396
2024-02-01,other,other,283
2024-03-01,other,other,431
2024-04-01,other,other,334
2024-05-01,other,other,435
2024-06-01,other,other,278
2024-07-01,other,other,400
2024-08-01,other,other,418
2024-09-01,other,other,436
2024-10-01,other,other,423
2024-11-01,other,other,492
2024-12-01,other,other,431
2025-01-01,other,other,343
2025-02-01,other,other,323
2025-03-01,other,other,375
2025-04-01,other,other,390
2025-05-01,other,other,321
2025-06-01,other,other,322
2025-07-01,other,other,493
2025-08-01,other,other,519
2025-09-01,other,other,366
2025-10-01,other,other,479
2025-11-01,other,other,390
2025-12-01,other,other,551
2026-01-01,other,other,339
2026-02-01,other,other,354
2026-03-01,other,other,444
2026-04-01,other,other,529
2000-01-01,other,petrol,62
2000-02-01,other,petrol,64
2000-03-01,other,petrol,60
2000-04-01,other,petrol,60
2000-05-01,other,petrol,64
2000-06-01,other,petrol,84
2000-07-01,other,petrol,78
2000-08-01,other,petrol,83
2000-09-01,other,petrol,62
2000-10-01,other,petrol,55
2000-11-01,other,petrol,85
2000-12-01,other,petrol,73
2001-01-01,other,petrol,94
2001-02-01,other,petrol,77
2001-03-01,other,petrol,107
2001-04-01,other,petrol,72
2001-05-01,other,petrol,59
2001-06-01,other,petrol,78
2001-07-01,other,petrol,72
2001-08-01,other,petrol,95
2001-09-01,other,petrol,56
2001-10-01,other,petrol,80
2001-11-01,other,petrol,71
2001-12-01,other,petrol,53
2002-01-01,other,petrol,37
2002-02-01,other,petrol,41
2002-03-01,other,petrol,38
2002-04-01,other,petrol,59
2002-05-01,other,petrol,42
2002-06-01,other,petrol,59
2002-07-01,other,petrol,59
2002-08-01,other,petrol,83
2002-09-01,other,petrol,57
2002-10-01,other,petrol,43
2002-11-01,other,petrol,44
2002-12-01,other,petrol,39
2003-01-01,other,petrol,50
2003-02-01,other,petrol,40
2003-03-01,other,petrol,61
2003-04-01,other,petrol,38
2003-05-01,other,petrol,52
2003-06-01,other,petrol,52
2003-07-01,other,petrol,65
2003-08-01,other,petrol,57
2003-09-01,other,petrol,62
2003-10-01,other,petrol,65
2003-11-01,other,petrol,37
2003-12-01,other,petrol,53
2004-01-01,other,petrol,53
2004-02-01,other,petrol,44
2004-03-01,other,petrol,71
2004-04-01,other,petrol,51
2004-05-01,other,petrol,46
2004-06-01,other,petrol,48
2004-07-01,other,petrol,46
2004-08-01,other,petrol,53
2004-09-01,other,petrol,47
2004-10-01,other,petrol,50
2004-11-01,other,petrol,55
2004-12-01,other,petrol,53
2005-01-01,other,petrol,39
2005-02-01,other,petrol,34
2005-03-01,other,petrol,79
2005-04-01,other,petrol,67
2005-05-01,other,petrol,71
2005-06-01,other,petrol,48
2005-07-01,other,petrol,64
2005-08-01,other,petrol,76
2005-09-01,other,petrol,67
2005-10-01,other,petrol,61
2005-11-01,other,petrol,53
2005-12-01,other,petrol,60
2006-01-01,other,petrol,49
2006-02-01,other,petrol,47
2006-03-01,other,petrol,85
2006-04-01,other,petrol,52
2006-05-01,other,petrol,75
2006-06-01,other,petrol,48
2006-07-01,other,petrol,66
2006-08-01,other,petrol,75
2006-09-01,other,petrol,56
2006-10-01,other,petrol,44
2006-11-01,other,petrol,54
2006-12-01,other,petrol,93
2007-01-01,other,petrol,44
2007-02-01,other,petrol,32
2007-03-01,other,petrol,57
2007-04-01,other,petrol,62
2007-05-01,other,petrol,63
2007-06-01,other,petrol,79
2007-07-01,other,petrol,73
2007-08-01,other,petrol,49
2007-09-01,other,petrol,47
2007-10-01,other,petrol,97
2007-11-01,other,petrol,78
2007-12-01,other,petrol,95
2008-01-01,other,petrol,45
2008-02-01,other,petrol,27
2008-03-01,other,petrol,41
2008-04-01,other,petrol,33
2008-05-01,other,petrol,74
2008-06-01,other,petrol,42
2008-07-01,other,petrol,59
2008-08-01,other,petrol,52
2008-09-01,other,petrol,68
2008-10-01,other,petrol,52
2008-11-01,other,petrol,59
2008-12-01,other,petrol,68
2009-01-01,other,petrol,45
2009-02-01,other,petrol,37
2009-03-01,other,petrol,45
2009-04-01,other,petrol,36
2009-05-01,other,petrol,33
2009-06-01,other,petrol,39
2009-07-01,other,petrol,43
2009-08-01,other,petrol,42
2009-09-01,other,petrol,39
2009-10-01,other,petrol,66
2009-11-01,other,petrol,58
2009-12-01,other,petrol,40
2010-01-01,other,petrol,38
2010-02-01,other,petrol,37
2010-03-01,other,petrol,34
2010-04-01,other,petrol,84
2010-05-01,other,petrol,64
2010-06-01,other,petrol,35
2010-07-01,other,petrol,32
2010-08-01,other,petrol,32
2010-09-01,other,petrol,61
2010-10-01,other,petrol,59
2010-11-01,other,petrol,65
2010-12-01,other,petrol,100
2011-01-01,other,petrol,40
2011-02-01,other,petrol,36
2011-03-01,other,petrol,37
2011-04-01,other,petrol,66
2011-05-01,other,petrol,60
2011-06-01,other,petrol,48
2011-07-01,other,petrol,47
2011-08-01,other,petrol,35
2011-09-01,other,petrol,29
2011-10-01,other,petrol,29
2011-11-01,other,petrol,37
2011-12-01,other,petrol,38
2012-01-01,other,petrol,29
2012-02-01,other,petrol,34
2012-03-01,other,petrol,49
2012-04-01,other,petrol,55
2012-05-01,other,petrol,62
2012-06-01,other,petrol,65
2012-07-01,other,petrol,56
2012-08-01,other,petrol,41
2012-09-01,other,petrol,33
2012-10-01,other,petrol,26
2012-11-01,other,petrol,25
2012-12-01,other,petrol,70
2013-01-01,other,petrol,71
2013-02-01,other,petrol,42
2013-03-01,other,petrol,48
2013-04-01,other,petrol,41
2013-05-01,other,petrol,47
2013-06-01,other,petrol,55
2013-07-01,other,petrol,37
2013-08-01,other,petrol,48
2013-09-01,other,petrol,38
2013-10-01,other,petrol,79
2013-11-01,other,petrol,82
2013-12-01,other,petrol,36
2014-01-01,other,petrol,35
2014-02-01,other,petrol,23
2014-03-01,other,petrol,59
2014-04-01,other,petrol,47
2014-05-01,other,petrol,45
2014-06-01,other,petrol,37
2014-07-01,other,petrol,69
2014-08-01,other,petrol,78
2014-09-01,other,petrol,45
2014-10-01,other,petrol,36
2014-11-01,other,petrol,47
2014-12-01,other,petrol,66
2015-01-01,other,petrol,38
2015-02-01,other,petrol,18
2015-03-01,other,petrol,70
2015-04-01,other,petrol,32
2015-05-01,other,petrol,28
2015-06-01,other,petrol,32
2015-07-01,other,petrol,43
2015-08-01,other,petrol,52
2015-09-01,other,petrol,24
2015-10-01,other,petrol,46
2015-11-01,other,petrol,37
2015-12-01,other,petrol,52
2016-01-01,other,petrol,42
2016-02-01,other,petrol,49
2016-03-01,other,petrol,59
2016-04-01,other,petrol,29
2016-05-01,other,petrol,42
2016-06-01,other,petrol,53
2016-07-01,other,petrol,32
2016-08-01,other,petrol,27
2016-09-01,other,petrol,27
2016-10-01,other,petrol,28
2016-11-01,other,petrol,40
2016-12-01,other,petrol,28
2017-01-01,other,petrol,15
2017-02-01,other,petrol,9
2017-03-01,other,petrol,38
2017-04-01,other,petrol,23
2017-05-01,other,petrol,16
2017-06-01,other,petrol,17
2017-07-01,other,petrol,50
2017-08-01,other,petrol,56
2017-09-01,other,petrol,65
2017-10-01,other,petrol,62
2017-11-01,other,petrol,47
2017-12-01,other,petrol,42
2018-01-01,other,petrol,72
2018-02-01,other,petrol,52
2018-03-01,other,petrol,33
2018-04-01,other,petrol,69
2018-05-01,other,petrol,53
2018-06-01,other,petrol,53
2018-07-01,other,petrol,56
2018-08-01,other,petrol,39
2018-09-01,other,petrol,26
2018-10-01,other,petrol,26
2018-11-01,other,petrol,33
2018-12-01,other,petrol,28
2019-01-01,other,petrol,20
2019-02-01,other,petrol,11
2019-03-01,other,petrol,18
2019-04-01,other,petrol,29
2019-05-01,other,petrol,22
2019-06-01,other,petrol,23
2019-07-01,other,petrol,46
2019-08-01,other,petrol,30
2019-09-01,other,petrol,18
2019-10-01,other,petrol,29
2019-11-01,other,petrol,27
2019-12-01,other,petrol,28
2020-01-01,other,petrol,18
2020-02-01,other,petrol,20
2020-03-01,other,petrol,16
2020-05-01,other,petrol,8
2020-06-01,other,petrol,29
2020-07-01,other,petrol,28
2020-08-01,other,petrol,24
2020-09-01,other,petrol,25
2020-10-01,other,petrol,20
2020-11-01,other,petrol,23
2020-12-01,other,petrol,24
2021-01-01,other,petrol,21
2021-02-01,other,petrol,13
2021-03-01,other,petrol,22
2021-04-01,other,petrol,25
2021-05-01,other,petrol,34
2021-07-01,other,petrol,31
2021-08-01,other,petrol,31
2021-09-01,other,petrol,47
2021-10-01,other,petrol,24
2021-11-01,other,petrol,46
2021-12-01,other,petrol,32
2022-01-01,other,petrol,34
2022-02-01,other,petrol,20
2022-03-01,other,petrol,59
2022-04-01,other,petrol,46
2022-05-01,other,petrol,27
2022-06-01,other,petrol,35
2022-07-01,other,petrol,39
2022-08-01,other,petrol,51
2022-09-01,other,petrol,44
2022-10-01,other,petrol,35
2022-11-01,other,petrol,38
2022-12-01,other,petrol,29
2023-01-01,other,petrol,21
2023-02-01,other,petrol,44
2023-03-01,other,petrol,37
2023-04-01,other,petrol,29
2023-05-01,other,petrol,26
2023-06-01,other,petrol,52
2023-07-01,other,petrol,27
2023-08-01,other,petrol,23
2023-09-01,other,petrol,18
2023-10-01,other,petrol,41
2023-11-01,other,petrol,28
2023-12-01,other,petrol,25
2024-01-01,other,petrol,26
2024-02-01,other,petrol,21
2024-03-01,other,petrol,29
2024-04-01,other,petrol,20
2024-05-01,other,petrol,19
2024-06-01,other,petrol,19
2024-07-01,other,petrol,31
2024-08-01,other,petrol,26
2024-09-01,other,petrol,57
2024-10-01,other,petrol,33
2024-11-01,other,petrol,30
2024-12-01,other,petrol,16
2025-01-01,other,petrol,16
2025-02-01,other,petrol,10
2025-03-01,other,petrol,20
2025-04-01,other,petrol,32
2025-05-01,other,petrol,30
2025-06-01,other,petrol,11
2025-07-01,other,petrol,18
2025-08-01,other,petrol,11
2025-09-01,other,petrol,17
2025-10-01,other,petrol,17
2025-11-01,other,petrol,9
2025-12-01,other,petrol,20
2026-01-01,other,petrol,21
2026-02-01,other,petrol,8
2026-03-01,other,petrol,15
2026-04-01,other,petrol,15
2000-01-01,van,all_fuels,112
2000-02-01,van,all_fuels,78
2000-03-01,van,all_fuels,140
2000-04-01,van,all_fuels,111
2000-05-01,van,all_fuels,152
2000-06-01,van,all_fuels,159
2000-07-01,van,all_fuels,100
2000-08-01,van,all_fuels,131
2000-09-01,van,all_fuels,120
2000-10-01,van,all_fuels,89
2000-11-01,van,all_fuels,116
2000-12-01,van,all_fuels,58
2001-01-01,van,all_fuels,69
2001-02-01,van,all_fuels,78
2001-03-01,van,all_fuels,120
2001-04-01,van,all_fuels,101
2001-05-01,van,all_fuels,127
2001-06-01,van,all_fuels,101
2001-07-01,van,all_fuels,200
2001-08-01,van,all_fuels,211
2001-09-01,van,all_fuels,140
2001-10-01,van,all_fuels,168
2001-11-01,van,all_fuels,139
2001-12-01,van,all_fuels,87
2002-01-01,van,all_fuels,143
2002-02-01,van,all_fuels,96
2002-03-01,van,all_fuels,192
2002-04-01,van,all_fuels,171
2002-05-01,van,all_fuels,180
2002-06-01,van,all_fuels,177
2002-07-01,van,all_fuels,212
2002-08-01,van,all_fuels,182
2002-09-01,van,all_fuels,211
2002-10-01,van,all_fuels,233
2002-11-01,van,all_fuels,180
2002-12-01,van,all_fuels,153
2003-01-01,van,all_fuels,210
2003-02-01,van,all_fuels,102
2003-03-01,van,all_fuels,207
2003-04-01,van,all_fuels,188
2003-05-01,van,all_fuels,172
2003-06-01,van,all_fuels,189
2003-07-01,van,all_fuels,238
2003-08-01,van,all_fuels,233
2003-09-01,van,all_fuels,213
2003-10-01,van,all_fuels,228
2003-11-01,van,all_fuels,151
2003-12-01,van,all_fuels,200
2004-01-01,van,all_fuels,132
2004-02-01,van,all_fuels,134
2004-03-01,van,all_fuels,232
2004-04-01,van,all_fuels,214
2004-05-01,van,all_fuels,198
2004-06-01,van,all_fuels,182
2004-07-01,van,all_fuels,236
2004-08-01,van,all_fuels,233
2004-09-01,van,all_fuels,239
2004-10-01,van,all_fuels,246
2004-11-01,van,all_fuels,147
2004-12-01,van,all_fuels,189
2005-01-01,van,all_fuels,154
2005-02-01,van,all_fuels,152
2005-03-01,van,all_fuels,251
2005-04-01,van,all_fuels,241
2005-05-01,van,all_fuels,284
2005-06-01,van,all_fuels,266
2005-07-01,van,all_fuels,252
2005-08-01,van,all_fuels,251
2005-09-01,van,all_fuels,191
2005-10-01,van,all_fuels,255
2005-11-01,van,all_fuels,240
2005-12-01,van,all_fuels,236
2006-01-01,van,all_fuels,150
2006-02-01,van,all_fuels,143
2006-03-01,van,all_fuels,255
2006-04-01,van,all_fuels,214
2006-05-01,van,all_fuels,253
2006-06-01,van,all_fuels,306
2006-07-01,van,all_fuels,309
2006-08-01,van,all_fuels,264
2006-09-01,van,all_fuels,305
2006-10-01,van,all_fuels,339
2006-11-01,van,all_fuels,236
2006-12-01,van,all_fuels,271
2007-01-01,van,all_fuels,254
2007-02-01,van,all_fuels,156
2007-03-01,van,all_fuels,276
2007-04-01,van,all_fuels,257
2007-05-01,van,all_fuels,273
2007-06-01,van,all_fuels,238
2007-07-01,van,all_fuels,232
2007-08-01,van,all_fuels,295
2007-09-01,van,all_fuels,234
2007-10-01,van,all_fuels,258
2007-11-01,van,all_fuels,228
2007-12-01,van,all_fuels,275
2008-01-01,van,all_fuels,216
2008-02-01,van,all_fuels,246
2008-03-01,van,all_fuels,292
2008-04-01,van,all_fuels,302
2008-05-01,van,all_fuels,296
2008-06-01,van,all_fuels,294
2008-07-01,van,all_fuels,366
2008-08-01,van,all_fuels,278
2008-09-01,van,all_fuels,253
2008-10-01,van,all_fuels,258
2008-11-01,van,all_fuels,271
2008-12-01,van,all_fuels,236
2009-01-01,van,all_fuels,136
2009-02-01,van,all_fuels,187
2009-03-01,van,all_fuels,250
2009-04-01,van,all_fuels,282
2009-05-01,van,all_fuels,310
2009-06-01,van,all_fuels,264
2009-07-01,van,all_fuels,278
2009-08-01,van,all_fuels,247
2009-09-01,van,all_fuels,243
2009-10-01,van,all_fuels,333
2009-11-01,van,all_fuels,319
2009-12-01,van,all_fuels,242
2010-01-01,van,all_fuels,245
2010-02-01,van,all_fuels,286
2010-03-01,van,all_fuels,407
2010-04-01,van,all_fuels,243
2010-05-01,van,all_fuels,284
2010-06-01,van,all_fuels,489
2010-07-01,van,all_fuels,328
2010-08-01,van,all_fuels,211
2010-09-01,van,all_fuels,185
2010-10-01,van,all_fuels,212
2010-11-01,van,all_fuels,233
2010-12-01,van,all_fuels,207
2011-01-01,van,all_fuels,158
2011-02-01,van,all_fuels,138
2011-03-01,van,all_fuels,287
2011-04-01,van,all_fuels,270
2011-05-01,van,all_fuels,271
2011-06-01,van,all_fuels,223
2011-07-01,van,all_fuels,289
2011-08-01,van,all_fuels,298
2011-09-01,van,all_fuels,237
2011-10-01,van,all_fuels,260
2011-11-01,van,all_fuels,250
2011-12-01,van,all_fuels,338
2012-01-01,van,all_fuels,277
2012-02-01,van,all_fuels,273
2012-03-01,van,all_fuels,496
2012-04-01,van,all_fuels,370
2012-05-01,van,all_fuels,363
2012-06-01,van,all_fuels,425
2012-07-01,van,all_fuels,361
2012-08-01,van,all_fuels,290
2012-09-01,van,all_fuels,306
2012-10-01,van,all_fuels,359
2012-11-01,van,all_fuels,479
2012-12-01,van,all_fuels,419
2013-01-01,van,all_fuels,274
2013-02-01,van,all_fuels,276
2013-03-01,van,all_fuels,375
2013-04-01,van,all_fuels,455
2013-05-01,van,all_fuels,378
2013-06-01,van,all_fuels,337
2013-07-01,van,all_fuels,431
2013-08-01,van,all_fuels,292
2013-09-01,van,all_fuels,354
2013-10-01,van,all_fuels,520
2013-11-01,van,all_fuels,423
2013-12-01,van,all_fuels,323
2014-01-01,van,all_fuels,295
2014-02-01,van,all_fuels,263
2014-03-01,van,all_fuels,380
2014-04-01,van,all_fuels,357
2014-05-01,van,all_fuels,352
2014-06-01,van,all_fuels,419
2014-07-01,van,all_fuels,362
2014-08-01,van,all_fuels,277
2014-09-01,van,all_fuels,515
2014-10-01,van,all_fuels,445
2014-11-01,van,all_fuels,334
2014-12-01,van,all_fuels,451
2015-01-01,van,all_fuels,444
2015-02-01,van,all_fuels,292
2015-03-01,van,all_fuels,579
2015-04-01,van,all_fuels,277
2015-05-01,van,all_fuels,308
2015-06-01,van,all_fuels,299
2015-07-01,van,all_fuels,335
2015-08-01,van,all_fuels,316
2015-09-01,van,all_fuels,282
2015-10-01,van,all_fuels,336
2015-11-01,van,all_fuels,384
2015-12-01,van,all_fuels,439
2016-01-01,van,all_fuels,309
2016-02-01,van,all_fuels,195
2016-03-01,van,all_fuels,368
2016-04-01,van,all_fuels,329
2016-05-01,van,all_fuels,287
2016-06-01,van,all_fuels,286
2016-07-01,van,all_fuels,217
2016-08-01,van,all_fuels,276
2016-09-01,van,all_fuels,287
2016-10-01,van,all_fuels,268
2016-11-01,van,all_fuels,438
2016-12-01,van,all_fuels,386
2017-01-01,van,all_fuels,206
2017-02-01,van,all_fuels,204
2017-03-01,van,all_fuels,324
2017-04-01,van,all_fuels,264
2017-05-01,van,all_fuels,304
2017-06-01,van,all_fuels,317
2017-07-01,van,all_fuels,297
2017-08-01,van,all_fuels,292
2017-09-01,van,all_fuels,277
2017-10-01,van,all_fuels,405
2017-11-01,van,all_fuels,686
2017-12-01,van,all_fuels,539
2018-01-01,van,all_fuels,202
2018-02-01,van,all_fuels,182
2018-03-01,van,all_fuels,294
2018-04-01,van,all_fuels,297
2018-05-01,van,all_fuels,197
2018-06-01,van,all_fuels,228
2018-07-01,van,all_fuels,397
2018-08-01,van,all_fuels,800
2018-09-01,van,all_fuels,358
2018-10-01,van,all_fuels,266
2018-11-01,van,all_fuels,238
2018-12-01,van,all_fuels,315
2019-01-01,van,all_fuels,213
2019-02-01,van,all_fuels,153
2019-03-01,van,all_fuels,302
2019-04-01,van,all_fuels,252
2019-05-01,van,all_fuels,326
2019-06-01,van,all_fuels,208
2019-07-01,van,all_fuels,274
2019-08-01,van,all_fuels,327
2019-09-01,van,all_fuels,342
2019-10-01,van,all_fuels,337
2019-11-01,van,all_fuels,461
2019-12-01,van,all_fuels,312
2020-01-01,van,all_fuels,196
2020-02-01,van,all_fuels,239
2020-03-01,van,all_fuels,171
2020-05-01,van,all_fuels,172
2020-06-01,van,all_fuels,276
2020-07-01,van,all_fuels,299
2020-08-01,van,all_fuels,349
2020-09-01,van,all_fuels,326
2020-10-01,van,all_fuels,299
2020-11-01,van,all_fuels,388
2020-12-01,van,all_fuels,447
2021-01-01,van,all_fuels,209
2021-02-01,van,all_fuels,264
2021-03-01,van,all_fuels,346
2021-04-01,van,all_fuels,333
2021-05-01,van,all_fuels,261
2021-06-01,van,all_fuels,1
2021-07-01,van,all_fuels,99
2021-08-01,van,all_fuels,138
2021-09-01,van,all_fuels,360
2021-10-01,van,all_fuels,457
2021-11-01,van,all_fuels,400
2021-12-01,van,all_fuels,525
2022-01-01,van,all_fuels,412
2022-02-01,van,all_fuels,352
2022-03-01,van,all_fuels,474
2022-04-01,van,all_fuels,371
2022-05-01,van,all_fuels,297
2022-06-01,van,all_fuels,398
2022-07-01,van,all_fuels,326
2022-08-01,van,all_fuels,445
2022-09-01,van,all_fuels,405
2022-10-01,van,all_fuels,411
2022-11-01,van,all_fuels,316
2022-12-01,van,all_fuels,432
2023-01-01,van,all_fuels,186
2023-02-01,van,all_fuels,322
2023-03-01,van,all_fuels,409
2023-04-01,van,all_fuels,279
2023-05-01,van,all_fuels,285
2023-06-01,van,all_fuels,330
2023-07-01,van,all_fuels,358
2023-08-01,van,all_fuels,339
2023-09-01,van,all_fuels,376
2023-10-01,van,all_fuels,411
2023-11-01,van,all_fuels,407
2023-12-01,van,all_fuels,572
2024-01-01,van,all_fuels,317
2024-02-01,van,all_fuels,297
2024-03-01,van,all_fuels,223
2024-04-01,van,all_fuels,173
2024-05-01,van,all_fuels,381
2024-06-01,van,all_fuels,382
2024-07-01,van,all_fuels,323
2024-08-01,van,all_fuels,331
2024-09-01,van,all_fuels,278
2024-10-01,van,all_fuels,382
2024-11-01,van,all_fuels,356
2024-12-01,van,all_fuels,411
2025-01-01,van,all_fuels,154
2025-02-01,van,all_fuels,178
2025-03-01,van,all_fuels,332
2025-04-01,van,all_fuels,257
2025-05-01,van,all_fuels,376
2025-06-01,van,all_fuels,263
2025-07-01,van,all_fuels,345
2025-08-01,van,all_fuels,262
2025-09-01,van,all_fuels,195
2025-10-01,van,all_fuels,318
2025-11-01,van,all_fuels,366
2025-12-01,van,all_fuels,397
2026-01-01,van,all_fuels,210
2026-02-01,van,all_fuels,195
2026-03-01,van,all_fuels,261
2026-04-01,van,all_fuels,301
2000-01-01,van,diesel,25
2000-02-01,van,diesel,16
2000-03-01,van,diesel,30
2000-04-01,van,diesel,36
2000-05-01,van,diesel,29
2000-06-01,van,diesel,33
2000-07-01,van,diesel,25
2000-08-01,van,diesel,37
2000-09-01,van,diesel,49
2000-10-01,van,diesel,26
2000-11-01,van,diesel,34
2000-12-01,van,diesel,21
2001-01-01,van,diesel,14
2001-02-01,van,diesel,38
2001-03-01,van,diesel,36
2001-04-01,van,diesel,27
2001-05-01,van,diesel,40
2001-06-01,van,diesel,38
2001-07-01,van,diesel,56
2001-08-01,van,diesel,45
2001-09-01,van,diesel,32
2001-10-01,van,diesel,43
2001-11-01,van,diesel,37
2001-12-01,van,diesel,17
2002-01-01,van,diesel,33
2002-02-01,van,diesel,20
2002-03-01,van,diesel,51
2002-04-01,van,diesel,37
2002-05-01,van,diesel,60
2002-06-01,van,diesel,33
2002-07-01,van,diesel,67
2002-08-01,van,diesel,44
2002-09-01,van,diesel,62
2002-10-01,van,diesel,77
2002-11-01,van,diesel,40
2002-12-01,van,diesel,48
2003-01-01,van,diesel,46
2003-02-01,van,diesel,20
2003-03-01,van,diesel,17
2003-04-01,van,diesel,13
2003-05-01,van,diesel,7
2003-06-01,van,diesel,9
2003-07-01,van,diesel,7
2003-08-01,van,diesel,7
2003-09-01,van,diesel,4
2003-10-01,van,diesel,7
2003-11-01,van,diesel,1
2003-12-01,van,diesel,8
2004-01-01,van,diesel,4
2004-02-01,van,diesel,4
2004-03-01,van,diesel,9
2004-04-01,van,diesel,6
2004-05-01,van,diesel,9
2004-06-01,van,diesel,11
2004-07-01,van,diesel,13
2004-08-01,van,diesel,5
2004-09-01,van,diesel,7
2004-10-01,van,diesel,3
2004-11-01,van,diesel,6
2004-12-01,van,diesel,5
2005-01-01,van,diesel,9
2005-02-01,van,diesel,7
2005-03-01,van,diesel,3
2005-04-01,van,diesel,5
2005-05-01,van,diesel,6
2005-06-01,van,diesel,5
2005-07-01,van,diesel,4
2005-08-01,van,diesel,6
2005-09-01,van,diesel,11
2005-10-01,van,diesel,6
2005-11-01,van,diesel,3
2005-12-01,van,diesel,6
2006-01-01,van,diesel,11
2006-02-01,van,diesel,1
2006-03-01,van,diesel,7
2006-04-01,van,diesel,4
2006-05-01,van,diesel,10
2006-06-01,van,diesel,4
2006-07-01,van,diesel,10
2006-08-01,van,diesel,8
2006-09-01,van,diesel,6
2006-10-01,van,diesel,11
2006-11-01,van,diesel,7
2006-12-01,van,diesel,3
2007-01-01,van,diesel,4
2007-02-01,van,diesel,5
2007-03-01,van,diesel,6
2007-04-01,van,diesel,6
2007-05-01,van,diesel,7
2007-06-01,van,diesel,7
2007-07-01,van,diesel,5
2007-08-01,van,diesel,12
2007-09-01,van,diesel,3
2007-10-01,van,diesel,4
2007-11-01,van,diesel,7
2007-12-01,van,diesel,6
2008-01-01,van,diesel,5
2008-02-01,van,diesel,10
2008-03-01,van,diesel,4
2008-04-01,van,diesel,7
2008-05-01,van,diesel,5
2008-06-01,van,diesel,5
2008-07-01,van,diesel,8
2008-08-01,van,diesel,4
2008-09-01,van,diesel,3
2008-10-01,van,diesel,1
2008-11-01,van,diesel,2
2008-12-01,van,diesel,5
2009-01-01,van,diesel,1
2009-02-01,van,diesel,1
2009-03-01,van,diesel,3
2009-04-01,van,diesel,3
2009-05-01,van,diesel,4
2009-06-01,van,diesel,4
2009-07-01,van,diesel,2
2009-08-01,van,diesel,6
2009-09-01,van,diesel,5
2009-10-01,van,diesel,6
2009-11-01,van,diesel,3
2009-12-01,van,diesel,4
2010-01-01,van,diesel,1
2010-02-01,van,diesel,5
2010-03-01,van,diesel,14
2010-04-01,van,diesel,6
2010-05-01,van,diesel,6
2010-06-01,van,diesel,19
2010-07-01,van,diesel,5
2010-08-01,van,diesel,6
2010-09-01,van,diesel,3
2010-10-01,van,diesel,5
2010-11-01,van,diesel,6
2010-12-01,van,diesel,11
2011-01-01,van,diesel,7
2011-02-01,van,diesel,8
2011-03-01,van,diesel,6
2011-04-01,van,diesel,3
2011-05-01,van,diesel,9
2011-06-01,van,diesel,7
2011-07-01,van,diesel,5
2011-08-01,van,diesel,4
2011-09-01,van,diesel,1
2011-10-01,van,diesel,5
2011-11-01,van,diesel,4
2011-12-01,van,diesel,1
2012-01-01,van,diesel,9
2012-02-01,van,diesel,3
2012-03-01,van,diesel,5
2012-04-01,van,diesel,2
2012-05-01,van,diesel,5
2012-06-01,van,diesel,3
2012-07-01,van,diesel,1
2012-08-01,van,diesel,4
2012-09-01,van,diesel,3
2012-10-01,van,diesel,3
2012-11-01,van,diesel,7
2012-12-01,van,diesel,6
2013-01-01,van,diesel,4
2013-02-01,van,diesel,5
2013-03-01,van,diesel,3
2013-04-01,van,diesel,6
2013-07-01,van,diesel,1
2013-08-01,van,diesel,3
2013-09-01,van,diesel,1
2013-10-01,van,diesel,1
2013-11-01,van,diesel,5
2013-12-01,van,diesel,2
2014-03-01,van,diesel,1
2014-04-01,van,diesel,1
2014-07-01,van,diesel,1
2014-08-01,van,diesel,1
2014-10-01,van,diesel,1
2014-11-01,van,diesel,1
2014-12-01,van,diesel,2
2015-06-01,van,diesel,2
2015-08-01,van,diesel,2
2015-09-01,van,diesel,2
2016-01-01,van,diesel,1
2016-02-01,van,diesel,1
2016-03-01,van,diesel,2
2016-04-01,van,diesel,1
2016-05-01,van,diesel,5
2016-06-01,van,diesel,1
2016-07-01,van,diesel,2
2016-08-01,van,diesel,1
2016-09-01,van,diesel,1
2016-10-01,van,diesel,1
2016-11-01,van,diesel,1
2016-12-01,van,diesel,1
2017-01-01,van,diesel,1
2017-04-01,van,diesel,1
2017-08-01,van,diesel,1
2017-11-01,van,diesel,1
2017-12-01,van,diesel,1
2018-02-01,van,diesel,1
2018-03-01,van,diesel,2
2018-05-01,van,diesel,2
2018-06-01,van,diesel,2
2018-07-01,van,diesel,1
2018-08-01,van,diesel,1
2018-10-01,van,diesel,1
2018-12-01,van,diesel,1
2019-01-01,van,diesel,2
2019-03-01,van,diesel,2
2019-05-01,van,diesel,1
2019-08-01,van,diesel,3
2019-09-01,van,diesel,1
2019-10-01,van,diesel,1
2019-12-01,van,diesel,1
2020-01-01,van,diesel,1
2020-02-01,van,diesel,7
2020-03-01,van,diesel,1
2020-07-01,van,diesel,1
2020-09-01,van,diesel,2
2020-10-01,van,diesel,2
2020-11-01,van,diesel,1
2021-02-01,van,diesel,2
2021-05-01,van,diesel,1
2021-10-01,van,diesel,1
2021-11-01,van,diesel,1
2021-12-01,van,diesel,2
2022-01-01,van,diesel,3
2022-02-01,van,diesel,1
2022-04-01,van,diesel,4
2022-08-01,van,diesel,1
2022-09-01,van,diesel,1
2022-11-01,van,diesel,1
2022-12-01,van,diesel,2
2023-01-01,van,diesel,2
2023-02-01,van,diesel,1
2023-06-01,van,diesel,2
2023-07-01,van,diesel,1
2023-08-01,van,diesel,1
2023-09-01,van,diesel,1
2023-11-01,van,diesel,2
2023-12-01,van,diesel,2
2024-03-01,van,diesel,1
2024-07-01,van,diesel,2
2024-08-01,van,diesel,1
2025-01-01,van,diesel,1
2025-02-01,van,diesel,9
2025-03-01,van,diesel,18
2025-04-01,van,diesel,1
2025-06-01,van,diesel,1
2025-07-01,van,diesel,1
2025-08-01,van,diesel,2
2025-12-01,van,diesel,2
2026-01-01,van,diesel,1
2026-02-01,van,diesel,1
2022-04-01,van,electric,1
2022-05-01,van,electric,1
2022-07-01,van,electric,1
2022-08-01,van,electric,2
2022-09-01,van,electric,2
2022-11-01,van,electric,8
2022-12-01,van,electric,3
2023-01-01,van,electric,1
2023-04-01,van,electric,4
2023-05-01,van,electric,4
2023-06-01,van,electric,2
2023-07-01,van,electric,4
2023-08-01,van,electric,4
2023-09-01,van,electric,14
2023-10-01,van,electric,25
2023-11-01,van,electric,58
2023-12-01,van,electric,97
2024-01-01,van,electric,30
2024-02-01,van,electric,1
2024-04-01,van,electric,1
2024-05-01,van,electric,2
2024-06-01,van,electric,13
2024-07-01,van,electric,3
2024-08-01,van,electric,2
2024-10-01,van,electric,18
2024-11-01,van,electric,13
2024-12-01,van,electric,32
2025-02-01,van,electric,13
2025-03-01,van,electric,51
2025-04-01,van,electric,25
2025-05-01,van,electric,81
2025-06-01,van,electric,4
2025-07-01,van,electric,11
2025-08-01,van,electric,3
2025-10-01,van,electric,14
2025-11-01,van,electric,13
2025-12-01,van,electric,3
2026-01-01,van,electric,3
2026-02-01,van,electric,1
2026-03-01,van,electric,1
2026-04-01,van,electric,8
2000-01-01,van,greendiesel,2
2000-02-01,van,greendiesel,2
2000-03-01,van,greendiesel,7
2000-04-01,van,greendiesel,5
2000-05-01,van,greendiesel,5
2000-06-01,van,greendiesel,3
2000-07-01,van,greendiesel,7
2000-08-01,van,greendiesel,7
2000-09-01,van,greendiesel,5
2000-10-01,van,greendiesel,2
2000-11-01,van,greendiesel,1
2000-12-01,van,greendiesel,1
2001-01-01,van,greendiesel,5
2001-02-01,van,greendiesel,2
2001-03-01,van,greendiesel,3
2001-04-01,van,greendiesel,1
2001-05-01,van,greendiesel,4
2001-06-01,van,greendiesel,5
2001-07-01,van,greendiesel,3
2001-08-01,van,greendiesel,7
2001-09-01,van,greendiesel,10
2001-10-01,van,greendiesel,10
2001-11-01,van,greendiesel,4
2001-12-01,van,greendiesel,5
2002-01-01,van,greendiesel,8
2002-02-01,van,greendiesel,2
2002-03-01,van,greendiesel,11
2002-04-01,van,greendiesel,5
2002-05-01,van,greendiesel,12
2002-06-01,van,greendiesel,8
2002-07-01,van,greendiesel,19
2002-08-01,van,greendiesel,15
2002-09-01,van,greendiesel,12
2002-10-01,van,greendiesel,19
2002-11-01,van,greendiesel,23
2002-12-01,van,greendiesel,18
2003-01-01,van,greendiesel,11
2003-02-01,van,greendiesel,6
2003-03-01,van,greendiesel,57
2003-04-01,van,greendiesel,49
2003-05-01,van,greendiesel,58
2003-06-01,van,greendiesel,49
2003-07-01,van,greendiesel,70
2003-08-01,van,greendiesel,63
2003-09-01,van,greendiesel,54
2003-10-01,van,greendiesel,61
2003-11-01,van,greendiesel,45
2003-12-01,van,greendiesel,73
2004-01-01,van,greendiesel,24
2004-02-01,van,greendiesel,52
2004-03-01,van,greendiesel,89
2004-04-01,van,greendiesel,64
2004-05-01,van,greendiesel,73
2004-06-01,van,greendiesel,55
2004-07-01,van,greendiesel,90
2004-08-01,van,greendiesel,65
2004-09-01,van,greendiesel,86
2004-10-01,van,greendiesel,68
2004-11-01,van,greendiesel,42
2004-12-01,van,greendiesel,49
2005-01-01,van,greendiesel,38
2005-02-01,van,greendiesel,44
2005-03-01,van,greendiesel,87
2005-04-01,van,greendiesel,46
2005-05-01,van,greendiesel,52
2005-06-01,van,greendiesel,49
2005-07-01,van,greendiesel,52
2005-08-01,van,greendiesel,49
2005-09-01,van,greendiesel,56
2005-10-01,van,greendiesel,87
2005-11-01,van,greendiesel,53
2005-12-01,van,greendiesel,91
2006-01-01,van,greendiesel,33
2006-02-01,van,greendiesel,40
2006-03-01,van,greendiesel,62
2006-04-01,van,greendiesel,66
2006-05-01,van,greendiesel,59
2006-06-01,van,greendiesel,79
2006-07-01,van,greendiesel,64
2006-08-01,van,greendiesel,79
2006-09-01,van,greendiesel,70
2006-10-01,van,greendiesel,63
2006-11-01,van,greendiesel,52
2006-12-01,van,greendiesel,54
2007-01-01,van,greendiesel,63
2007-02-01,van,greendiesel,45
2007-03-01,van,greendiesel,117
2007-04-01,van,greendiesel,101
2007-05-01,van,greendiesel,72
2007-06-01,van,greendiesel,111
2007-07-01,van,greendiesel,108
2007-08-01,van,greendiesel,111
2007-09-01,van,greendiesel,107
2007-10-01,van,greendiesel,115
2007-11-01,van,greendiesel,89
2007-12-01,van,greendiesel,179
2008-01-01,van,greendiesel,111
2008-02-01,van,greendiesel,151
2008-03-01,van,greendiesel,163
2008-04-01,van,greendiesel,156
2008-05-01,van,greendiesel,134
2008-06-01,van,greendiesel,151
2008-07-01,van,greendiesel,189
2008-08-01,van,greendiesel,148
2008-09-01,van,greendiesel,161
2008-10-01,van,greendiesel,132
2008-11-01,van,greendiesel,140
2008-12-01,van,greendiesel,93
2009-01-01,van,greendiesel,67
2009-02-01,van,greendiesel,92
2009-03-01,van,greendiesel,134
2009-04-01,van,greendiesel,131
2009-05-01,van,greendiesel,126
2009-06-01,van,greendiesel,136
2009-07-01,van,greendiesel,143
2009-08-01,van,greendiesel,134
2009-09-01,van,greendiesel,149
2009-10-01,van,greendiesel,179
2009-11-01,van,greendiesel,177
2009-12-01,van,greendiesel,163
2010-01-01,van,greendiesel,178
2010-02-01,van,greendiesel,185
2010-03-01,van,greendiesel,308
2010-04-01,van,greendiesel,185
2010-05-01,van,greendiesel,170
2010-06-01,van,greendiesel,241
2010-07-01,van,greendiesel,181
2010-08-01,van,greendiesel,187
2010-09-01,van,greendiesel,154
2010-10-01,van,greendiesel,183
2010-11-01,van,greendiesel,204
2010-12-01,van,greendiesel,187
2011-01-01,van,greendiesel,145
2011-02-01,van,greendiesel,125
2011-03-01,van,greendiesel,223
2011-04-01,van,greendiesel,187
2011-05-01,van,greendiesel,215
2011-06-01,van,greendiesel,169
2011-07-01,van,greendiesel,212
2011-08-01,van,greendiesel,217
2011-09-01,van,greendiesel,153
2011-10-01,van,greendiesel,191
2011-11-01,van,greendiesel,185
2011-12-01,van,greendiesel,204
2012-01-01,van,greendiesel,179
2012-02-01,van,greendiesel,201
2012-03-01,van,greendiesel,218
2012-04-01,van,greendiesel,204
2012-05-01,van,greendiesel,237
2012-06-01,van,greendiesel,221
2012-07-01,van,greendiesel,206
2012-08-01,van,greendiesel,174
2012-09-01,van,greendiesel,164
2012-10-01,van,greendiesel,201
2012-11-01,van,greendiesel,248
2012-12-01,van,greendiesel,213
2013-01-01,van,greendiesel,171
2013-02-01,van,greendiesel,163
2013-03-01,van,greendiesel,219
2013-04-01,van,greendiesel,238
2013-05-01,van,greendiesel,234
2013-06-01,van,greendiesel,191
2013-07-01,van,greendiesel,223
2013-08-01,van,greendiesel,150
2013-09-01,van,greendiesel,132
2013-10-01,van,greendiesel,207
2013-11-01,van,greendiesel,251
2013-12-01,van,greendiesel,196
2014-01-01,van,greendiesel,163
2014-02-01,van,greendiesel,166
2014-03-01,van,greendiesel,247
2014-04-01,van,greendiesel,195
2014-05-01,van,greendiesel,217
2014-06-01,van,greendiesel,216
2014-07-01,van,greendiesel,200
2014-08-01,van,greendiesel,189
2014-09-01,van,greendiesel,201
2014-10-01,van,greendiesel,218
2014-11-01,van,greendiesel,175
2014-12-01,van,greendiesel,272
2015-01-01,van,greendiesel,209
2015-02-01,van,greendiesel,185
2015-03-01,van,greendiesel,368
2015-04-01,van,greendiesel,163
2015-05-01,van,greendiesel,173
2015-06-01,van,greendiesel,180
2015-07-01,van,greendiesel,133
2015-08-01,van,greendiesel,174
2015-09-01,van,greendiesel,152
2015-10-01,van,greendiesel,158
2015-11-01,van,greendiesel,151
2015-12-01,van,greendiesel,312
2016-01-01,van,greendiesel,157
2016-02-01,van,greendiesel,92
2016-03-01,van,greendiesel,155
2016-04-01,van,greendiesel,134
2016-05-01,van,greendiesel,171
2016-06-01,van,greendiesel,129
2016-07-01,van,greendiesel,112
2016-08-01,van,greendiesel,161
2016-09-01,van,greendiesel,159
2016-10-01,van,greendiesel,127
2016-11-01,van,greendiesel,149
2016-12-01,van,greendiesel,138
2017-01-01,van,greendiesel,106
2017-02-01,van,greendiesel,101
2017-03-01,van,greendiesel,165
2017-04-01,van,greendiesel,148
2017-05-01,van,greendiesel,177
2017-06-01,van,greendiesel,184
2017-07-01,van,greendiesel,182
2017-08-01,van,greendiesel,143
2017-09-01,van,greendiesel,160
2017-10-01,van,greendiesel,248
2017-11-01,van,greendiesel,407
2017-12-01,van,greendiesel,330
2018-01-01,van,greendiesel,104
2018-02-01,van,greendiesel,119
2018-03-01,van,greendiesel,146
2018-04-01,van,greendiesel,178
2018-05-01,van,greendiesel,103
2018-06-01,van,greendiesel,131
2018-07-01,van,greendiesel,268
2018-08-01,van,greendiesel,462
2018-09-01,van,greendiesel,223
2018-10-01,van,greendiesel,155
2018-11-01,van,greendiesel,135
2018-12-01,van,greendiesel,138
2019-01-01,van,greendiesel,115
2019-02-01,van,greendiesel,91
2019-03-01,van,greendiesel,150
2019-04-01,van,greendiesel,150
2019-05-01,van,greendiesel,205
2019-06-01,van,greendiesel,104
2019-07-01,van,greendiesel,140
2019-08-01,van,greendiesel,153
2019-09-01,van,greendiesel,163
2019-10-01,van,greendiesel,182
2019-11-01,van,greendiesel,194
2019-12-01,van,greendiesel,171
2020-01-01,van,greendiesel,121
2020-02-01,van,greendiesel,131
2020-03-01,van,greendiesel,88
2020-05-01,van,greendiesel,64
2020-06-01,van,greendiesel,172
2020-07-01,van,greendiesel,160
2020-08-01,van,greendiesel,195
2020-09-01,van,greendiesel,89
2020-10-01,van,greendiesel,153
2020-11-01,van,greendiesel,216
2020-12-01,van,greendiesel,200
2021-01-01,van,greendiesel,109
2021-02-01,van,greendiesel,149
2021-03-01,van,greendiesel,192
2021-04-01,van,greendiesel,168
2021-05-01,van,greendiesel,129
2021-07-01,van,greendiesel,36
2021-08-01,van,greendiesel,45
2021-09-01,van,greendiesel,164
2021-10-01,van,greendiesel,195
2021-11-01,van,greendiesel,176
2021-12-01,van,greendiesel,270
2022-01-01,van,greendiesel,206
2022-02-01,van,greendiesel,204
2022-03-01,van,greendiesel,263
2022-04-01,van,greendiesel,228
2022-05-01,van,greendiesel,168
2022-06-01,van,greendiesel,204
2022-07-01,van,greendiesel,172
2022-08-01,van,greendiesel,277
2022-09-01,van,greendiesel,253
2022-10-01,van,greendiesel,249
2022-11-01,van,greendiesel,223
2022-12-01,van,greendiesel,334
2023-01-01,van,greendiesel,124
2023-02-01,van,greendiesel,202
2023-03-01,van,greendiesel,256
2023-04-01,van,greendiesel,185
2023-05-01,van,greendiesel,191
2023-06-01,van,greendiesel,226
2023-07-01,van,greendiesel,240
2023-08-01,van,greendiesel,210
2023-09-01,van,greendiesel,225
2023-10-01,van,greendiesel,264
2023-11-01,van,greendiesel,234
2023-12-01,van,greendiesel,378
2024-01-01,van,greendiesel,178
2024-02-01,van,greendiesel,217
2024-03-01,van,greendiesel,110
2024-04-01,van,greendiesel,73
2024-05-01,van,greendiesel,228
2024-06-01,van,greendiesel,200
2024-07-01,van,greendiesel,186
2024-08-01,van,greendiesel,199
2024-09-01,van,greendiesel,206
2024-10-01,van,greendiesel,238
2024-11-01,van,greendiesel,219
2024-12-01,van,greendiesel,273
2025-01-01,van,greendiesel,108
2025-02-01,van,greendiesel,113
2025-03-01,van,greendiesel,154
2025-04-01,van,greendiesel,139
2025-05-01,van,greendiesel,183
2025-06-01,van,greendiesel,167
2025-07-01,van,greendiesel,204
2025-08-01,van,greendiesel,152
2025-09-01,van,greendiesel,113
2025-10-01,van,greendiesel,183
2025-11-01,van,greendiesel,196
2025-12-01,van,greendiesel,277
2026-01-01,van,greendiesel,131
2026-02-01,van,greendiesel,123
2026-03-01,van,greendiesel,189
2026-04-01,van,greendiesel,164
2000-03-01,van,other,3
2000-04-01,van,other,6
2000-05-01,van,other,4
2000-06-01,van,other,4
2000-07-01,van,other,4
2000-08-01,van,other,4
2000-09-01,van,other,3
2000-10-01,van,other,3
2000-11-01,van,other,1
2001-01-01,van,other,1
2001-02-01,van,other,2
2001-03-01,van,other,1
2001-05-01,van,other,2
2001-06-01,van,other,2
2001-07-01,van,other,2
2001-08-01,van,other,3
2001-09-01,van,other,2
2001-10-01,van,other,4
2001-11-01,van,other,3
2001-12-01,van,other,2
2002-01-01,van,other,2
2002-02-01,van,other,2
2002-03-01,van,other,8
2002-04-01,van,other,5
2002-05-01,van,other,5
2002-06-01,van,other,7
2002-07-01,van,other,5
2002-08-01,van,other,6
2002-09-01,van,other,9
2002-10-01,van,other,11
2002-11-01,van,other,5
2002-12-01,van,other,4
2003-01-01,van,other,2
2003-02-01,van,other,3
2003-03-01,van,other,8
2003-04-01,van,other,6
2003-05-01,van,other,8
2003-06-01,van,other,5
2003-07-01,van,other,4
2003-08-01,van,other,5
2003-09-01,van,other,10
2003-10-01,van,other,3
2003-11-01,van,other,6
2003-12-01,van,other,4
2004-01-01,van,other,1
2004-02-01,van,other,1
2004-03-01,van,other,8
2004-04-01,van,other,7
2004-05-01,van,other,4
2004-06-01,van,other,4
2004-07-01,van,other,2
2004-08-01,van,other,3
2004-09-01,van,other,4
2004-10-01,van,other,6
2004-11-01,van,other,4
2004-12-01,van,other,6
2005-01-01,van,other,8
2005-02-01,van,other,4
2005-03-01,van,other,9
2005-04-01,van,other,10
2005-05-01,van,other,11
2005-06-01,van,other,9
2005-07-01,van,other,6
2005-08-01,van,other,10
2005-09-01,van,other,8
2005-10-01,van,other,6
2005-11-01,van,other,8
2005-12-01,van,other,4
2006-01-01,van,other,4
2006-02-01,van,other,9
2006-03-01,van,other,7
2006-04-01,van,other,8
2006-05-01,van,other,6
2006-06-01,van,other,3
2006-07-01,van,other,6
2006-08-01,van,other,6
2006-09-01,van,other,7
2006-10-01,van,other,4
2006-11-01,van,other,11
2006-12-01,van,other,9
2007-01-01,van,other,6
2007-02-01,van,other,4
2007-03-01,van,other,10
2007-04-01,van,other,8
2007-05-01,van,other,6
2007-06-01,van,other,5
2007-07-01,van,other,8
2007-08-01,van,other,7
2007-09-01,van,other,8
2007-10-01,van,other,6
2007-11-01,van,other,7
2007-12-01,van,other,10
2008-01-01,van,other,10
2008-02-01,van,other,15
2008-03-01,van,other,5
2008-04-01,van,other,6
2008-05-01,van,other,6
2008-06-01,van,other,6
2008-07-01,van,other,7
2008-08-01,van,other,14
2008-09-01,van,other,7
2008-10-01,van,other,2
2008-11-01,van,other,2
2008-12-01,van,other,3
2009-01-01,van,other,2
2009-02-01,van,other,1
2009-03-01,van,other,4
2009-04-01,van,other,7
2009-05-01,van,other,10
2009-06-01,van,other,6
2009-07-01,van,other,6
2009-09-01,van,other,1
2009-10-01,van,other,8
2009-11-01,van,other,2
2009-12-01,van,other,3
2010-01-01,van,other,1
2010-03-01,van,other,6
2010-04-01,van,other,4
2010-06-01,van,other,1
2010-07-01,van,other,2
2010-08-01,van,other,1
2010-09-01,van,other,1
2010-11-01,van,other,2
2011-02-01,van,other,1
2011-03-01,van,other,5
2011-04-01,van,other,2
2011-05-01,van,other,1
2011-06-01,van,other,4
2011-07-01,van,other,1
2011-11-01,van,other,2
2011-12-01,van,other,1
2012-01-01,van,other,2
2012-03-01,van,other,5
2012-04-01,van,other,3
2012-05-01,van,other,1
2012-07-01,van,other,1
2012-08-01,van,other,1
2012-11-01,van,other,1
2013-01-01,van,other,1
2013-02-01,van,other,3
2013-03-01,van,other,5
2013-04-01,van,other,1
2013-05-01,van,other,1
2013-07-01,van,other,2
2013-08-01,van,other,1
2013-09-01,van,other,3
2013-10-01,van,other,1
2013-11-01,van,other,4
2014-01-01,van,other,5
2014-03-01,van,other,2
2014-04-01,van,other,1
2014-05-01,van,other,2
2014-06-01,van,other,13
2014-07-01,van,other,6
2014-08-01,van,other,2
2014-09-01,van,other,4
2014-11-01,van,other,1
2014-12-01,van,other,1
2015-03-01,van,other,1
2015-04-01,van,other,1
2015-05-01,van,other,1
2015-06-01,van,other,1
2015-08-01,van,other,1
2015-09-01,van,other,2
2015-11-01,van,other,1
2016-03-01,van,other,3
2016-04-01,van,other,11
2000-01-01,van,petrol,85
2000-02-01,van,petrol,60
2000-03-01,van,petrol,100
2000-04-01,van,petrol,64
2000-05-01,van,petrol,114
2000-06-01,van,petrol,119
2000-07-01,van,petrol,64
2000-08-01,van,petrol,83
2000-09-01,van,petrol,63
2000-10-01,van,petrol,58
2000-11-01,van,petrol,80
2000-12-01,van,petrol,36
2001-01-01,van,petrol,49
2001-02-01,van,petrol,36
2001-03-01,van,petrol,80
2001-04-01,van,petrol,73
2001-05-01,van,petrol,81
2001-06-01,van,petrol,56
2001-07-01,van,petrol,139
2001-08-01,van,petrol,156
2001-09-01,van,petrol,96
2001-10-01,van,petrol,111
2001-11-01,van,petrol,95
2001-12-01,van,petrol,63
2002-01-01,van,petrol,100
2002-02-01,van,petrol,72
2002-03-01,van,petrol,122
2002-04-01,van,petrol,124
2002-05-01,van,petrol,103
2002-06-01,van,petrol,129
2002-07-01,van,petrol,121
2002-08-01,van,petrol,117
2002-09-01,van,petrol,128
2002-10-01,van,petrol,126
2002-11-01,van,petrol,112
2002-12-01,van,petrol,83
2003-01-01,van,petrol,151
2003-02-01,van,petrol,73
2003-03-01,van,petrol,125
2003-04-01,van,petrol,120
2003-05-01,van,petrol,99
2003-06-01,van,petrol,126
2003-07-01,van,petrol,157
2003-08-01,van,petrol,158
2003-09-01,van,petrol,145
2003-10-01,van,petrol,157
2003-11-01,van,petrol,99
2003-12-01,van,petrol,115
2004-01-01,van,petrol,103
2004-02-01,van,petrol,77
2004-03-01,van,petrol,126
2004-04-01,van,petrol,137
2004-05-01,van,petrol,112
2004-06-01,van,petrol,112
2004-07-01,van,petrol,131
2004-08-01,van,petrol,160
2004-09-01,van,petrol,142
2004-10-01,van,petrol,169
2004-11-01,van,petrol,95
2004-12-01,van,petrol,129
2005-01-01,van,petrol,99
2005-02-01,van,petrol,97
2005-03-01,van,petrol,152
2005-04-01,van,petrol,180
2005-05-01,van,petrol,215
2005-06-01,van,petrol,203
2005-07-01,van,petrol,190
2005-08-01,van,petrol,186
2005-09-01,van,petrol,116
2005-10-01,van,petrol,156
2005-11-01,van,petrol,176
2005-12-01,van,petrol,135
2006-01-01,van,petrol,102
2006-02-01,van,petrol,93
2006-03-01,van,petrol,179
2006-04-01,van,petrol,136
2006-05-01,van,petrol,178
2006-06-01,van,petrol,220
2006-07-01,van,petrol,229
2006-08-01,van,petrol,171
2006-09-01,van,petrol,222
2006-10-01,van,petrol,261
2006-11-01,van,petrol,166
2006-12-01,van,petrol,205
2007-01-01,van,petrol,181
2007-02-01,van,petrol,102
2007-03-01,van,petrol,143
2007-04-01,van,petrol,142
2007-05-01,van,petrol,188
2007-06-01,van,petrol,115
2007-07-01,van,petrol,111
2007-08-01,van,petrol,165
2007-09-01,van,petrol,116
2007-10-01,van,petrol,133
2007-11-01,van,petrol,125
2007-12-01,van,petrol,80
2008-01-01,van,petrol,90
2008-02-01,van,petrol,70
2008-03-01,van,petrol,120
2008-04-01,van,petrol,133
2008-05-01,van,petrol,151
2008-06-01,van,petrol,132
2008-07-01,van,petrol,162
2008-08-01,van,petrol,112
2008-09-01,van,petrol,82
2008-10-01,van,petrol,123
2008-11-01,van,petrol,127
2008-12-01,van,petrol,135
2009-01-01,van,petrol,66
2009-02-01,van,petrol,93
2009-03-01,van,petrol,109
2009-04-01,van,petrol,141
2009-05-01,van,petrol,170
2009-06-01,van,petrol,118
2009-07-01,van,petrol,127
2009-08-01,van,petrol,107
2009-09-01,van,petrol,88
2009-10-01,van,petrol,140
2009-11-01,van,petrol,137
2009-12-01,van,petrol,72
2010-01-01,van,petrol,65
2010-02-01,van,petrol,96
2010-03-01,van,petrol,79
2010-04-01,van,petrol,48
2010-05-01,van,petrol,108
2010-06-01,van,petrol,228
2010-07-01,van,petrol,140
2010-08-01,van,petrol,17
2010-09-01,van,petrol,27
2010-10-01,van,petrol,24
2010-11-01,van,petrol,21
2010-12-01,van,petrol,9
2011-01-01,van,petrol,6
2011-02-01,van,petrol,4
2011-03-01,van,petrol,53
2011-04-01,van,petrol,78
2011-05-01,van,petrol,46
2011-06-01,van,petrol,43
2011-07-01,van,petrol,71
2011-08-01,van,petrol,77
2011-09-01,van,petrol,83
2011-10-01,van,petrol,64
2011-11-01,van,petrol,59
2011-12-01,van,petrol,132
2012-01-01,van,petrol,87
2012-02-01,van,petrol,69
2012-03-01,van,petrol,268
2012-04-01,van,petrol,161
2012-05-01,van,petrol,120
2012-06-01,van,petrol,201
2012-07-01,van,petrol,153
2012-08-01,van,petrol,111
2012-09-01,van,petrol,139
2012-10-01,van,petrol,155
2012-11-01,van,petrol,223
2012-12-01,van,petrol,200
2013-01-01,van,petrol,98
2013-02-01,van,petrol,105
2013-03-01,van,petrol,148
2013-04-01,van,petrol,210
2013-05-01,van,petrol,143
2013-06-01,van,petrol,146
2013-07-01,van,petrol,205
2013-08-01,van,petrol,138
2013-09-01,van,petrol,218
2013-10-01,van,petrol,311
2013-11-01,van,petrol,163
2013-12-01,van,petrol,125
2014-01-01,van,petrol,127
2014-02-01,van,petrol,97
2014-03-01,van,petrol,130
2014-04-01,van,petrol,160
2014-05-01,van,petrol,133
2014-06-01,van,petrol,190
2014-07-01,van,petrol,155
2014-08-01,van,petrol,85
2014-09-01,van,petrol,310
2014-10-01,van,petrol,226
2014-11-01,van,petrol,157
2014-12-01,van,petrol,176
2015-01-01,van,petrol,235
2015-02-01,van,petrol,107
2015-03-01,van,petrol,210
2015-04-01,van,petrol,113
2015-05-01,van,petrol,134
2015-06-01,van,petrol,116
2015-07-01,van,petrol,202
2015-08-01,van,petrol,139
2015-09-01,van,petrol,126
2015-10-01,van,petrol,178
2015-11-01,van,petrol,232
2015-12-01,van,petrol,127
2016-01-01,van,petrol,151
2016-02-01,van,petrol,102
2016-03-01,van,petrol,208
2016-04-01,van,petrol,183
2016-05-01,van,petrol,111
2016-06-01,van,petrol,156
2016-07-01,van,petrol,103
2016-08-01,van,petrol,114
2016-09-01,van,petrol,127
2016-10-01,van,petrol,140
2016-11-01,van,petrol,288
2016-12-01,van,petrol,247
2017-01-01,van,petrol,99
2017-02-01,van,petrol,103
2017-03-01,van,petrol,159
2017-04-01,van,petrol,115
2017-05-01,van,petrol,127
2017-06-01,van,petrol,133
2017-07-01,van,petrol,115
2017-08-01,van,petrol,148
2017-09-01,van,petrol,117
2017-10-01,van,petrol,157
2017-11-01,van,petrol,278
2017-12-01,van,petrol,208
2018-01-01,van,petrol,98
2018-02-01,van,petrol,62
2018-03-01,van,petrol,146
2018-04-01,van,petrol,119
2018-05-01,van,petrol,92
2018-06-01,van,petrol,95
2018-07-01,van,petrol,128
2018-08-01,van,petrol,337
2018-09-01,van,petrol,135
2018-10-01,van,petrol,110
2018-11-01,van,petrol,103
2018-12-01,van,petrol,176
2019-01-01,van,petrol,96
2019-02-01,van,petrol,62
2019-03-01,van,petrol,150
2019-04-01,van,petrol,102
2019-05-01,van,petrol,120
2019-06-01,van,petrol,104
2019-07-01,van,petrol,134
2019-08-01,van,petrol,171
2019-09-01,van,petrol,178
2019-10-01,van,petrol,154
2019-11-01,van,petrol,267
2019-12-01,van,petrol,140
2020-01-01,van,petrol,74
2020-02-01,van,petrol,101
2020-03-01,van,petrol,82
2020-05-01,van,petrol,108
2020-06-01,van,petrol,104
2020-07-01,van,petrol,138
2020-08-01,van,petrol,154
2020-09-01,van,petrol,235
2020-10-01,van,petrol,144
2020-11-01,van,petrol,171
2020-12-01,van,petrol,247
2021-01-01,van,petrol,100
2021-02-01,van,petrol,113
2021-03-01,van,petrol,154
2021-04-01,van,petrol,165
2021-05-01,van,petrol,131
2021-06-01,van,petrol,1
2021-07-01,van,petrol,63
2021-08-01,van,petrol,93
2021-09-01,van,petrol,196
2021-10-01,van,petrol,261
2021-11-01,van,petrol,223
2021-12-01,van,petrol,253
2022-01-01,van,petrol,203
2022-02-01,van,petrol,147
2022-03-01,van,petrol,211
2022-04-01,van,petrol,138
2022-05-01,van,petrol,128
2022-06-01,van,petrol,194
2022-07-01,van,petrol,153
2022-08-01,van,petrol,165
2022-09-01,van,petrol,149
2022-10-01,van,petrol,162
2022-11-01,van,petrol,84
2022-12-01,van,petrol,93
2023-01-01,van,petrol,59
2023-02-01,van,petrol,119
2023-03-01,van,petrol,153
2023-04-01,van,petrol,90
2023-05-01,van,petrol,90
2023-06-01,van,petrol,100
2023-07-01,van,petrol,113
2023-08-01,van,petrol,124
2023-09-01,van,petrol,136
2023-10-01,van,petrol,122
2023-11-01,van,petrol,113
2023-12-01,van,petrol,95
2024-01-01,van,petrol,109
2024-02-01,van,petrol,79
2024-03-01,van,petrol,112
2024-04-01,van,petrol,99
2024-05-01,van,petrol,151
2024-06-01,van,petrol,169
2024-07-01,van,petrol,132
2024-08-01,van,petrol,129
2024-09-01,van,petrol,72
2024-10-01,van,petrol,126
2024-11-01,van,petrol,124
2024-12-01,van,petrol,106
2025-01-01,van,petrol,45
2025-02-01,van,petrol,43
2025-03-01,van,petrol,109
2025-04-01,van,petrol,92
2025-05-01,van,petrol,112
2025-06-01,van,petrol,91
2025-07-01,van,petrol,129
2025-08-01,van,petrol,105
2025-09-01,van,petrol,82
2025-10-01,van,petrol,121
2025-11-01,van,petrol,157
2025-12-01,van,petrol,115
2026-01-01,van,petrol,75
2026-02-01,van,petrol,70
2026-03-01,van,petrol,71
2026-04-01,van,petrol,129
